Nodos;1;94;186;276;367;732;1099;1463;1828;2193;2559;2926;3290;3654;4385;5481;;;;;
30/06/2016;5.93%;5.97%;6.06%;6.06%;5.95%;5.81%;5.67%;5.57%;5.72%;6.03%;6.36%;6.79%;7.28%;7.79%;8.32%;9.04%;10.56%;12.45%;16.95%;21.78%;21.78%
01/07/2016;5.93%;5.97%;6.06%;6.07%;5.96%;5.84%;5.69%;5.65%;5.80%;6.09%;6.42%;6.72%;7.36%;7.67%;8.20%;8.92%;10.57%;12.46%;16.96%;21.80%;21.80%
04/07/2016;5.93%;5.97%;6.06%;6.07%;5.96%;5.84%;5.69%;5.65%;5.80%;6.09%;6.42%;6.72%;7.36%;7.67%;8.20%;8.92%;10.57%;12.46%;16.96%;21.80%;21.80%
05/07/2016;5.93%;5.99%;6.06%;6.10%;6.01%;5.90%;5.74%;5.68%;5.82%;6.09%;6.42%;6.81%;7.29%;7.80%;8.33%;9.08%;10.23%;11.91%;16.18%;20.74%;20.74%
06/07/2016;5.93%;5.99%;6.12%;6.17%;6.09%;5.97%;5.82%;5.77%;5.90%;6.11%;6.43%;6.82%;7.25%;7.78%;8.31%;9.10%;10.22%;11.90%;16.17%;20.73%;20.73%
07/07/2016;5.93%;6.04%;6.19%;6.25%;6.18%;6.05%;5.89%;5.83%;5.97%;6.19%;6.49%;6.90%;7.34%;7.83%;8.33%;9.11%;10.29%;11.94%;16.24%;20.83%;20.83%
08/07/2016;5.92%;6.04%;6.17%;6.25%;6.19%;6.06%;5.91%;5.82%;5.92%;6.15%;6.43%;6.82%;7.24%;7.76%;8.19%;8.98%;10.20%;11.84%;16.07%;20.58%;20.58%
11/07/2016;5.92%;6.05%;6.16%;6.26%;6.21%;6.07%;5.92%;5.87%;5.97%;6.19%;6.50%;6.89%;7.32%;7.87%;8.34%;9.10%;10.31%;11.80%;16.04%;20.58%;20.58%
12/07/2016;5.91%;6.03%;6.18%;6.25%;6.23%;6.10%;5.97%;5.90%;5.98%;6.25%;6.57%;6.95%;7.35%;7.81%;8.32%;9.09%;10.30%;11.77%;15.99%;20.51%;20.51%
13/07/2016;5.91%;6.04%;6.19%;6.28%;6.26%;6.16%;6.00%;5.95%;6.04%;6.30%;6.63%;6.98%;7.42%;7.87%;8.39%;9.17%;10.38%;11.94%;16.25%;20.87%;20.87%
14/07/2016;5.91%;6.06%;6.20%;6.28%;6.30%;6.18%;6.04%;5.96%;6.04%;6.32%;6.60%;6.99%;7.44%;7.93%;8.43%;9.20%;10.35%;11.89%;16.18%;20.77%;20.77%
15/07/2016;5.90%;6.09%;6.20%;6.30%;6.29%;6.20%;6.07%;5.99%;6.08%;6.32%;6.63%;6.99%;7.45%;7.93%;8.46%;9.20%;10.41%;11.94%;16.25%;20.88%;20.88%
18/07/2016;5.89%;6.06%;6.18%;6.26%;6.26%;6.16%;6.05%;6.00%;6.09%;6.30%;6.64%;7.00%;7.48%;7.96%;8.45%;9.21%;10.44%;11.94%;16.26%;20.90%;20.90%
19/07/2016;5.89%;6.07%;6.16%;6.25%;6.24%;6.14%;6.03%;5.98%;6.06%;6.28%;6.61%;6.97%;7.46%;7.93%;8.39%;9.11%;10.42%;11.91%;16.21%;20.82%;20.82%
20/07/2016;5.89%;6.07%;6.16%;6.25%;6.24%;6.14%;6.03%;5.98%;6.06%;6.28%;6.61%;6.97%;7.46%;7.93%;8.39%;9.11%;10.42%;11.91%;16.21%;20.82%;20.82%
21/07/2016;5.89%;6.06%;6.14%;6.20%;6.19%;6.05%;5.93%;5.91%;5.97%;6.15%;6.49%;6.83%;7.28%;7.80%;8.21%;8.85%;10.25%;11.72%;15.91%;20.37%;20.37%
22/07/2016;5.88%;6.06%;6.15%;6.20%;6.21%;6.08%;5.98%;5.91%;5.96%;6.12%;6.44%;6.75%;7.18%;7.64%;8.05%;8.72%;10.15%;11.58%;15.69%;20.05%;20.05%
25/07/2016;5.89%;6.08%;6.17%;6.25%;6.26%;6.14%;6.04%;6.00%;6.07%;6.27%;6.58%;6.95%;7.34%;7.79%;8.27%;8.94%;10.42%;11.90%;16.19%;20.77%;20.77%
26/07/2016;5.89%;6.10%;6.16%;6.22%;6.20%;6.12%;6.02%;5.99%;6.06%;6.27%;6.60%;6.98%;7.39%;7.83%;8.31%;8.99%;10.31%;11.78%;16.01%;20.54%;20.54%
27/07/2016;5.88%;6.06%;6.17%;6.24%;6.20%;6.11%;6.02%;6.00%;6.05%;6.29%;6.65%;6.91%;7.37%;7.84%;8.23%;8.94%;10.27%;11.73%;15.94%;20.43%;20.43%
28/07/2016;5.88%;6.08%;6.18%;6.24%;6.23%;6.14%;6.05%;6.01%;6.06%;6.27%;6.60%;6.98%;7.33%;7.79%;8.24%;8.86%;10.23%;11.69%;15.87%;20.34%;20.34%
29/07/2016;5.87%;6.08%;6.16%;6.23%;6.19%;6.11%;6.00%;5.98%;6.02%;6.22%;6.57%;6.95%;7.37%;7.85%;8.16%;8.83%;10.20%;11.64%;15.81%;20.24%;20.24%
01/08/2016;6.15%;6.17%;6.26%;6.32%;6.28%;6.17%;6.07%;6.04%;6.09%;6.32%;6.62%;7.00%;7.41%;7.87%;8.26%;8.92%;10.18%;11.73%;15.93%;20.43%;20.43%
02/08/2016;6.14%;6.18%;6.26%;6.32%;6.27%;6.17%;6.07%;6.04%;6.10%;6.31%;6.61%;7.00%;7.43%;7.89%;8.31%;8.94%;10.15%;11.77%;15.99%;20.51%;20.51%
03/08/2016;6.16%;6.18%;6.25%;6.28%;6.23%;6.14%;6.03%;6.00%;6.08%;6.29%;6.59%;6.96%;7.40%;7.81%;8.25%;8.88%;10.10%;11.65%;15.82%;20.26%;20.26%
04/08/2016;6.16%;6.19%;6.25%;6.30%;6.23%;6.13%;6.01%;5.98%;6.05%;6.26%;6.57%;6.91%;7.34%;7.74%;8.18%;8.80%;9.98%;11.53%;15.64%;20.00%;20.00%
05/08/2016;6.17%;6.21%;6.32%;6.41%;6.31%;6.17%;6.08%;6.06%;6.14%;6.36%;6.66%;6.98%;7.36%;7.79%;8.27%;8.87%;9.98%;11.57%;15.70%;20.09%;20.09%
08/08/2016;6.17%;6.21%;6.32%;6.39%;6.28%;6.18%;6.10%;6.09%;6.14%;6.34%;6.65%;6.97%;7.32%;7.76%;8.23%;8.86%;9.92%;11.51%;15.62%;19.99%;19.99%
09/08/2016;6.18%;6.25%;6.32%;6.36%;6.29%;6.18%;6.07%;6.04%;6.10%;6.32%;6.63%;6.99%;7.37%;7.81%;8.19%;8.82%;9.84%;11.46%;15.54%;19.88%;19.88%
10/08/2016;6.18%;6.23%;6.29%;6.31%;6.27%;6.16%;6.04%;6.02%;6.08%;6.30%;6.60%;6.94%;7.30%;7.71%;8.09%;8.93%;9.71%;11.30%;15.31%;19.55%;19.55%
11/08/2016;6.18%;6.25%;6.29%;6.33%;6.29%;6.21%;6.10%;6.05%;6.11%;6.31%;6.63%;6.94%;7.35%;7.73%;8.10%;8.75%;9.65%;11.20%;15.15%;19.33%;19.33%
12/08/2016;6.18%;6.25%;6.29%;6.33%;6.28%;6.18%;6.08%;6.02%;6.07%;6.24%;6.58%;6.90%;7.32%;7.63%;8.00%;8.65%;9.68%;11.15%;15.08%;19.23%;19.23%
15/08/2016;6.18%;6.25%;6.29%;6.33%;6.28%;6.18%;6.08%;6.02%;6.07%;6.24%;6.58%;6.90%;7.32%;7.63%;8.00%;8.65%;9.68%;11.15%;15.08%;19.23%;19.23%
16/08/2016;6.19%;6.25%;6.30%;6.35%;6.28%;6.14%;6.05%;6.00%;6.07%;6.20%;6.49%;6.82%;7.26%;7.64%;7.98%;8.57%;9.62%;11.17%;15.09%;19.24%;19.24%
17/08/2016;6.19%;6.25%;6.31%;6.35%;6.25%;6.14%;6.04%;6.00%;6.02%;6.18%;6.45%;6.76%;7.17%;7.48%;7.86%;8.45%;9.49%;11.00%;14.85%;18.89%;18.89%
18/08/2016;6.19%;6.26%;6.29%;6.31%;6.22%;6.11%;6.02%;5.93%;5.93%;6.09%;6.33%;6.63%;7.01%;7.31%;7.68%;8.24%;9.42%;10.93%;14.72%;18.69%;18.69%
19/08/2016;6.19%;6.31%;6.32%;6.35%;6.24%;6.14%;6.02%;5.95%;5.94%;6.03%;6.27%;6.60%;6.96%;7.36%;7.73%;8.25%;9.37%;10.90%;14.68%;18.63%;18.63%
22/08/2016;6.19%;6.30%;6.32%;6.33%;6.23%;6.14%;6.00%;5.92%;5.91%;6.01%;6.26%;6.59%;6.92%;7.33%;7.65%;8.22%;9.39%;10.94%;14.73%;18.69%;18.69%
23/08/2016;6.20%;6.31%;6.33%;6.36%;6.26%;6.15%;5.99%;5.91%;5.91%;6.00%;6.26%;6.59%;6.91%;7.32%;7.68%;8.20%;9.46%;10.93%;14.71%;18.67%;18.67%
24/08/2016;6.20%;6.30%;6.34%;6.38%;6.27%;6.16%;6.00%;5.90%;5.84%;5.93%;6.19%;6.58%;6.89%;7.28%;7.66%;8.19%;9.45%;10.91%;14.68%;18.63%;18.63%
25/08/2016;6.19%;6.27%;6.32%;6.35%;6.24%;6.12%;5.96%;5.86%;5.78%;5.88%;6.12%;6.49%;6.81%;7.23%;7.60%;8.11%;9.38%;10.89%;14.64%;18.56%;18.56%
26/08/2016;6.19%;6.29%;6.33%;6.37%;6.26%;6.14%;5.99%;5.87%;5.80%;5.95%;6.19%;6.51%;6.87%;7.27%;7.69%;8.22%;9.32%;10.79%;14.50%;18.38%;18.38%
29/08/2016;6.18%;6.25%;6.31%;6.33%;6.23%;6.09%;5.95%;5.86%;5.78%;5.93%;6.16%;6.56%;6.92%;7.31%;7.78%;8.31%;9.35%;10.86%;14.61%;18.54%;18.54%
30/08/2016;6.16%;6.24%;6.29%;6.33%;6.24%;6.10%;5.93%;5.83%;5.79%;5.92%;6.18%;6.60%;7.00%;7.39%;7.90%;8.42%;9.39%;11.02%;14.84%;18.85%;18.85%
31/08/2016;6.16%;6.25%;6.31%;6.33%;6.25%;6.13%;5.94%;5.84%;5.79%;5.90%;6.16%;6.56%;6.95%;7.32%;7.79%;8.35%;9.36%;11.04%;14.86%;18.87%;18.87%
01/09/2016;6.16%;6.21%;6.23%;6.24%;6.17%;6.05%;5.84%;5.74%;5.70%;5.83%;6.11%;6.51%;6.91%;7.28%;7.76%;8.36%;9.38%;11.03%;14.85%;18.84%;18.84%
02/09/2016;6.17%;6.21%;6.23%;6.24%;6.15%;6.03%;5.82%;5.70%;5.66%;5.80%;6.05%;6.47%;6.87%;7.25%;7.73%;8.32%;9.42%;11.06%;14.88%;18.87%;18.87%
05/09/2016;6.17%;6.21%;6.23%;6.23%;6.13%;6.01%;5.80%;5.65%;5.63%;5.77%;6.02%;6.44%;6.83%;7.22%;7.71%;8.29%;9.37%;10.99%;14.78%;18.75%;18.75%
06/09/2016;6.17%;6.18%;6.18%;6.09%;5.90%;5.75%;5.58%;5.39%;5.39%;5.54%;5.78%;6.20%;6.58%;6.93%;7.37%;8.00%;8.97%;10.56%;14.13%;17.81%;17.81%
07/09/2016;6.16%;6.17%;6.18%;6.07%;5.88%;5.76%;5.54%;5.38%;5.37%;5.51%;5.74%;6.11%;6.50%;6.88%;7.28%;7.95%;8.94%;10.50%;14.03%;17.67%;17.67%
08/09/2016;6.16%;6.18%;6.20%;6.09%;5.90%;5.78%;5.56%;5.37%;5.30%;5.49%;5.77%;6.16%;6.55%;6.88%;7.42%;8.00%;8.94%;10.50%;14.04%;17.69%;17.69%
09/09/2016;6.17%;6.22%;6.23%;6.17%;5.99%;5.84%;5.68%;5.53%;5.47%;5.61%;5.90%;6.30%;6.70%;7.03%;7.74%;8.28%;9.21%;10.73%;14.40%;18.20%;18.20%
12/09/2016;6.18%;6.21%;6.23%;6.16%;6.01%;5.85%;5.66%;5.52%;5.44%;5.58%;5.87%;6.27%;6.69%;7.06%;7.67%;8.26%;9.22%;10.83%;14.53%;18.38%;18.38%
13/09/2016;6.17%;6.20%;6.23%;6.19%;6.02%;5.92%;5.71%;5.58%;5.48%;5.65%;5.92%;6.37%;6.80%;7.18%;7.83%;8.54%;9.42%;11.01%;14.80%;18.78%;18.78%
14/09/2016;6.17%;6.19%;6.22%;6.20%;6.00%;5.90%;5.67%;5.53%;5.44%;5.58%;5.86%;6.27%;6.75%;7.22%;7.78%;8.46%;9.48%;11.02%;14.82%;18.78%;18.78%
15/09/2016;6.17%;6.19%;6.22%;6.21%;6.02%;5.89%;5.68%;5.52%;5.45%;5.63%;5.90%;6.33%;6.77%;7.24%;7.80%;8.50%;9.49%;11.00%;14.79%;18.75%;18.75%
16/09/2016;6.17%;6.18%;6.20%;6.13%;5.97%;5.83%;5.60%;5.46%;5.39%;5.57%;5.85%;6.33%;6.78%;7.27%;7.88%;8.51%;9.58%;11.08%;14.91%;18.91%;18.91%
19/09/2016;6.17%;6.19%;6.20%;6.09%;5.91%;5.79%;5.54%;5.40%;5.34%;5.52%;5.89%;6.30%;6.76%;7.26%;7.86%;8.47%;9.60%;11.03%;14.82%;18.80%;18.80%
20/09/2016;6.17%;6.19%;6.20%;6.08%;5.90%;5.76%;5.50%;5.38%;5.32%;5.53%;5.82%;6.24%;6.70%;7.17%;7.74%;8.35%;9.46%;11.01%;14.79%;18.74%;18.74%
21/09/2016;6.17%;6.18%;6.19%;6.06%;5.85%;5.69%;5.43%;5.32%;5.29%;5.48%;5.77%;6.23%;6.68%;7.14%;7.73%;8.35%;9.41%;10.98%;14.73%;18.65%;18.65%
22/09/2016;6.17%;6.17%;6.20%;6.12%;5.90%;5.68%;5.44%;5.26%;5.25%;5.46%;5.71%;6.16%;6.59%;7.02%;7.56%;8.14%;9.18%;10.70%;14.32%;18.08%;18.08%
23/09/2016;6.17%;6.17%;6.20%;6.12%;5.90%;5.67%;5.43%;5.26%;5.23%;5.45%;5.72%;6.13%;6.58%;7.02%;7.54%;8.13%;9.19%;10.78%;14.43%;18.21%;18.21%
26/09/2016;6.17%;6.16%;6.20%;6.15%;5.93%;5.71%;5.45%;5.30%;5.26%;5.47%;5.74%;6.16%;6.60%;7.02%;7.56%;8.18%;9.21%;10.81%;14.48%;18.29%;18.29%
27/09/2016;6.17%;6.18%;6.21%;6.13%;5.94%;5.72%;5.43%;5.26%;5.23%;5.42%;5.69%;6.14%;6.55%;6.97%;7.53%;8.11%;9.19%;10.85%;14.53%;18.35%;18.35%
28/09/2016;6.17%;6.20%;6.21%;6.15%;5.96%;5.74%;5.45%;5.27%;5.22%;5.43%;5.69%;6.15%;6.53%;6.98%;7.52%;8.08%;9.19%;10.85%;14.53%;18.35%;18.35%
29/09/2016;6.16%;6.21%;6.22%;6.16%;5.94%;5.75%;5.43%;5.27%;5.21%;5.42%;5.69%;6.16%;6.51%;6.96%;7.47%;8.07%;9.21%;10.89%;14.58%;18.41%;18.41%
30/09/2016;6.16%;6.20%;6.22%;6.17%;5.95%;5.76%;5.44%;5.25%;5.21%;5.41%;5.69%;6.08%;6.53%;6.94%;7.45%;8.06%;9.22%;10.92%;14.63%;18.47%;18.47%
03/10/2016;6.16%;6.19%;6.22%;6.15%;5.97%;5.80%;5.50%;5.32%;5.34%;5.58%;5.88%;6.26%;6.74%;7.22%;7.71%;8.35%;9.54%;11.40%;15.34%;19.48%;19.48%
04/10/2016;6.17%;6.19%;6.21%;6.15%;5.96%;5.81%;5.52%;5.36%;5.35%;5.60%;5.93%;6.36%;6.82%;7.29%;7.83%;8.50%;9.68%;11.52%;15.53%;19.75%;19.75%
05/10/2016;6.17%;6.19%;6.19%;6.13%;5.94%;5.77%;5.48%;5.31%;5.28%;5.51%;5.85%;6.31%;6.73%;7.18%;7.71%;8.34%;9.59%;11.55%;15.55%;19.75%;19.75%
06/10/2016;6.17%;6.19%;6.20%;6.09%;5.88%;5.70%;5.40%;5.21%;5.16%;5.38%;5.76%;6.19%;6.60%;7.07%;7.58%;8.14%;9.43%;11.39%;15.29%;19.38%;19.38%
07/10/2016;6.16%;6.19%;6.19%;6.09%;5.89%;5.69%;5.42%;5.23%;5.18%;5.39%;5.74%;6.16%;6.58%;7.04%;7.61%;8.20%;9.41%;11.32%;15.20%;19.25%;19.25%
10/10/2016;6.16%;6.18%;6.18%;6.07%;5.87%;5.66%;5.37%;5.17%;5.12%;5.31%;5.63%;6.02%;6.46%;6.86%;7.41%;7.99%;9.18%;11.03%;14.76%;18.64%;18.64%
11/10/2016;6.16%;6.19%;6.17%;6.05%;5.82%;5.63%;5.33%;5.15%;5.07%;5.25%;5.61%;5.98%;6.42%;6.85%;7.38%;7.96%;9.22%;10.86%;14.53%;18.32%;18.32%
12/10/2016;6.16%;6.18%;6.18%;6.05%;5.84%;5.64%;5.34%;5.16%;5.09%;5.31%;5.65%;6.04%;6.45%;6.90%;7.45%;8.05%;9.32%;10.99%;14.71%;18.58%;18.58%
13/10/2016;6.16%;6.18%;6.17%;6.05%;5.84%;5.65%;5.34%;5.16%;5.10%;5.30%;5.64%;6.04%;6.44%;6.89%;7.44%;8.03%;9.33%;11.00%;14.73%;18.60%;18.60%
14/10/2016;6.16%;6.18%;6.18%;6.04%;5.84%;5.64%;5.34%;5.14%;5.07%;5.27%;5.60%;5.99%;6.42%;6.86%;7.35%;7.96%;9.28%;10.78%;14.41%;18.18%;18.18%
17/10/2016;6.16%;6.18%;6.18%;6.04%;5.84%;5.64%;5.34%;5.14%;5.07%;5.27%;5.60%;5.99%;6.42%;6.86%;7.35%;7.96%;9.28%;10.78%;14.41%;18.18%;18.18%
18/10/2016;6.17%;6.18%;6.18%;6.03%;5.82%;5.61%;5.32%;5.13%;5.06%;5.26%;5.59%;5.97%;6.37%;6.77%;7.29%;7.90%;9.19%;10.72%;14.32%;18.04%;18.04%
19/10/2016;6.17%;6.17%;6.17%;6.03%;5.81%;5.61%;5.33%;5.14%;5.10%;5.30%;5.65%;6.02%;6.44%;6.80%;7.32%;8.03%;9.29%;10.77%;14.40%;18.16%;18.16%
20/10/2016;6.17%;6.18%;6.18%;6.03%;5.79%;5.60%;5.31%;5.13%;5.07%;5.30%;5.62%;5.98%;6.41%;6.77%;7.28%;7.96%;9.27%;10.66%;14.24%;17.94%;17.94%
21/10/2016;6.18%;6.16%;6.15%;6.06%;5.86%;5.66%;5.34%;5.16%;5.14%;5.34%;5.69%;6.06%;6.48%;6.87%;7.38%;8.08%;9.35%;10.66%;13.48%;16.98%;16.98%
24/10/2016;6.17%;6.17%;6.18%;6.06%;5.88%;5.69%;5.39%;5.21%;5.16%;5.36%;5.73%;6.11%;6.52%;6.93%;7.44%;8.12%;9.37%;10.69%;13.52%;17.04%;17.04%
25/10/2016;6.16%;6.17%;6.19%;6.08%;5.91%;5.73%;5.45%;5.26%;5.25%;5.44%;5.76%;6.17%;6.63%;7.04%;7.61%;8.23%;9.50%;10.88%;13.79%;17.42%;17.42%
26/10/2016;6.16%;6.18%;6.19%;6.09%;5.93%;5.75%;5.45%;5.27%;5.24%;5.47%;5.80%;6.21%;6.64%;7.07%;7.60%;8.24%;9.49%;10.91%;13.83%;17.48%;17.48%
27/10/2016;6.16%;6.17%;6.19%;6.11%;5.92%;5.77%;5.49%;5.35%;5.33%;5.55%;5.91%;6.30%;6.78%;7.13%;7.73%;8.35%;9.60%;11.07%;14.06%;17.79%;17.79%
28/10/2016;6.16%;6.18%;6.18%;6.10%;5.92%;5.77%;5.48%;5.33%;5.35%;5.61%;5.94%;6.37%;6.80%;7.22%;7.78%;8.42%;9.60%;11.08%;14.08%;17.83%;17.83%
31/10/2016;6.16%;6.17%;6.18%;6.10%;5.89%;5.73%;5.45%;5.31%;5.35%;5.62%;5.95%;6.39%;6.86%;7.25%;7.82%;8.43%;9.63%;11.17%;14.20%;18.00%;18.00%
01/11/2016;6.16%;6.18%;6.20%;6.13%;5.94%;5.77%;5.55%;5.43%;5.48%;5.75%;6.11%;6.57%;7.05%;7.49%;8.04%;8.71%;9.83%;11.61%;14.81%;18.86%;18.86%
02/11/2016;6.16%;6.18%;6.17%;6.06%;5.87%;5.67%;5.45%;5.33%;5.39%;5.65%;6.03%;6.51%;6.96%;7.39%;7.94%;8.57%;9.73%;11.33%;14.43%;18.32%;18.32%
03/11/2016;6.16%;6.17%;6.17%;6.05%;5.85%;5.64%;5.43%;5.32%;5.38%;5.68%;6.06%;6.53%;6.98%;7.42%;8.00%;8.59%;9.73%;11.29%;14.39%;18.27%;18.27%
04/11/2016;6.16%;6.17%;6.17%;6.04%;5.83%;5.61%;5.38%;5.27%;5.39%;5.64%;6.00%;6.46%;6.93%;7.36%;7.91%;8.46%;9.64%;11.23%;14.28%;18.12%;18.12%
07/11/2016;6.16%;6.17%;6.17%;6.04%;5.83%;5.61%;5.38%;5.27%;5.39%;5.64%;6.00%;6.46%;6.93%;7.36%;7.91%;8.46%;9.64%;11.23%;14.28%;18.12%;18.12%
08/11/2016;6.16%;6.16%;6.13%;5.91%;5.67%;5.45%;5.20%;5.06%;5.15%;5.45%;5.79%;6.25%;6.70%;7.10%;7.64%;8.23%;9.30%;10.80%;13.68%;17.27%;17.27%
09/11/2016;6.16%;6.17%;6.15%;5.93%;5.68%;5.47%;5.24%;5.12%;5.22%;5.53%;5.95%;6.40%;6.86%;7.35%;7.89%;8.48%;9.53%;11.20%;14.23%;18.03%;18.03%
10/11/2016;6.16%;6.19%;6.16%;5.95%;5.73%;5.54%;5.33%;5.22%;5.37%;5.73%;6.20%;6.67%;7.16%;7.69%;8.27%;8.92%;10.11%;12.20%;15.62%;19.97%;19.97%
11/11/2016;6.16%;6.18%;6.18%;6.03%;5.81%;5.64%;5.43%;5.35%;5.52%;5.87%;6.34%;6.82%;7.34%;7.86%;8.49%;9.14%;10.32%;12.53%;16.10%;20.66%;20.66%
14/11/2016;6.16%;6.18%;6.18%;6.03%;5.81%;5.64%;5.43%;5.35%;5.52%;5.87%;6.34%;6.82%;7.34%;7.86%;8.49%;9.14%;10.32%;12.53%;16.10%;20.66%;20.66%
15/11/2016;6.16%;6.18%;6.19%;6.05%;5.84%;5.67%;5.45%;5.40%;5.59%;5.95%;6.36%;6.88%;7.39%;7.95%;8.59%;9.33%;10.40%;12.53%;16.11%;20.70%;20.70%
16/11/2016;6.16%;6.19%;6.19%;6.05%;5.86%;5.67%;5.46%;5.39%;5.58%;5.96%;6.42%;6.94%;7.43%;7.98%;8.60%;9.33%;10.38%;12.48%;16.06%;20.63%;20.63%
17/11/2016;6.16%;6.18%;6.20%;6.08%;5.88%;5.70%;5.49%;5.43%;5.64%;6.00%;6.45%;6.93%;7.49%;7.95%;8.59%;9.37%;10.50%;12.50%;16.08%;20.67%;20.67%
18/11/2016;6.16%;6.18%;6.20%;6.12%;5.91%;5.76%;5.55%;5.50%;5.73%;6.13%;6.63%;7.14%;7.70%;8.25%;8.95%;9.73%;10.73%;12.75%;16.48%;21.26%;21.26%
21/11/2016;6.16%;6.18%;6.20%;6.09%;5.89%;5.71%;5.51%;5.45%;5.69%;6.11%;6.60%;7.11%;7.69%;8.17%;8.83%;9.58%;10.68%;13.00%;16.80%;21.68%;21.68%
22/11/2016;6.16%;6.18%;6.21%;6.07%;5.87%;5.68%;5.47%;5.45%;5.67%;6.06%;6.57%;7.05%;7.65%;8.15%;8.79%;9.52%;10.73%;12.98%;16.76%;21.62%;21.62%
23/11/2016;6.16%;6.19%;6.20%;6.07%;5.90%;5.70%;5.51%;5.46%;5.69%;6.09%;6.59%;7.08%;7.66%;8.19%;8.86%;9.56%;10.78%;13.04%;16.85%;21.76%;21.76%
24/11/2016;6.16%;6.19%;6.20%;6.07%;5.88%;5.69%;5.47%;5.42%;5.69%;6.06%;6.56%;7.05%;7.63%;8.18%;8.80%;9.48%;10.72%;13.02%;16.81%;21.69%;21.69%
25/11/2016;6.16%;6.19%;6.19%;5.97%;5.78%;5.60%;5.37%;5.35%;5.57%;5.96%;6.46%;7.00%;7.54%;8.10%;8.74%;9.41%;10.60%;12.86%;16.57%;21.35%;21.35%
28/11/2016;6.16%;6.13%;6.13%;5.90%;5.68%;5.49%;5.25%;5.19%;5.41%;5.77%;6.27%;6.81%;7.36%;7.88%;8.50%;9.14%;10.29%;12.25%;15.72%;20.14%;20.14%
29/11/2016;6.16%;6.16%;6.12%;5.89%;5.67%;5.48%;5.23%;5.17%;5.36%;5.72%;6.20%;6.71%;7.23%;7.75%;8.37%;9.06%;10.19%;12.15%;15.57%;19.92%;19.92%
30/11/2016;6.16%;6.15%;6.13%;5.89%;5.67%;5.48%;5.22%;5.15%;5.34%;5.70%;6.16%;6.65%;7.20%;7.69%;8.31%;9.03%;10.08%;12.04%;15.41%;19.68%;19.68%
01/12/2016;6.16%;6.16%;6.14%;5.93%;5.71%;5.52%;5.27%;5.22%;5.43%;5.79%;6.30%;6.77%;7.39%;7.88%;8.51%;9.29%;10.60%;12.58%;16.17%;20.77%;20.77%
02/12/2016;6.16%;6.16%;6.14%;5.91%;5.71%;5.52%;5.26%;5.21%;5.40%;5.77%;6.26%;6.75%;7.31%;7.80%;8.47%;9.20%;10.49%;12.45%;15.98%;20.49%;20.49%
05/12/2016;6.16%;6.15%;6.12%;5.92%;5.71%;5.52%;5.26%;5.20%;5.41%;5.74%;6.18%;6.69%;7.25%;7.68%;8.36%;9.02%;10.38%;12.33%;15.81%;20.24%;20.24%
06/12/2016;6.16%;6.15%;6.12%;5.89%;5.69%;5.49%;5.23%;5.17%;5.35%;5.69%;6.13%;6.65%;7.17%;7.65%;8.31%;8.97%;10.37%;12.05%;15.43%;19.73%;19.73%
07/12/2016;6.16%;6.15%;6.11%;5.87%;5.67%;5.47%;5.21%;5.13%;5.32%;5.65%;6.06%;6.53%;7.01%;7.46%;8.10%;8.78%;10.18%;11.86%;15.15%;19.32%;19.32%
08/12/2016;6.16%;6.15%;6.11%;5.87%;5.67%;5.47%;5.21%;5.13%;5.32%;5.65%;6.06%;6.53%;7.01%;7.46%;8.10%;8.78%;10.18%;11.86%;15.15%;19.32%;19.32%
09/12/2016;6.16%;6.16%;6.10%;5.87%;5.66%;5.47%;5.20%;5.13%;5.34%;5.64%;6.07%;6.55%;7.12%;7.67%;8.27%;8.89%;10.42%;12.24%;15.68%;20.04%;20.04%
12/12/2016;6.17%;6.15%;6.09%;5.88%;5.66%;5.47%;5.21%;5.11%;5.29%;5.64%;6.07%;6.52%;7.09%;7.61%;8.20%;8.89%;10.06%;11.96%;15.28%;19.50%;19.50%
13/12/2016;6.17%;6.15%;6.10%;5.88%;5.65%;5.45%;5.18%;5.07%;5.24%;5.61%;6.00%;6.47%;7.01%;7.54%;8.17%;8.82%;10.03%;11.86%;15.14%;19.30%;19.30%
14/12/2016;6.17%;6.15%;6.11%;5.88%;5.65%;5.46%;5.18%;5.08%;5.25%;5.61%;6.02%;6.51%;7.07%;7.54%;8.19%;8.88%;10.13%;11.84%;15.13%;19.29%;19.29%
15/12/2016;6.17%;6.16%;6.12%;5.91%;5.69%;5.51%;5.22%;5.12%;5.31%;5.66%;6.08%;6.60%;7.17%;7.67%;8.31%;9.05%;10.34%;12.12%;15.51%;19.83%;19.83%
16/12/2016;6.16%;6.16%;6.10%;5.89%;5.66%;5.49%;5.23%;5.14%;5.28%;5.67%;6.13%;6.62%;7.19%;7.70%;8.38%;9.10%;10.32%;12.10%;15.50%;19.81%;19.81%
19/12/2016;5.93%;5.87%;5.72%;5.39%;5.16%;4.99%;4.74%;4.70%;4.87%;5.25%;5.71%;6.26%;6.79%;7.34%;8.00%;8.69%;9.92%;11.58%;14.72%;18.69%;18.69%
20/12/2016;5.94%;5.98%;5.74%;5.42%;5.19%;4.95%;4.78%;4.68%;4.87%;5.25%;5.69%;6.23%;6.72%;7.28%;7.92%;8.56%;9.76%;11.38%;14.45%;18.32%;18.32%
21/12/2016;5.93%;5.98%;5.75%;5.40%;5.14%;4.94%;4.73%;4.67%;4.85%;5.20%;5.63%;6.20%;6.71%;7.16%;7.89%;8.42%;9.75%;11.37%;14.42%;18.26%;18.26%
22/12/2016;5.93%;5.99%;5.74%;5.42%;5.17%;4.97%;4.75%;4.71%;4.90%;5.23%;5.67%;6.14%;6.70%;7.21%;7.82%;8.52%;9.76%;11.38%;14.44%;18.28%;18.28%
23/12/2016;5.94%;5.99%;5.78%;5.42%;5.17%;4.97%;4.73%;4.73%;4.90%;5.23%;5.67%;6.14%;6.70%;7.21%;7.83%;8.52%;9.76%;11.38%;14.44%;18.28%;18.28%
26/12/2016;5.94%;5.99%;5.77%;5.43%;5.17%;5.00%;4.73%;4.68%;4.89%;5.22%;5.67%;6.13%;6.69%;7.22%;7.84%;8.53%;9.77%;11.39%;14.46%;18.32%;18.32%
27/12/2016;5.94%;5.98%;5.74%;5.42%;5.19%;4.97%;4.74%;4.72%;4.87%;5.20%;5.68%;6.14%;6.65%;7.15%;7.82%;8.47%;9.80%;11.43%;14.51%;18.38%;18.38%
28/12/2016;5.93%;5.95%;5.73%;5.43%;5.20%;4.99%;4.78%;4.73%;4.89%;5.21%;5.62%;6.18%;6.63%;7.17%;7.79%;8.47%;9.81%;11.51%;14.61%;18.51%;18.51%
29/12/2016;5.94%;5.96%;5.73%;5.41%;5.17%;4.97%;4.77%;4.71%;4.89%;5.16%;5.63%;6.14%;6.59%;7.12%;7.79%;8.41%;9.83%;11.54%;14.64%;18.54%;18.54%
30/12/2016;5.94%;5.96%;5.73%;5.41%;5.17%;4.97%;4.77%;4.71%;4.89%;5.16%;5.63%;6.14%;6.59%;7.12%;7.79%;8.41%;9.83%;11.54%;14.64%;18.54%;18.54%
02/01/2017;5.93%;5.96%;5.72%;5.40%;5.16%;4.96%;4.76%;4.70%;4.89%;5.15%;5.63%;6.14%;6.58%;7.11%;7.78%;8.40%;9.83%;11.53%;14.63%;18.54%;18.54%
03/01/2017;5.93%;5.92%;5.71%;5.40%;5.18%;4.97%;4.76%;4.69%;4.89%;5.14%;5.55%;6.07%;6.60%;7.11%;7.78%;8.47%;9.83%;11.56%;14.67%;18.58%;18.58%
04/01/2017;5.93%;5.90%;5.66%;5.33%;5.10%;4.90%;4.70%;4.62%;4.81%;5.04%;5.44%;5.95%;6.43%;7.00%;7.63%;8.36%;9.73%;11.42%;14.45%;18.27%;18.27%
05/01/2017;5.94%;5.88%;5.64%;5.29%;5.07%;4.86%;4.64%;4.56%;4.73%;4.96%;5.34%;5.81%;6.32%;6.86%;7.48%;8.21%;9.56%;10.81%;13.64%;17.17%;17.17%
06/01/2017;5.94%;5.88%;5.63%;5.27%;5.05%;4.83%;4.59%;4.50%;4.67%;4.88%;5.26%;5.72%;6.23%;6.75%;7.35%;8.04%;9.39%;10.47%;13.18%;16.54%;16.54%
09/01/2017;5.94%;5.88%;5.63%;5.27%;5.05%;4.83%;4.59%;4.50%;4.67%;4.88%;5.26%;5.72%;6.23%;6.75%;7.35%;8.04%;9.39%;10.47%;13.18%;16.54%;16.54%
10/01/2017;5.94%;5.89%;5.69%;5.37%;5.14%;4.92%;4.72%;4.64%;4.80%;5.04%;5.39%;5.83%;6.33%;6.85%;7.58%;8.19%;9.20%;10.72%;13.52%;17.00%;17.00%
11/01/2017;5.94%;5.91%;5.68%;5.36%;5.14%;4.95%;4.74%;4.65%;4.76%;5.01%;5.37%;5.76%;6.33%;6.77%;7.41%;8.03%;9.10%;10.63%;13.40%;16.82%;16.82%
12/01/2017;5.94%;5.88%;5.63%;5.34%;5.12%;4.93%;4.74%;4.65%;4.79%;5.03%;5.36%;5.65%;6.18%;6.66%;7.18%;7.89%;8.90%;10.37%;13.03%;16.32%;16.32%
13/01/2017;5.94%;5.86%;5.66%;5.38%;5.17%;4.98%;4.78%;4.70%;4.85%;5.12%;5.45%;5.81%;6.35%;6.81%;7.45%;8.06%;9.13%;10.66%;13.44%;16.89%;16.89%
16/01/2017;5.94%;5.84%;5.64%;5.38%;5.16%;4.98%;4.77%;4.71%;4.87%;5.14%;5.49%;5.85%;6.44%;6.90%;7.57%;8.17%;9.25%;10.83%;13.67%;17.22%;17.22%
17/01/2017;5.93%;5.86%;5.67%;5.39%;5.20%;5.01%;4.82%;4.73%;4.88%;5.13%;5.50%;5.89%;6.41%;6.87%;7.46%;8.02%;9.17%;10.78%;13.60%;17.11%;17.11%
18/01/2017;5.94%;5.85%;5.65%;5.38%;5.17%;5.03%;4.86%;4.77%;4.91%;5.14%;5.52%;5.94%;6.40%;6.94%;7.53%;8.11%;9.20%;10.85%;13.70%;17.25%;17.25%
19/01/2017;5.94%;5.86%;5.64%;5.36%;5.16%;5.06%;4.91%;4.85%;5.01%;5.24%;5.58%;6.04%;6.53%;7.02%;7.62%;8.23%;9.29%;11.00%;13.90%;17.54%;17.54%
20/01/2017;5.94%;5.87%;5.62%;5.35%;5.14%;5.02%;4.88%;4.80%;4.95%;5.19%;5.57%;6.02%;6.44%;7.01%;7.57%;8.13%;9.24%;11.05%;13.96%;17.60%;17.60%
23/01/2017;5.94%;5.81%;5.60%;5.32%;5.11%;5.00%;4.87%;4.78%;4.94%;5.20%;5.52%;5.97%;6.40%;6.93%;7.50%;8.09%;9.17%;10.99%;13.88%;17.49%;17.49%
24/01/2017;5.94%;5.84%;5.58%;5.31%;5.11%;4.98%;4.87%;4.76%;4.89%;5.13%;5.47%;5.86%;6.34%;6.83%;7.40%;7.99%;9.06%;10.85%;13.68%;17.20%;17.20%
25/01/2017;5.94%;5.81%;5.59%;5.31%;5.09%;4.99%;4.85%;4.75%;4.86%;5.11%;5.46%;5.90%;6.34%;6.87%;7.46%;8.03%;9.05%;10.84%;13.66%;17.19%;17.19%
26/01/2017;5.94%;5.82%;5.59%;5.30%;5.08%;4.96%;4.83%;4.72%;4.83%;5.07%;5.43%;5.87%;6.30%;6.84%;7.41%;7.90%;9.02%;10.80%;13.60%;17.10%;17.10%
27/01/2017;5.94%;5.81%;5.57%;5.29%;5.08%;4.95%;4.81%;4.69%;4.74%;5.04%;5.34%;5.81%;6.24%;6.76%;7.31%;7.88%;8.98%;10.71%;13.49%;16.93%;16.93%
30/01/2017;5.93%;5.93%;5.81%;5.55%;5.38%;5.28%;5.07%;4.99%;5.00%;5.21%;5.57%;6.00%;6.43%;6.89%;7.53%;8.08%;9.18%;11.01%;13.91%;17.53%;17.53%
31/01/2017;5.94%;5.93%;5.83%;5.55%;5.38%;5.25%;5.05%;4.97%;4.99%;5.20%;5.54%;5.99%;6.44%;6.92%;7.46%;8.02%;9.20%;11.02%;13.92%;17.55%;17.55%
01/02/2017;5.93%;5.92%;5.83%;5.56%;5.39%;5.28%;5.09%;4.96%;5.01%;5.21%;5.57%;6.02%;6.44%;6.93%;7.53%;8.04%;9.22%;11.04%;13.96%;17.60%;17.60%
02/02/2017;5.94%;5.94%;5.83%;5.55%;5.39%;5.25%;5.06%;4.92%;4.97%;5.17%;5.49%;5.92%;6.32%;6.80%;7.28%;7.89%;9.08%;10.29%;12.96%;16.26%;16.26%
03/02/2017;5.94%;5.94%;5.82%;5.57%;5.40%;5.27%;5.09%;4.95%;5.00%;5.19%;5.50%;5.89%;6.28%;6.77%;7.31%;7.87%;9.08%;10.29%;12.96%;16.26%;16.26%
06/02/2017;5.94%;5.91%;5.84%;5.63%;5.47%;5.33%;5.15%;5.02%;5.06%;5.24%;5.54%;5.93%;6.32%;6.79%;7.30%;7.87%;9.02%;10.40%;13.11%;16.46%;16.46%
07/02/2017;5.94%;5.92%;5.81%;5.61%;5.44%;5.28%;5.10%;4.97%;4.97%;5.14%;5.46%;5.76%;6.13%;6.59%;7.11%;7.66%;8.78%;10.11%;12.69%;15.88%;15.88%
08/02/2017;5.94%;5.92%;5.85%;5.65%;5.51%;5.34%;5.13%;4.98%;4.98%;5.17%;5.44%;5.77%;6.13%;6.54%;7.06%;7.59%;8.79%;10.12%;12.70%;15.89%;15.89%
09/02/2017;5.94%;5.93%;5.86%;5.67%;5.52%;5.37%;5.17%;5.00%;5.00%;5.18%;5.47%;5.74%;6.12%;6.55%;7.11%;7.61%;8.55%;9.86%;12.37%;15.44%;15.44%
10/02/2017;5.94%;5.95%;5.89%;5.73%;5.58%;5.44%;5.20%;5.05%;5.05%;5.25%;5.52%;5.78%;6.15%;6.59%;7.10%;7.62%;8.54%;9.88%;12.40%;15.48%;15.48%
13/02/2017;5.94%;5.94%;5.88%;5.74%;5.60%;5.45%;5.23%;5.07%;5.04%;5.23%;5.56%;5.83%;6.21%;6.64%;7.16%;7.69%;8.59%;9.98%;12.54%;15.68%;15.68%
14/02/2017;5.94%;5.94%;5.88%;5.75%;5.61%;5.45%;5.26%;5.11%;5.10%;5.30%;5.66%;5.98%;6.35%;6.78%;7.30%;7.86%;8.76%;10.14%;12.76%;16.00%;16.00%
15/02/2017;5.94%;5.93%;5.87%;5.71%;5.58%;5.42%;5.22%;5.08%;5.09%;5.29%;5.62%;5.95%;6.32%;6.75%;7.29%;7.83%;8.71%;10.17%;12.79%;16.03%;16.03%
16/02/2017;5.94%;5.93%;5.86%;5.71%;5.58%;5.43%;5.24%;5.12%;5.13%;5.38%;5.67%;6.03%;6.43%;6.86%;7.46%;8.05%;8.90%;10.36%;13.07%;16.41%;16.41%
17/02/2017;5.94%;5.93%;5.84%;5.71%;5.57%;5.43%;5.23%;5.11%;5.16%;5.36%;5.68%;6.06%;6.48%;6.92%;7.52%;8.07%;8.91%;10.36%;13.07%;16.42%;16.42%
20/02/2017;5.94%;5.92%;5.84%;5.68%;5.56%;5.41%;5.20%;5.10%;5.14%;5.35%;5.69%;6.05%;6.49%;6.94%;7.52%;8.09%;8.97%;10.45%;13.19%;16.59%;16.59%
21/02/2017;5.94%;5.88%;5.76%;5.60%;5.47%;5.31%;5.12%;5.00%;5.05%;5.27%;5.58%;5.98%;6.39%;6.83%;7.44%;7.91%;8.91%;10.32%;13.01%;16.33%;16.33%
22/02/2017;5.94%;5.88%;5.75%;5.56%;5.43%;5.27%;5.07%;4.96%;5.01%;5.22%;5.50%;5.90%;6.35%;6.76%;7.39%;7.90%;8.90%;10.30%;12.97%;16.26%;16.26%
23/02/2017;5.94%;5.87%;5.75%;5.50%;5.38%;5.23%;5.03%;4.90%;4.95%;5.17%;5.47%;5.86%;6.25%;6.71%;7.32%;7.87%;8.82%;10.21%;12.84%;16.08%;16.08%
24/02/2017;5.93%;5.87%;5.75%;5.52%;5.39%;5.25%;5.05%;4.91%;4.97%;5.18%;5.51%;5.83%;6.25%;6.77%;7.36%;7.91%;8.92%;10.32%;12.99%;16.30%;16.30%
27/02/2017;5.70%;5.72%;5.56%;5.33%;5.23%;5.08%;4.86%;4.74%;4.88%;5.09%;5.44%;5.83%;6.27%;6.73%;7.34%;7.91%;8.78%;10.08%;12.67%;15.85%;15.85%
28/02/2017;5.66%;5.71%;5.57%;5.36%;5.26%;5.13%;4.91%;4.82%;4.96%;5.20%;5.58%;5.97%;6.41%;6.89%;7.49%;8.07%;8.97%;10.35%;13.05%;16.38%;16.38%
01/03/2017;5.69%;5.69%;5.55%;5.34%;5.24%;5.09%;4.87%;4.80%;4.98%;5.21%;5.57%;5.94%;6.39%;6.91%;7.51%;8.06%;9.01%;10.39%;13.10%;16.45%;16.45%
02/03/2017;5.70%;5.69%;5.54%;5.34%;5.24%;5.10%;4.89%;4.83%;5.02%;5.27%;5.64%;6.03%;6.45%;6.95%;7.60%;8.14%;9.07%;10.47%;13.21%;16.61%;16.61%
03/03/2017;5.70%;5.68%;5.51%;5.27%;5.16%;5.03%;4.86%;4.81%;5.01%;5.25%;5.62%;6.02%;6.43%;6.92%;7.57%;8.14%;9.08%;10.46%;13.20%;16.59%;16.59%
06/03/2017;5.70%;5.65%;5.46%;5.23%;5.13%;5.00%;4.83%;4.79%;4.99%;5.26%;5.63%;6.02%;6.49%;6.97%;7.63%;8.23%;9.15%;10.57%;13.35%;16.80%;16.80%
07/03/2017;5.70%;5.65%;5.43%;5.18%;5.09%;4.98%;4.80%;4.77%;4.96%;5.23%;5.59%;5.96%;6.42%;6.93%;7.59%;8.17%;9.15%;10.56%;13.33%;16.77%;16.77%
08/03/2017;5.70%;5.63%;5.44%;5.17%;5.08%;4.99%;4.86%;4.83%;5.03%;5.33%;5.70%;6.09%;6.56%;7.16%;7.84%;8.43%;9.38%;10.87%;13.76%;17.37%;17.37%
09/03/2017;5.71%;5.64%;5.44%;5.17%;5.07%;4.95%;4.82%;4.83%;5.03%;5.30%;5.67%;6.08%;6.54%;7.09%;7.75%;8.34%;9.28%;10.77%;13.62%;17.17%;17.17%
10/03/2017;5.71%;5.65%;5.42%;5.16%;5.06%;4.92%;4.82%;4.80%;4.99%;5.25%;5.60%;5.96%;6.43%;6.98%;7.61%;8.21%;9.21%;10.70%;13.51%;17.01%;17.01%
13/03/2017;5.71%;5.61%;5.41%;5.15%;5.04%;4.90%;4.80%;4.78%;4.97%;5.25%;5.61%;5.97%;6.44%;6.99%;7.62%;8.20%;9.17%;10.65%;13.45%;16.93%;16.93%
14/03/2017;5.71%;5.61%;5.41%;5.15%;5.03%;4.91%;4.78%;4.77%;4.97%;5.24%;5.53%;5.90%;6.38%;6.90%;7.55%;8.08%;9.06%;10.54%;13.30%;16.71%;16.71%
15/03/2017;5.70%;5.59%;5.31%;5.01%;4.91%;4.78%;4.66%;4.63%;4.84%;5.14%;5.45%;5.81%;6.24%;6.73%;7.37%;7.92%;8.86%;10.47%;13.16%;16.51%;16.51%
16/03/2017;5.70%;5.53%;5.29%;4.98%;4.86%;4.74%;4.57%;4.54%;4.73%;5.04%;5.33%;5.68%;6.11%;6.57%;7.19%;7.75%;8.68%;10.28%;12.90%;16.13%;16.13%
17/03/2017;5.70%;5.52%;5.27%;4.96%;4.84%;4.72%;4.55%;4.49%;4.67%;4.96%;5.29%;5.63%;6.04%;6.50%;7.10%;7.73%;8.62%;10.25%;12.85%;16.06%;16.06%
20/03/2017;5.70%;5.52%;5.27%;4.96%;4.84%;4.72%;4.55%;4.49%;4.67%;4.96%;5.29%;5.63%;6.04%;6.50%;7.10%;7.73%;8.62%;10.25%;12.85%;16.06%;16.06%
21/03/2017;5.70%;5.48%;5.22%;4.89%;4.78%;4.68%;4.49%;4.42%;4.59%;4.90%;5.23%;5.59%;6.01%;6.45%;7.06%;7.68%;8.55%;10.16%;12.72%;15.89%;15.89%
22/03/2017;5.70%;5.45%;5.18%;4.88%;4.76%;4.63%;4.45%;4.37%;4.52%;4.83%;5.18%;5.53%;5.96%;6.38%;7.00%;7.62%;8.51%;10.11%;12.64%;15.77%;15.77%
23/03/2017;5.70%;5.45%;5.15%;4.86%;4.72%;4.62%;4.41%;4.33%;4.49%;4.80%;5.13%;5.48%;5.84%;6.33%;6.91%;7.50%;8.40%;9.87%;12.32%;15.33%;15.33%
24/03/2017;5.70%;5.44%;5.15%;4.87%;4.75%;4.63%;4.44%;4.35%;4.50%;4.80%;5.15%;5.50%;5.89%;6.36%;7.00%;7.55%;8.43%;9.84%;12.29%;15.29%;15.29%
27/03/2017;5.48%;5.50%;5.22%;4.91%;4.79%;4.64%;4.45%;4.36%;4.51%;4.83%;5.18%;5.50%;5.89%;6.30%;6.91%;7.51%;8.38%;9.80%;12.25%;15.24%;15.24%
28/03/2017;5.47%;5.49%;5.21%;4.88%;4.75%;4.61%;4.43%;4.32%;4.50%;4.82%;5.15%;5.46%;5.87%;6.27%;6.81%;7.46%;8.36%;9.71%;12.12%;15.07%;15.07%
29/03/2017;5.47%;5.48%;5.20%;4.87%;4.75%;4.59%;4.40%;4.31%;4.48%;4.76%;5.09%;5.43%;5.85%;6.25%;6.78%;7.39%;8.32%;9.64%;12.02%;14.93%;14.93%
30/03/2017;5.47%;5.46%;5.21%;4.91%;4.78%;4.63%;4.46%;4.37%;4.47%;4.79%;5.15%;5.48%;5.90%;6.30%;6.89%;7.50%;8.38%;9.72%;12.13%;15.08%;15.08%
31/03/2017;5.48%;5.47%;5.20%;4.88%;4.76%;4.59%;4.44%;4.34%;4.47%;4.78%;5.10%;5.48%;5.89%;6.30%;6.88%;7.49%;8.37%;9.71%;12.12%;15.06%;15.06%
03/04/2017;5.47%;5.45%;5.17%;4.86%;4.74%;4.58%;4.42%;4.33%;4.46%;4.76%;5.11%;5.45%;5.86%;6.27%;6.85%;7.46%;8.35%;9.68%;12.08%;15.01%;15.01%
04/04/2017;5.48%;5.44%;5.15%;4.84%;4.73%;4.58%;4.43%;4.33%;4.46%;4.77%;5.10%;5.48%;5.90%;6.29%;6.87%;7.46%;8.41%;9.76%;12.19%;15.16%;15.16%
05/04/2017;5.48%;5.44%;5.13%;4.80%;4.67%;4.54%;4.39%;4.30%;4.41%;4.74%;5.09%;5.41%;5.85%;6.21%;6.78%;7.41%;8.36%;9.71%;12.10%;15.04%;15.04%
06/04/2017;5.47%;5.43%;5.15%;4.84%;4.73%;4.56%;4.43%;4.38%;4.51%;4.82%;5.17%;5.51%;5.91%;6.34%;6.92%;7.51%;8.45%;9.96%;12.45%;15.50%;15.50%
07/04/2017;5.47%;5.43%;5.14%;4.82%;4.76%;4.57%;4.42%;4.35%;4.51%;4.83%;5.15%;5.50%;5.89%;6.32%;6.91%;7.44%;8.38%;10.01%;12.51%;15.57%;15.57%
10/04/2017;5.47%;5.43%;5.12%;4.80%;4.70%;4.54%;4.41%;4.33%;4.49%;4.80%;5.15%;5.51%;5.88%;6.30%;6.88%;7.42%;8.33%;9.96%;12.44%;15.49%;15.49%
11/04/2017;5.47%;5.42%;5.14%;4.83%;4.71%;4.56%;4.42%;4.35%;4.50%;4.82%;5.19%;5.52%;5.94%;6.36%;6.93%;7.52%;8.48%;10.11%;12.63%;15.75%;15.75%
12/04/2017;5.47%;5.41%;5.13%;4.84%;4.70%;4.57%;4.43%;4.35%;4.50%;4.82%;5.19%;5.54%;5.96%;6.39%;6.98%;7.52%;8.52%;10.13%;12.67%;15.80%;15.80%
13/04/2017;5.47%;5.41%;5.13%;4.84%;4.70%;4.57%;4.43%;4.35%;4.50%;4.82%;5.19%;5.54%;5.96%;6.39%;6.98%;7.52%;8.52%;10.13%;12.67%;15.80%;15.80%
14/04/2017;5.47%;5.41%;5.13%;4.84%;4.70%;4.57%;4.43%;4.35%;4.50%;4.82%;5.19%;5.54%;5.96%;6.39%;6.98%;7.52%;8.52%;10.13%;12.67%;15.80%;15.80%
17/04/2017;5.47%;5.36%;5.09%;4.79%;4.69%;4.52%;4.40%;4.30%;4.46%;4.77%;5.11%;5.50%;5.91%;6.33%;6.90%;7.47%;8.49%;10.08%;12.60%;15.70%;15.70%
18/04/2017;5.47%;5.28%;4.93%;4.65%;4.52%;4.36%;4.24%;4.15%;4.30%;4.60%;4.92%;5.29%;5.70%;6.16%;6.71%;7.27%;8.26%;9.75%;12.14%;15.06%;15.06%
19/04/2017;5.47%;5.24%;4.90%;4.64%;4.48%;4.35%;4.24%;4.13%;4.27%;4.57%;4.88%;5.24%;5.67%;6.13%;6.69%;7.29%;8.27%;9.75%;12.13%;15.05%;15.05%
20/04/2017;5.47%;5.26%;4.92%;4.62%;4.48%;4.33%;4.21%;4.11%;4.25%;4.55%;4.85%;5.20%;5.65%;6.08%;6.66%;7.25%;8.21%;9.66%;12.01%;14.89%;14.89%
21/04/2017;5.46%;5.22%;4.88%;4.59%;4.45%;4.30%;4.17%;4.05%;4.19%;4.47%;4.79%;5.17%;5.60%;6.03%;6.58%;7.15%;8.13%;9.58%;11.89%;14.72%;14.72%
24/04/2017;5.46%;5.20%;4.87%;4.57%;4.45%;4.30%;4.16%;4.08%;4.22%;4.50%;4.79%;5.16%;5.56%;5.99%;6.58%;7.13%;8.10%;9.31%;11.56%;14.29%;14.29%
25/04/2017;5.46%;5.20%;4.87%;4.60%;4.44%;4.27%;4.15%;4.02%;4.17%;4.45%;4.74%;5.08%;5.50%;5.86%;6.45%;7.00%;7.98%;9.27%;11.84%;14.62%;14.62%
26/04/2017;5.46%;5.21%;4.89%;4.61%;4.50%;4.35%;4.20%;4.10%;4.24%;4.50%;4.81%;5.13%;5.56%;5.95%;6.58%;7.16%;8.14%;9.43%;11.86%;14.68%;14.68%
27/04/2017;5.46%;5.15%;4.84%;4.56%;4.46%;4.29%;4.15%;4.04%;4.18%;4.46%;4.74%;5.06%;5.50%;5.89%;6.41%;7.01%;7.95%;9.24%;11.61%;14.33%;14.33%
28/04/2017;5.45%;5.12%;4.83%;4.54%;4.45%;4.31%;4.16%;4.07%;4.19%;4.45%;4.74%;5.08%;5.51%;5.86%;6.42%;7.03%;7.95%;9.24%;11.60%;14.33%;14.33%
01/05/2017;5.45%;5.12%;4.83%;4.54%;4.45%;4.31%;4.16%;4.07%;4.19%;4.45%;4.74%;5.08%;5.51%;5.86%;6.42%;7.03%;7.95%;9.24%;11.60%;14.33%;14.33%
02/05/2017;5.01%;4.96%;4.63%;4.38%;4.24%;4.10%;4.00%;3.97%;4.11%;4.37%;4.65%;5.01%;5.40%;5.80%;6.33%;6.94%;7.79%;9.08%;11.38%;14.02%;14.02%
03/05/2017;5.01%;4.96%;4.64%;4.38%;4.24%;4.12%;4.04%;4.04%;4.19%;4.45%;4.70%;5.05%;5.46%;5.89%;6.42%;6.99%;7.83%;9.15%;11.48%;14.16%;14.16%
04/05/2017;5.01%;4.93%;4.63%;4.34%;4.20%;4.10%;4.03%;4.07%;4.23%;4.45%;4.75%;5.11%;5.53%;5.94%;6.52%;7.08%;7.94%;9.30%;11.68%;14.43%;14.43%
05/05/2017;5.01%;4.92%;4.61%;4.32%;4.19%;4.08%;4.04%;4.10%;4.27%;4.50%;4.81%;5.14%;5.53%;5.98%;6.48%;7.04%;7.89%;9.22%;11.58%;14.29%;14.29%
08/05/2017;5.02%;4.89%;4.59%;4.33%;4.18%;4.08%;4.04%;4.11%;4.30%;4.56%;4.89%;5.23%;5.62%;6.05%;6.58%;7.17%;8.02%;9.37%;11.80%;14.60%;14.60%
09/05/2017;5.03%;4.88%;4.56%;4.32%;4.17%;4.08%;4.05%;4.14%;4.33%;4.63%;4.96%;5.31%;5.72%;6.14%;6.69%;7.26%;8.10%;9.43%;11.89%;14.72%;14.72%
10/05/2017;5.02%;4.88%;4.56%;4.34%;4.18%;4.10%;4.05%;4.13%;4.32%;4.65%;5.00%;5.33%;5.78%;6.19%;6.75%;7.25%;8.21%;9.52%;12.00%;14.88%;14.88%
11/05/2017;5.01%;4.89%;4.58%;4.34%;4.19%;4.12%;4.07%;4.15%;4.33%;4.67%;5.03%;5.37%;5.76%;6.22%;6.78%;7.28%;8.20%;9.51%;11.99%;14.87%;14.87%
12/05/2017;5.02%;4.89%;4.60%;4.37%;4.20%;4.13%;4.07%;4.17%;4.34%;4.67%;5.07%;5.38%;5.79%;6.20%;6.76%;7.28%;8.18%;9.45%;11.92%;14.77%;14.77%
15/05/2017;5.02%;4.85%;4.61%;4.35%;4.22%;4.15%;4.08%;4.17%;4.35%;4.70%;5.08%;5.44%;5.79%;6.24%;6.79%;7.30%;8.24%;9.50%;11.99%;14.87%;14.87%
16/05/2017;5.02%;4.83%;4.60%;4.37%;4.21%;4.14%;4.08%;4.16%;4.34%;4.66%;5.05%;5.43%;5.80%;6.23%;6.76%;7.26%;8.19%;9.42%;11.88%;14.73%;14.73%
17/05/2017;5.02%;4.84%;4.59%;4.34%;4.21%;4.12%;4.06%;4.13%;4.32%;4.66%;5.01%;5.38%;5.76%;6.16%;6.72%;7.23%;8.20%;9.42%;11.88%;14.72%;14.72%
18/05/2017;5.02%;4.82%;4.60%;4.36%;4.19%;4.11%;4.04%;4.10%;4.31%;4.64%;5.00%;5.36%;5.76%;6.16%;6.74%;7.29%;8.24%;9.48%;11.95%;14.81%;14.81%
19/05/2017;5.02%;4.82%;4.56%;4.34%;4.16%;4.08%;4.00%;4.06%;4.26%;4.59%;4.93%;5.30%;5.69%;6.07%;6.64%;7.21%;8.13%;9.38%;11.82%;14.62%;14.62%
22/05/2017;5.02%;4.77%;4.50%;4.29%;4.13%;4.03%;3.97%;4.02%;4.21%;4.59%;4.92%;5.28%;5.63%;6.07%;6.63%;7.21%;8.12%;9.37%;11.80%;14.61%;14.61%
23/05/2017;5.02%;4.76%;4.48%;4.26%;4.11%;3.99%;3.93%;3.98%;4.20%;4.56%;4.91%;5.29%;5.64%;6.10%;6.67%;7.22%;8.17%;9.42%;11.87%;14.69%;14.69%
24/05/2017;5.02%;4.76%;4.49%;4.28%;4.12%;4.03%;3.95%;3.99%;4.21%;4.57%;4.92%;5.30%;5.66%;6.11%;6.68%;7.27%;8.19%;9.44%;11.90%;14.74%;14.74%
25/05/2017;5.02%;4.75%;4.49%;4.28%;4.12%;4.02%;3.95%;4.00%;4.22%;4.56%;4.91%;5.29%;5.65%;6.12%;6.69%;7.29%;8.19%;9.45%;11.90%;14.74%;14.74%
26/05/2017;5.02%;4.74%;4.50%;4.29%;4.15%;4.04%;3.96%;4.01%;4.23%;4.58%;4.89%;5.26%;5.64%;6.11%;6.68%;7.24%;8.18%;9.43%;11.89%;14.72%;14.72%
29/05/2017;5.02%;4.74%;4.50%;4.29%;4.15%;4.04%;3.96%;4.01%;4.23%;4.58%;4.89%;5.26%;5.64%;6.11%;6.68%;7.24%;8.18%;9.43%;11.89%;14.72%;14.72%
30/05/2017;4.79%;4.78%;4.48%;4.28%;4.13%;4.03%;3.95%;3.99%;4.21%;4.54%;4.86%;5.26%;5.65%;6.05%;6.62%;7.19%;8.16%;9.52%;11.99%;14.85%;14.85%
31/05/2017;4.79%;4.77%;4.47%;4.27%;4.10%;4.01%;3.93%;3.97%;4.18%;4.49%;4.80%;5.19%;5.61%;5.97%;6.54%;7.09%;8.08%;9.41%;11.84%;14.64%;14.64%
01/06/2017;4.79%;4.78%;4.48%;4.30%;4.13%;4.01%;3.93%;3.94%;4.17%;4.46%;4.78%;5.17%;5.58%;5.99%;6.56%;7.07%;8.03%;9.36%;11.76%;14.54%;14.54%
02/06/2017;4.79%;4.77%;4.46%;4.28%;4.09%;3.99%;3.90%;3.90%;4.12%;4.41%;4.72%;5.10%;5.49%;5.89%;6.46%;6.99%;7.95%;9.26%;11.62%;14.34%;14.34%
05/06/2017;4.79%;4.76%;4.42%;4.25%;4.08%;3.96%;3.86%;3.86%;4.06%;4.36%;4.65%;5.07%;5.53%;5.82%;6.41%;6.95%;7.88%;9.23%;11.58%;14.29%;14.29%
06/06/2017;4.78%;4.73%;4.38%;4.20%;4.03%;3.89%;3.80%;3.79%;3.99%;4.33%;4.63%;4.99%;5.41%;5.81%;6.34%;6.90%;7.76%;9.11%;11.41%;14.06%;14.06%
07/06/2017;4.78%;4.72%;4.35%;4.17%;4.03%;3.90%;3.82%;3.82%;4.00%;4.32%;4.66%;5.03%;5.45%;5.83%;6.42%;6.98%;7.83%;9.17%;11.50%;14.18%;14.18%
08/06/2017;4.78%;4.71%;4.34%;4.17%;4.06%;3.95%;3.87%;3.89%;4.06%;4.41%;4.76%;5.12%;5.54%;5.97%;6.56%;7.15%;7.96%;9.34%;11.74%;14.50%;14.50%
09/06/2017;4.78%;4.70%;4.32%;4.15%;4.05%;3.94%;3.87%;3.87%;4.02%;4.39%;4.73%;5.13%;5.55%;5.94%;6.50%;7.11%;7.98%;9.35%;11.75%;14.52%;14.52%
12/06/2017;4.78%;4.68%;4.28%;4.12%;4.02%;3.90%;3.84%;3.86%;4.02%;4.40%;4.72%;5.12%;5.53%;5.97%;6.52%;7.11%;7.93%;9.30%;11.68%;14.42%;14.42%
13/06/2017;4.78%;4.66%;4.27%;4.11%;4.02%;3.90%;3.82%;3.85%;4.01%;4.34%;4.70%;5.13%;5.55%;5.96%;6.52%;7.06%;7.96%;9.28%;11.66%;14.40%;14.40%
14/06/2017;4.78%;4.64%;4.26%;4.10%;4.01%;3.90%;3.80%;3.82%;3.99%;4.34%;4.68%;5.07%;5.52%;5.95%;6.52%;7.10%;7.93%;9.27%;11.65%;14.37%;14.37%
15/06/2017;4.78%;4.59%;4.26%;4.10%;4.00%;3.89%;3.78%;3.81%;3.98%;4.37%;4.71%;5.12%;5.55%;5.97%;6.54%;7.12%;8.01%;9.44%;11.86%;14.65%;14.65%
16/06/2017;4.78%;4.62%;4.29%;4.13%;4.06%;3.94%;3.88%;3.89%;4.08%;4.46%;4.85%;5.25%;5.69%;6.12%;6.72%;7.28%;8.18%;9.60%;12.09%;14.98%;14.98%
19/06/2017;4.78%;4.62%;4.29%;4.13%;4.06%;3.94%;3.88%;3.89%;4.08%;4.46%;4.85%;5.25%;5.69%;6.12%;6.72%;7.28%;8.18%;9.60%;12.09%;14.98%;14.98%
20/06/2017;4.78%;4.59%;4.27%;4.12%;4.05%;3.93%;3.89%;3.93%;4.10%;4.52%;4.95%;5.34%;5.79%;6.22%;6.84%;7.40%;8.32%;9.78%;12.34%;15.32%;15.32%
21/06/2017;4.78%;4.59%;4.25%;4.10%;4.01%;3.92%;3.89%;3.96%;4.17%;4.56%;4.99%;5.39%;5.85%;6.28%;6.91%;7.42%;8.42%;9.96%;12.59%;15.65%;15.65%
22/06/2017;4.78%;4.54%;4.23%;4.09%;3.97%;3.89%;3.86%;3.91%;4.13%;4.49%;4.96%;5.37%;5.82%;6.28%;6.93%;7.43%;8.36%;9.82%;12.41%;15.41%;15.41%
23/06/2017;4.79%;4.54%;4.23%;4.08%;3.98%;3.88%;3.85%;3.89%;4.12%;4.49%;4.93%;5.36%;5.77%;6.23%;6.86%;7.38%;8.30%;9.73%;12.28%;15.24%;15.24%
26/06/2017;4.79%;4.54%;4.23%;4.08%;3.98%;3.88%;3.85%;3.89%;4.12%;4.49%;4.93%;5.36%;5.77%;6.23%;6.86%;7.38%;8.30%;9.73%;12.28%;15.24%;15.24%
27/06/2017;4.79%;4.50%;4.19%;4.05%;3.98%;3.86%;3.84%;3.85%;4.09%;4.46%;4.90%;5.34%;5.80%;6.19%;6.82%;7.34%;8.28%;9.68%;12.21%;15.15%;15.15%
28/06/2017;4.79%;4.46%;4.18%;4.05%;3.95%;3.85%;3.84%;3.89%;4.10%;4.46%;4.91%;5.36%;5.82%;6.22%;6.85%;7.38%;8.31%;9.72%;12.27%;15.23%;15.23%
29/06/2017;4.78%;4.42%;4.17%;4.01%;3.89%;3.80%;3.79%;3.83%;4.07%;4.50%;4.89%;5.39%;5.88%;6.27%;6.86%;7.46%;8.40%;9.78%;12.35%;15.34%;15.34%
30/06/2017;4.78%;4.40%;4.16%;4.00%;3.87%;3.78%;3.77%;3.80%;4.04%;4.41%;4.84%;5.33%;5.78%;6.18%;6.82%;7.44%;8.46%;9.86%;12.44%;15.45%;15.45%
03/07/2017;4.78%;4.40%;4.16%;4.00%;3.87%;3.78%;3.77%;3.80%;4.04%;4.41%;4.84%;5.33%;5.78%;6.18%;6.82%;7.44%;8.46%;9.86%;12.44%;15.45%;15.45%
04/07/2017;4.31%;4.21%;4.03%;3.92%;3.80%;3.73%;3.74%;3.80%;4.03%;4.41%;4.88%;5.35%;5.81%;6.21%;6.90%;7.57%;8.54%;10.00%;12.63%;15.71%;15.71%
05/07/2017;4.31%;4.20%;4.01%;3.92%;3.77%;3.70%;3.74%;3.87%;4.11%;4.51%;4.98%;5.49%;6.00%;6.49%;7.07%;7.66%;8.70%;10.17%;12.88%;16.06%;16.06%
06/07/2017;4.32%;4.17%;4.02%;3.99%;3.84%;3.81%;3.82%;3.97%;4.24%;4.67%;5.15%;5.65%;6.16%;6.64%;7.31%;7.92%;8.94%;10.48%;13.32%;16.67%;16.67%
07/07/2017;4.32%;4.19%;4.02%;3.99%;3.87%;3.84%;3.84%;3.98%;4.27%;4.66%;5.16%;5.63%;6.19%;6.68%;7.34%;7.92%;8.90%;10.47%;13.32%;16.67%;16.67%
10/07/2017;4.32%;4.18%;4.01%;3.98%;3.86%;3.83%;3.84%;3.96%;4.24%;4.64%;5.14%;5.61%;6.16%;6.67%;7.25%;7.81%;8.78%;10.35%;13.14%;16.43%;16.43%
11/07/2017;4.32%;4.18%;4.02%;3.98%;3.87%;3.84%;3.84%;3.96%;4.26%;4.70%;5.20%;5.68%;6.20%;6.75%;7.38%;7.93%;8.90%;10.63%;12.95%;16.21%;16.21%
12/07/2017;4.32%;4.18%;4.01%;3.97%;3.87%;3.83%;3.84%;3.96%;4.25%;4.69%;5.16%;5.67%;6.20%;6.76%;7.32%;7.89%;8.89%;10.69%;14.14%;17.74%;17.74%
13/07/2017;4.32%;4.17%;4.01%;3.97%;3.89%;3.84%;3.85%;3.96%;4.23%;4.66%;5.05%;5.62%;6.15%;6.64%;7.15%;7.77%;8.79%;10.64%;14.06%;17.61%;17.61%
14/07/2017;4.32%;4.15%;3.98%;3.92%;3.85%;3.78%;3.80%;3.91%;4.18%;4.56%;4.96%;5.52%;6.04%;6.55%;7.04%;7.60%;8.63%;10.48%;13.83%;17.27%;17.27%
17/07/2017;4.32%;4.13%;3.97%;3.92%;3.85%;3.81%;3.83%;3.94%;4.21%;4.60%;4.99%;5.52%;6.07%;6.58%;7.11%;7.65%;8.67%;10.53%;13.90%;17.39%;17.39%
18/07/2017;4.32%;4.12%;3.98%;3.95%;3.89%;3.85%;3.87%;3.99%;4.25%;4.65%;5.06%;5.57%;6.12%;6.63%;7.20%;7.76%;8.79%;10.66%;14.09%;17.65%;17.65%
19/07/2017;4.32%;4.13%;3.99%;3.96%;3.89%;3.87%;3.86%;4.00%;4.26%;4.66%;5.09%;5.57%;6.10%;6.67%;7.17%;7.76%;8.75%;10.60%;14.01%;17.54%;17.54%
20/07/2017;4.32%;4.13%;3.99%;3.96%;3.89%;3.87%;3.86%;4.00%;4.26%;4.66%;5.09%;5.57%;6.10%;6.67%;7.17%;7.76%;8.75%;10.60%;14.01%;17.54%;17.54%
21/07/2017;4.32%;4.12%;3.97%;3.95%;3.89%;3.88%;3.87%;3.99%;4.26%;4.65%;5.11%;5.61%;6.10%;6.65%;7.18%;7.79%;8.78%;10.66%;14.09%;17.64%;17.64%
24/07/2017;4.32%;4.06%;3.95%;3.95%;3.88%;3.87%;3.87%;4.00%;4.26%;4.67%;5.13%;5.66%;6.17%;6.72%;7.28%;7.89%;8.89%;10.84%;14.35%;18.01%;18.01%
25/07/2017;4.32%;4.05%;3.96%;3.95%;3.87%;3.87%;3.89%;4.00%;4.31%;4.72%;5.19%;5.72%;6.22%;6.84%;7.44%;8.04%;9.10%;10.99%;14.57%;18.32%;18.32%
26/07/2017;4.32%;4.06%;3.96%;3.97%;3.90%;3.90%;3.91%;4.02%;4.35%;4.79%;5.26%;5.80%;6.31%;6.94%;7.58%;8.20%;9.29%;11.11%;14.76%;18.59%;18.59%
27/07/2017;4.31%;4.07%;3.99%;4.00%;3.94%;3.93%;3.93%;4.05%;4.35%;4.79%;5.22%;5.72%;6.23%;6.85%;7.42%;8.00%;9.11%;10.88%;14.43%;18.14%;18.14%
28/07/2017;4.08%;4.09%;3.99%;3.98%;3.93%;3.91%;3.92%;4.05%;4.35%;4.77%;5.20%;5.72%;6.24%;6.82%;7.39%;7.98%;9.00%;10.78%;14.28%;17.93%;17.93%
31/07/2017;4.07%;4.06%;3.97%;3.98%;3.92%;3.90%;3.92%;4.03%;4.35%;4.77%;5.19%;5.71%;6.20%;6.77%;7.37%;7.92%;9.00%;10.72%;14.21%;17.83%;17.83%
01/08/2017;4.08%;4.07%;3.97%;3.97%;3.93%;3.93%;3.95%;4.08%;4.39%;4.80%;5.26%;5.77%;6.25%;6.83%;7.42%;7.98%;9.10%;10.80%;14.32%;18.00%;18.00%
02/08/2017;4.08%;4.07%;3.95%;3.95%;3.90%;3.90%;3.94%;4.09%;4.42%;4.86%;5.28%;5.82%;6.34%;6.91%;7.46%;8.06%;9.16%;10.91%;14.48%;18.21%;18.21%
03/08/2017;4.08%;4.05%;3.94%;3.94%;3.88%;3.88%;3.93%;4.09%;4.43%;4.84%;5.30%;5.83%;6.36%;6.91%;7.52%;8.06%;9.16%;10.90%;14.48%;18.21%;18.21%
04/08/2017;4.09%;4.04%;3.92%;3.92%;3.86%;3.85%;3.95%;4.08%;4.45%;4.88%;5.34%;5.86%;6.37%;6.94%;7.54%;8.11%;9.32%;11.06%;14.70%;18.52%;18.52%
07/08/2017;4.09%;4.04%;3.92%;3.92%;3.86%;3.85%;3.95%;4.08%;4.45%;4.88%;5.34%;5.86%;6.37%;6.94%;7.54%;8.11%;9.32%;11.06%;14.70%;18.52%;18.52%
08/08/2017;4.09%;4.01%;3.88%;3.87%;3.81%;3.81%;3.90%;4.05%;4.40%;4.83%;5.30%;5.83%;6.35%;6.89%;7.49%;8.05%;9.26%;11.03%;14.65%;18.45%;18.45%
09/08/2017;4.09%;3.99%;3.88%;3.87%;3.79%;3.78%;3.87%;4.04%;4.38%;4.79%;5.25%;5.76%;6.30%;6.87%;7.41%;7.95%;9.24%;10.99%;14.58%;18.35%;18.35%
10/08/2017;4.09%;3.98%;3.89%;3.88%;3.80%;3.80%;3.89%;4.06%;4.39%;4.80%;5.25%;5.75%;6.28%;6.78%;7.34%;7.93%;9.22%;10.97%;14.55%;18.29%;18.29%
11/08/2017;4.09%;3.98%;3.88%;3.87%;3.78%;3.77%;3.86%;4.03%;4.36%;4.75%;5.21%;5.73%;6.25%;6.73%;7.34%;7.89%;9.12%;10.92%;14.48%;18.19%;18.19%
14/08/2017;4.10%;3.95%;3.88%;3.86%;3.76%;3.76%;3.85%;4.01%;4.35%;4.74%;5.18%;5.71%;6.24%;6.71%;7.30%;7.91%;9.05%;10.94%;14.50%;18.22%;18.22%
15/08/2017;4.11%;3.95%;3.88%;3.88%;3.78%;3.76%;3.85%;4.02%;4.34%;4.76%;5.24%;5.73%;6.25%;6.75%;7.34%;7.92%;9.06%;10.97%;14.54%;18.27%;18.27%
16/08/2017;4.11%;3.95%;3.88%;3.86%;3.78%;3.75%;3.84%;4.01%;4.33%;4.73%;5.20%;5.72%;6.27%;6.74%;7.31%;7.86%;9.03%;10.92%;14.47%;18.18%;18.18%
17/08/2017;4.11%;3.93%;3.88%;3.86%;3.78%;3.72%;3.85%;4.01%;4.38%;4.77%;5.23%;5.72%;6.27%;6.76%;7.33%;7.94%;9.10%;11.01%;14.60%;18.35%;18.35%
18/08/2017;4.12%;3.93%;3.88%;3.87%;3.79%;3.74%;3.85%;4.02%;4.37%;4.77%;5.23%;5.73%;6.24%;6.73%;7.34%;7.94%;9.10%;11.01%;14.60%;18.36%;18.36%
21/08/2017;4.12%;3.93%;3.88%;3.87%;3.79%;3.74%;3.85%;4.02%;4.37%;4.77%;5.23%;5.73%;6.24%;6.73%;7.34%;7.94%;9.10%;11.01%;14.60%;18.36%;18.36%
22/08/2017;4.12%;3.90%;3.89%;3.88%;3.79%;3.75%;3.87%;4.04%;4.39%;4.79%;5.28%;5.76%;6.26%;6.78%;7.39%;7.96%;9.14%;11.06%;14.68%;18.47%;18.47%
23/08/2017;4.12%;3.91%;3.88%;3.87%;3.79%;3.73%;3.86%;4.02%;4.38%;4.78%;5.24%;5.73%;6.24%;6.77%;7.34%;7.92%;9.11%;11.02%;14.62%;18.38%;18.38%
24/08/2017;4.13%;3.89%;3.88%;3.88%;3.79%;3.75%;3.85%;4.01%;4.36%;4.77%;5.22%;5.70%;6.21%;6.71%;7.29%;7.90%;9.03%;10.93%;14.47%;18.18%;18.18%
25/08/2017;4.12%;3.89%;3.88%;3.88%;3.80%;3.75%;3.85%;4.02%;4.35%;4.75%;5.24%;5.71%;6.19%;6.66%;7.29%;7.86%;8.99%;10.92%;14.47%;18.17%;18.17%
28/08/2017;4.13%;3.86%;3.87%;3.85%;3.79%;3.73%;3.84%;4.00%;4.34%;4.75%;5.24%;5.73%;6.21%;6.68%;7.25%;7.84%;8.99%;10.92%;14.47%;18.16%;18.16%
29/08/2017;4.13%;3.86%;3.85%;3.83%;3.78%;3.75%;3.83%;3.99%;4.33%;4.72%;5.20%;5.71%;6.16%;6.61%;7.20%;7.80%;8.95%;10.86%;14.38%;18.04%;18.04%
30/08/2017;4.11%;3.85%;3.83%;3.82%;3.77%;3.74%;3.82%;3.96%;4.29%;4.70%;5.20%;5.66%;6.14%;6.60%;7.18%;7.74%;8.92%;10.82%;14.32%;17.96%;17.96%
31/08/2017;4.10%;3.86%;3.83%;3.81%;3.76%;3.74%;3.81%;3.94%;4.27%;4.67%;5.15%;5.65%;6.11%;6.58%;7.16%;7.74%;8.88%;10.81%;14.29%;17.92%;17.92%
01/09/2017;3.86%;3.84%;3.79%;3.75%;3.70%;3.67%;3.74%;3.86%;4.20%;4.62%;5.12%;5.61%;6.07%;6.61%;7.14%;7.77%;8.90%;10.82%;14.31%;17.94%;17.94%
04/09/2017;3.86%;3.82%;3.78%;3.75%;3.70%;3.67%;3.74%;3.86%;4.20%;4.62%;5.12%;5.61%;6.07%;6.62%;7.14%;7.77%;8.90%;10.82%;14.31%;17.94%;17.94%
05/09/2017;3.86%;3.82%;3.79%;3.76%;3.68%;3.67%;3.74%;3.85%;4.20%;4.62%;5.11%;5.61%;6.09%;6.59%;7.13%;7.76%;8.89%;10.80%;14.28%;17.90%;17.90%
06/09/2017;3.86%;3.84%;3.78%;3.77%;3.67%;3.66%;3.72%;3.82%;4.18%;4.59%;5.06%;5.59%;6.04%;6.52%;7.12%;7.72%;8.88%;10.77%;14.23%;17.82%;17.82%
07/09/2017;3.87%;3.84%;3.78%;3.78%;3.65%;3.66%;3.71%;3.81%;4.18%;4.58%;5.02%;5.58%;6.03%;6.50%;7.08%;7.69%;8.78%;10.69%;14.11%;17.66%;17.66%
08/09/2017;3.87%;3.83%;3.79%;3.77%;3.68%;3.66%;3.69%;3.82%;4.16%;4.55%;4.99%;5.49%;5.91%;6.43%;6.99%;7.54%;8.63%;10.55%;13.91%;17.37%;17.37%
11/09/2017;3.87%;3.83%;3.78%;3.77%;3.66%;3.63%;3.69%;3.80%;4.12%;4.52%;4.93%;5.46%;5.89%;6.37%;6.96%;7.53%;8.60%;10.51%;13.85%;17.29%;17.29%
12/09/2017;3.85%;3.83%;3.79%;3.77%;3.66%;3.62%;3.67%;3.80%;4.10%;4.47%;4.92%;5.41%;5.83%;6.28%;6.84%;7.47%;8.48%;10.13%;13.32%;16.59%;16.59%
13/09/2017;3.85%;3.82%;3.79%;3.78%;3.66%;3.63%;3.70%;3.83%;4.15%;4.53%;4.99%;5.42%;5.87%;6.36%;6.89%;7.54%;8.49%;10.09%;13.27%;16.53%;16.53%
14/09/2017;3.85%;3.83%;3.81%;3.77%;3.68%;3.64%;3.69%;3.85%;4.16%;4.55%;4.95%;5.40%;5.85%;6.28%;6.83%;7.51%;8.38%;9.98%;13.12%;16.32%;16.32%
15/09/2017;3.85%;3.83%;3.79%;3.76%;3.66%;3.63%;3.68%;3.85%;4.15%;4.52%;4.93%;5.40%;5.84%;6.29%;6.83%;7.51%;8.51%;10.05%;13.21%;16.45%;16.45%
18/09/2017;3.85%;3.83%;3.80%;3.76%;3.66%;3.62%;3.70%;3.85%;4.18%;4.55%;4.97%;5.44%;5.86%;6.33%;6.90%;7.52%;8.52%;10.06%;13.24%;16.49%;16.49%
19/09/2017;3.85%;3.82%;3.80%;3.76%;3.66%;3.62%;3.69%;3.83%;4.17%;4.53%;4.95%;5.40%;5.86%;6.33%;6.87%;7.53%;8.55%;10.03%;13.19%;16.42%;16.42%
20/09/2017;3.85%;3.80%;3.80%;3.75%;3.65%;3.61%;3.67%;3.80%;4.15%;4.54%;4.95%;5.41%;5.84%;6.32%;6.87%;7.50%;8.49%;10.00%;13.15%;16.36%;16.36%
21/09/2017;3.85%;3.81%;3.81%;3.77%;3.66%;3.61%;3.70%;3.84%;4.19%;4.59%;5.04%;5.49%;5.94%;6.40%;6.93%;7.63%;8.62%;10.16%;13.38%;16.68%;16.68%
22/09/2017;3.86%;3.80%;3.81%;3.76%;3.65%;3.61%;3.69%;3.83%;4.17%;4.57%;5.00%;5.47%;5.90%;6.40%;6.93%;7.54%;8.64%;10.20%;13.43%;16.75%;16.75%
25/09/2017;3.85%;3.80%;3.80%;3.76%;3.65%;3.60%;3.69%;3.83%;4.17%;4.58%;5.02%;5.47%;5.93%;6.40%;6.92%;7.58%;8.58%;10.11%;13.31%;16.60%;16.60%
26/09/2017;3.85%;3.80%;3.81%;3.76%;3.65%;3.60%;3.70%;3.84%;4.17%;4.59%;5.02%;5.48%;5.95%;6.43%;6.96%;7.60%;8.61%;10.16%;13.38%;16.69%;16.69%
27/09/2017;3.85%;3.81%;3.78%;3.74%;3.63%;3.59%;3.69%;3.84%;4.15%;4.57%;5.00%;5.50%;5.96%;6.46%;6.99%;7.60%;8.60%;10.14%;13.35%;16.64%;16.64%
28/09/2017;3.86%;3.80%;3.79%;3.73%;3.63%;3.61%;3.70%;3.84%;4.19%;4.59%;5.05%;5.52%;5.98%;6.49%;7.02%;7.66%;8.69%;10.21%;13.45%;16.79%;16.79%
29/09/2017;3.86%;3.81%;3.79%;3.73%;3.63%;3.60%;3.69%;3.83%;4.19%;4.58%;4.99%;5.48%;5.93%;6.44%;6.97%;7.61%;8.60%;10.10%;13.30%;16.57%;16.57%
02/10/2017;3.87%;3.84%;3.84%;3.78%;3.65%;3.62%;3.71%;3.85%;4.21%;4.59%;5.04%;5.51%;5.99%;6.48%;7.02%;7.66%;8.63%;10.11%;13.32%;16.61%;16.61%
03/10/2017;3.87%;3.84%;3.84%;3.78%;3.66%;3.62%;3.68%;3.82%;4.19%;4.56%;4.97%;5.49%;5.89%;6.39%;6.95%;7.54%;8.50%;9.95%;13.09%;16.30%;16.30%
04/10/2017;3.87%;3.84%;3.85%;3.77%;3.67%;3.61%;3.67%;3.82%;4.19%;4.56%;4.95%;5.45%;5.89%;6.34%;6.93%;7.51%;8.49%;10.04%;13.21%;16.45%;16.45%
05/10/2017;3.87%;3.84%;3.85%;3.78%;3.68%;3.63%;3.69%;3.85%;4.21%;4.57%;4.99%;5.43%;5.93%;6.38%;6.93%;7.55%;8.63%;10.11%;13.31%;16.59%;16.59%
06/10/2017;3.87%;3.82%;3.83%;3.74%;3.64%;3.60%;3.66%;3.83%;4.19%;4.55%;4.97%;5.42%;5.88%;6.36%;6.95%;7.51%;8.62%;10.13%;13.33%;16.62%;16.62%
09/10/2017;3.86%;3.82%;3.83%;3.74%;3.65%;3.60%;3.65%;3.82%;4.19%;4.55%;4.97%;5.42%;5.88%;6.36%;6.95%;7.51%;8.61%;10.13%;13.33%;16.62%;16.62%
10/10/2017;3.86%;3.83%;3.83%;3.72%;3.62%;3.58%;3.64%;3.80%;4.18%;4.54%;4.95%;5.43%;5.90%;6.37%;6.90%;7.49%;8.53%;10.07%;13.24%;16.49%;16.49%
11/10/2017;3.86%;3.82%;3.83%;3.72%;3.61%;3.56%;3.63%;3.78%;4.15%;4.50%;4.93%;5.40%;5.84%;6.36%;6.88%;7.51%;8.51%;10.02%;13.18%;16.40%;16.40%
12/10/2017;3.86%;3.83%;3.84%;3.73%;3.62%;3.58%;3.64%;3.81%;4.17%;4.55%;4.94%;5.38%;5.85%;6.33%;6.86%;7.48%;8.53%;10.00%;13.15%;16.37%;16.37%
13/10/2017;3.86%;3.82%;3.81%;3.70%;3.58%;3.54%;3.61%;3.76%;4.14%;4.50%;4.90%;5.37%;5.81%;6.34%;6.89%;7.46%;8.52%;9.97%;13.11%;16.32%;16.32%
16/10/2017;3.86%;3.82%;3.81%;3.70%;3.58%;3.54%;3.61%;3.76%;4.14%;4.50%;4.90%;5.37%;5.81%;6.34%;6.89%;7.46%;8.52%;9.97%;13.11%;16.32%;16.32%
17/10/2017;3.87%;3.81%;3.79%;3.67%;3.56%;3.51%;3.58%;3.75%;4.13%;4.52%;4.93%;5.39%;5.88%;6.36%;6.93%;7.53%;8.53%;10.01%;13.16%;16.39%;16.39%
18/10/2017;3.87%;3.81%;3.81%;3.67%;3.55%;3.50%;3.57%;3.73%;4.14%;4.50%;4.92%;5.37%;5.81%;6.31%;6.92%;7.49%;8.49%;9.99%;13.14%;16.35%;16.35%
19/10/2017;3.87%;3.82%;3.80%;3.68%;3.55%;3.52%;3.56%;3.73%;4.11%;4.47%;4.88%;5.37%;5.82%;6.28%;6.89%;7.47%;8.47%;9.99%;13.13%;16.34%;16.34%
20/10/2017;3.87%;3.82%;3.82%;3.70%;3.54%;3.52%;3.55%;3.73%;4.12%;4.48%;4.93%;5.38%;5.86%;6.31%;6.93%;7.54%;8.45%;10.04%;13.20%;16.43%;16.43%
23/10/2017;3.87%;3.81%;3.78%;3.67%;3.53%;3.51%;3.58%;3.74%;4.14%;4.53%;4.94%;5.37%;5.86%;6.34%;6.94%;7.54%;8.50%;10.06%;13.23%;16.48%;16.48%
24/10/2017;3.86%;3.81%;3.80%;3.68%;3.56%;3.52%;3.61%;3.78%;4.17%;4.56%;5.01%;5.44%;5.92%;6.43%;7.04%;7.66%;8.62%;10.14%;13.35%;16.65%;16.65%
25/10/2017;3.86%;3.81%;3.81%;3.68%;3.56%;3.54%;3.63%;3.80%;4.19%;4.56%;5.01%;5.45%;5.92%;6.44%;7.06%;7.69%;8.68%;10.20%;13.44%;16.77%;16.77%
26/10/2017;3.86%;3.81%;3.81%;3.66%;3.56%;3.54%;3.61%;3.79%;4.17%;4.56%;5.00%;5.45%;5.93%;6.44%;7.08%;7.70%;8.66%;10.16%;13.39%;16.70%;16.70%
27/10/2017;3.86%;3.68%;3.66%;3.51%;3.41%;3.38%;3.46%;3.66%;4.12%;4.49%;4.94%;5.38%;5.85%;6.37%;7.00%;7.61%;8.55%;10.02%;13.19%;16.42%;16.42%
30/10/2017;3.62%;3.61%;3.59%;3.47%;3.38%;3.39%;3.51%;3.72%;4.14%;4.55%;4.96%;5.40%;5.89%;6.40%;7.06%;7.67%;8.63%;10.11%;13.31%;16.59%;16.59%
31/10/2017;3.63%;3.60%;3.58%;3.48%;3.38%;3.39%;3.50%;3.71%;4.16%;4.56%;4.98%;5.39%;5.92%;6.42%;7.05%;7.68%;8.63%;10.08%;13.27%;16.55%;16.55%
01/11/2017;3.63%;3.60%;3.59%;3.48%;3.38%;3.38%;3.53%;3.75%;4.21%;4.64%;5.11%;5.50%;6.04%;6.57%;7.21%;7.83%;8.91%;10.95%;14.48%;18.16%;18.16%
02/11/2017;3.63%;3.60%;3.59%;3.45%;3.36%;3.35%;3.47%;3.68%;4.14%;4.56%;5.01%;5.47%;5.99%;6.52%;7.15%;7.80%;8.87%;10.80%;14.27%;17.86%;17.86%
03/11/2017;3.64%;3.59%;3.58%;3.43%;3.33%;3.34%;3.44%;3.64%;4.12%;4.55%;4.98%;5.49%;6.00%;6.54%;7.17%;7.79%;8.92%;10.86%;14.35%;17.98%;17.98%
06/11/2017;3.64%;3.59%;3.58%;3.43%;3.33%;3.34%;3.44%;3.64%;4.12%;4.55%;4.98%;5.49%;6.00%;6.54%;7.17%;7.79%;8.92%;10.86%;14.35%;17.98%;17.98%
07/11/2017;3.63%;3.57%;3.55%;3.38%;3.28%;3.29%;3.40%;3.61%;4.08%;4.53%;4.98%;5.44%;5.99%;6.52%;7.14%;7.83%;8.83%;10.75%;14.20%;17.77%;17.77%
08/11/2017;3.64%;3.59%;3.54%;3.39%;3.29%;3.29%;3.41%;3.62%;4.10%;4.52%;4.98%;5.44%;5.99%;6.51%;7.15%;7.83%;8.80%;10.76%;14.20%;17.77%;17.77%
09/11/2017;3.64%;3.59%;3.53%;3.38%;3.28%;3.27%;3.38%;3.59%;4.07%;4.50%;4.96%;5.47%;5.97%;6.53%;7.13%;7.80%;8.84%;10.76%;14.21%;17.78%;17.78%
10/11/2017;3.64%;3.58%;3.50%;3.36%;3.28%;3.26%;3.37%;3.61%;4.10%;4.53%;4.98%;5.47%;6.02%;6.54%;7.21%;7.89%;8.90%;10.88%;14.38%;18.02%;18.02%
13/11/2017;3.64%;3.58%;3.50%;3.36%;3.28%;3.26%;3.37%;3.61%;4.10%;4.53%;4.98%;5.47%;6.02%;6.54%;7.21%;7.89%;8.90%;10.88%;14.38%;18.02%;18.02%
14/11/2017;3.64%;3.57%;3.49%;3.34%;3.25%;3.24%;3.35%;3.58%;4.06%;4.51%;4.99%;5.49%;6.02%;6.58%;7.23%;7.91%;8.96%;10.95%;14.48%;18.16%;18.16%
15/11/2017;3.64%;3.57%;3.48%;3.34%;3.25%;3.22%;3.33%;3.55%;4.05%;4.49%;4.94%;5.47%;6.04%;6.59%;7.23%;7.93%;8.95%;10.92%;14.43%;18.08%;18.08%
16/11/2017;3.64%;3.56%;3.48%;3.33%;3.25%;3.22%;3.31%;3.54%;4.02%;4.48%;4.93%;5.39%;5.97%;6.55%;7.13%;7.82%;8.91%;10.88%;14.37%;17.99%;17.99%
17/11/2017;3.64%;3.55%;3.48%;3.30%;3.22%;3.20%;3.29%;3.50%;4.01%;4.46%;4.91%;5.40%;5.94%;6.50%;7.11%;7.79%;8.83%;10.80%;14.25%;17.83%;17.83%
20/11/2017;3.64%;3.50%;3.44%;3.28%;3.21%;3.18%;3.26%;3.49%;3.99%;4.44%;4.92%;5.39%;5.92%;6.50%;7.09%;7.81%;8.87%;10.84%;14.31%;17.91%;17.91%
21/11/2017;3.64%;3.48%;3.42%;3.25%;3.17%;3.14%;3.22%;3.45%;3.96%;4.41%;4.84%;5.34%;5.88%;6.45%;7.05%;7.76%;8.80%;10.71%;14.12%;17.65%;17.65%
22/11/2017;3.63%;3.48%;3.39%;3.20%;3.16%;3.13%;3.20%;3.42%;3.94%;4.39%;4.84%;5.35%;5.84%;6.42%;7.07%;7.73%;8.78%;10.65%;14.04%;17.55%;17.55%
23/11/2017;3.63%;3.47%;3.39%;3.20%;3.15%;3.13%;3.19%;3.41%;3.92%;4.35%;4.83%;5.33%;5.84%;6.33%;7.05%;7.71%;8.75%;10.61%;13.98%;17.46%;17.46%
24/11/2017;3.63%;3.47%;3.38%;3.18%;3.13%;3.12%;3.19%;3.42%;3.93%;4.36%;4.85%;5.31%;5.84%;6.36%;7.01%;7.73%;8.76%;10.63%;14.01%;17.49%;17.49%
27/11/2017;3.38%;3.36%;3.26%;3.09%;3.03%;3.02%;3.12%;3.35%;3.89%;4.33%;4.80%;5.24%;5.76%;6.30%;6.98%;7.68%;8.68%;10.53%;13.86%;17.28%;17.28%
28/11/2017;3.38%;3.35%;3.25%;3.09%;3.01%;3.00%;3.09%;3.33%;3.86%;4.32%;4.80%;5.22%;5.69%;6.24%;6.86%;7.54%;8.57%;10.35%;13.60%;16.93%;16.93%
29/11/2017;3.38%;3.35%;3.24%;3.09%;3.01%;3.00%;3.09%;3.32%;3.85%;4.32%;4.75%;5.21%;5.73%;6.22%;6.87%;7.53%;8.56%;10.35%;13.61%;16.94%;16.94%
30/11/2017;3.38%;3.32%;3.20%;3.06%;2.98%;2.98%;3.07%;3.30%;3.84%;4.27%;4.70%;5.17%;5.67%;6.20%;6.82%;7.45%;8.50%;10.27%;13.48%;16.77%;16.77%
01/12/2017;3.37%;3.32%;3.21%;3.06%;3.00%;3.00%;3.09%;3.33%;3.87%;4.30%;4.76%;5.19%;5.74%;6.22%;6.82%;7.53%;8.52%;10.28%;13.51%;16.81%;16.81%
04/12/2017;3.38%;3.31%;3.20%;3.04%;2.99%;2.98%;3.08%;3.32%;3.83%;4.27%;4.69%;5.17%;5.67%;6.17%;6.80%;7.47%;8.48%;10.25%;13.46%;16.74%;16.74%
05/12/2017;3.38%;3.32%;3.21%;3.06%;3.00%;3.00%;3.10%;3.35%;3.84%;4.30%;4.72%;5.13%;5.65%;6.15%;6.76%;7.38%;8.41%;10.15%;13.31%;16.54%;16.54%
06/12/2017;3.38%;3.36%;3.26%;3.11%;3.03%;3.03%;3.11%;3.35%;3.86%;4.30%;4.73%;5.17%;5.65%;6.19%;6.77%;7.38%;8.60%;10.19%;13.38%;16.64%;16.64%
07/12/2017;3.38%;3.36%;3.27%;3.12%;3.03%;3.01%;3.10%;3.36%;3.85%;4.30%;4.73%;5.18%;5.69%;6.17%;6.78%;7.46%;8.62%;10.38%;14.44%;18.00%;18.00%
08/12/2017;3.38%;3.36%;3.27%;3.12%;3.03%;3.01%;3.10%;3.36%;3.85%;4.30%;4.73%;5.18%;5.69%;6.17%;6.78%;7.46%;8.62%;10.38%;14.44%;18.00%;18.00%
11/12/2017;3.38%;3.34%;3.26%;3.10%;3.03%;3.02%;3.12%;3.38%;3.91%;4.31%;4.78%;5.22%;5.75%;6.29%;6.92%;7.56%;8.67%;10.44%;14.55%;18.16%;18.16%
12/12/2017;3.38%;3.36%;3.30%;3.13%;3.05%;3.06%;3.18%;3.46%;3.96%;4.39%;4.84%;5.29%;5.81%;6.40%;7.02%;7.70%;8.82%;10.66%;14.88%;18.62%;18.62%
13/12/2017;3.37%;3.36%;3.30%;3.12%;3.02%;3.02%;3.13%;3.42%;3.92%;4.36%;4.82%;5.27%;5.76%;6.33%;6.96%;7.61%;8.71%;10.57%;14.73%;18.40%;18.40%
14/12/2017;3.37%;3.36%;3.29%;3.10%;3.01%;3.01%;3.12%;3.41%;3.92%;4.33%;4.76%;5.22%;5.73%;6.28%;6.90%;7.49%;8.73%;10.70%;14.92%;18.64%;18.64%
15/12/2017;3.36%;3.38%;3.32%;3.14%;3.04%;3.00%;3.13%;3.40%;3.91%;4.31%;4.76%;5.21%;5.70%;6.27%;6.80%;7.43%;8.59%;10.42%;14.51%;18.09%;18.09%
18/12/2017;3.37%;3.37%;3.31%;3.12%;2.98%;2.97%;3.10%;3.37%;3.91%;4.30%;4.74%;5.19%;5.70%;6.18%;6.75%;7.34%;8.56%;10.35%;14.40%;17.94%;17.94%
19/12/2017;3.37%;3.37%;3.31%;3.13%;3.03%;3.01%;3.12%;3.42%;3.95%;4.37%;4.80%;5.23%;5.72%;6.28%;6.81%;7.47%;8.70%;10.70%;14.92%;18.65%;18.65%
20/12/2017;3.37%;3.37%;3.30%;3.14%;3.04%;3.01%;3.18%;3.44%;3.96%;4.41%;4.84%;5.28%;5.76%;6.27%;6.82%;7.49%;8.68%;10.68%;14.90%;18.62%;18.62%
21/12/2017;3.36%;3.37%;3.33%;3.16%;3.06%;3.02%;3.18%;3.47%;3.95%;4.43%;4.87%;5.29%;5.77%;6.31%;6.85%;7.57%;8.69%;10.70%;14.94%;18.67%;18.67%
22/12/2017;3.35%;3.36%;3.32%;3.15%;3.05%;3.01%;3.18%;3.46%;3.94%;4.42%;4.86%;5.28%;5.76%;6.30%;6.84%;7.56%;8.67%;10.68%;14.90%;18.62%;18.62%
25/12/2017;3.35%;3.36%;3.32%;3.15%;3.05%;3.01%;3.18%;3.46%;3.94%;4.42%;4.86%;5.28%;5.76%;6.30%;6.84%;7.56%;8.67%;10.68%;14.90%;18.62%;18.62%
26/12/2017;3.35%;3.38%;3.32%;3.14%;3.04%;3.01%;3.18%;3.43%;3.94%;4.40%;4.83%;5.31%;5.79%;6.34%;6.90%;7.54%;8.65%;10.65%;14.86%;18.57%;18.57%
27/12/2017;3.34%;3.37%;3.32%;3.14%;3.04%;3.02%;3.18%;3.44%;3.95%;4.40%;4.83%;5.31%;5.80%;6.34%;6.90%;7.55%;8.66%;10.66%;14.88%;18.59%;18.59%
28/12/2017;3.32%;3.36%;3.33%;3.14%;3.04%;3.02%;3.18%;3.43%;3.95%;4.40%;4.84%;5.31%;5.80%;6.34%;6.90%;7.54%;8.66%;10.66%;14.88%;18.59%;18.59%
29/12/2017;3.32%;3.36%;3.33%;3.14%;3.04%;3.02%;3.18%;3.43%;3.95%;4.40%;4.84%;5.31%;5.80%;6.34%;6.90%;7.54%;8.66%;10.66%;14.88%;18.59%;18.59%
01/01/2018;3.32%;3.36%;3.33%;3.14%;3.04%;3.02%;3.18%;3.43%;3.95%;4.40%;4.84%;5.31%;5.80%;6.34%;6.90%;7.54%;8.66%;10.66%;14.88%;18.59%;18.59%
02/01/2018;3.30%;3.33%;3.31%;3.13%;3.03%;3.01%;3.18%;3.43%;3.95%;4.40%;4.84%;5.31%;5.81%;6.34%;6.90%;7.56%;8.75%;10.78%;15.05%;18.82%;18.82%
03/01/2018;3.32%;3.34%;3.25%;3.08%;3.00%;2.97%;3.15%;3.41%;3.90%;4.36%;4.78%;5.27%;5.75%;6.29%;6.83%;7.46%;8.70%;10.72%;14.96%;18.69%;18.69%
04/01/2018;3.34%;3.33%;3.22%;3.07%;3.00%;2.96%;3.12%;3.41%;3.89%;4.35%;4.73%;5.27%;5.75%;6.28%;6.80%;7.47%;8.65%;10.70%;14.92%;18.63%;18.63%
05/01/2018;3.34%;3.32%;3.22%;3.08%;3.00%;2.98%;3.11%;3.37%;3.87%;4.35%;4.72%;5.26%;5.75%;6.28%;6.84%;7.47%;8.67%;10.72%;14.95%;18.67%;18.67%
08/01/2018;3.34%;3.32%;3.22%;3.08%;3.00%;2.98%;3.11%;3.37%;3.87%;4.35%;4.72%;5.26%;5.75%;6.28%;6.84%;7.47%;8.67%;10.72%;14.95%;18.67%;18.67%
09/01/2018;3.35%;3.31%;3.24%;3.09%;3.00%;3.00%;3.11%;3.39%;3.90%;4.35%;4.69%;5.18%;5.68%;6.29%;6.80%;7.43%;8.69%;10.73%;14.97%;18.70%;18.70%
10/01/2018;3.36%;3.31%;3.24%;3.09%;3.04%;3.04%;3.17%;3.42%;3.88%;4.36%;4.71%;5.21%;5.69%;6.33%;6.84%;7.49%;8.67%;10.76%;15.01%;18.75%;18.75%
11/01/2018;3.36%;3.32%;3.21%;3.08%;3.01%;3.03%;3.17%;3.40%;3.89%;4.31%;4.67%;5.15%;5.66%;6.30%;6.81%;7.35%;8.77%;10.86%;15.14%;18.92%;18.92%
12/01/2018;3.37%;3.31%;3.26%;3.12%;3.02%;3.03%;3.20%;3.44%;3.92%;4.30%;4.72%;5.13%;5.65%;6.22%;6.80%;7.40%;8.67%;10.64%;14.83%;18.50%;18.50%
15/01/2018;3.37%;3.33%;3.25%;3.11%;3.05%;3.04%;3.22%;3.45%;3.91%;4.33%;4.69%;5.13%;5.61%;6.26%;6.83%;7.42%;8.73%;10.67%;14.87%;18.57%;18.57%
16/01/2018;3.37%;3.31%;3.26%;3.11%;3.08%;3.07%;3.26%;3.48%;3.94%;4.37%;4.74%;5.20%;5.67%;6.26%;6.86%;7.43%;8.75%;10.70%;14.92%;18.65%;18.65%
17/01/2018;3.37%;3.33%;3.27%;3.12%;3.09%;3.09%;3.26%;3.51%;3.92%;4.35%;4.71%;5.13%;5.64%;6.21%;6.84%;7.43%;8.75%;10.65%;14.85%;18.54%;18.54%
18/01/2018;3.37%;3.29%;3.26%;3.10%;3.09%;3.08%;3.27%;3.50%;3.91%;4.33%;4.69%;5.14%;5.66%;6.21%;6.78%;7.42%;8.76%;10.66%;14.86%;18.55%;18.55%
19/01/2018;3.38%;3.29%;3.25%;3.12%;3.12%;3.12%;3.28%;3.52%;3.93%;4.32%;4.70%;5.14%;5.62%;6.19%;6.84%;7.42%;8.72%;10.64%;14.83%;18.52%;18.52%
22/01/2018;3.38%;3.31%;3.23%;3.13%;3.11%;3.11%;3.30%;3.53%;3.96%;4.34%;4.72%;5.17%;5.65%;6.22%;6.86%;7.49%;8.74%;10.66%;14.86%;18.57%;18.57%
23/01/2018;3.38%;3.30%;3.22%;3.11%;3.10%;3.12%;3.30%;3.53%;3.95%;4.34%;4.73%;5.15%;5.67%;6.23%;6.87%;7.49%;8.74%;10.66%;14.86%;18.56%;18.56%
24/01/2018;3.38%;3.30%;3.22%;3.09%;3.08%;3.10%;3.29%;3.53%;3.93%;4.33%;4.72%;5.14%;5.61%;6.15%;6.78%;7.34%;8.67%;10.78%;15.03%;18.78%;18.78%
25/01/2018;3.38%;3.30%;3.22%;3.10%;3.09%;3.11%;3.29%;3.53%;3.95%;4.31%;4.74%;5.14%;5.65%;6.18%;6.76%;7.40%;8.63%;10.74%;14.96%;18.68%;18.68%
26/01/2018;3.38%;3.31%;3.21%;3.08%;3.08%;3.10%;3.27%;3.50%;3.92%;4.31%;4.73%;5.17%;5.62%;6.13%;6.74%;7.35%;8.73%;10.80%;15.06%;18.81%;18.81%
29/01/2018;3.38%;3.26%;3.19%;3.08%;3.07%;3.09%;3.28%;3.48%;3.93%;4.32%;4.74%;5.19%;5.64%;6.15%;6.74%;7.39%;8.77%;10.85%;15.13%;18.91%;18.91%
30/01/2018;3.14%;3.16%;3.15%;3.14%;3.13%;3.15%;3.34%;3.58%;4.00%;4.39%;4.81%;5.26%;5.71%;6.17%;6.79%;7.45%;8.63%;10.64%;14.83%;18.52%;18.52%
31/01/2018;3.15%;3.15%;3.13%;3.12%;3.12%;3.16%;3.37%;3.61%;4.03%;4.39%;4.82%;5.23%;5.68%;6.17%;6.77%;7.35%;8.62%;10.63%;14.82%;18.50%;18.50%
01/02/2018;3.15%;3.16%;3.13%;3.10%;3.09%;3.15%;3.35%;3.59%;4.01%;4.37%;4.79%;5.20%;5.64%;6.15%;6.71%;7.34%;8.64%;10.56%;14.71%;18.36%;18.36%
02/02/2018;3.16%;3.16%;3.13%;3.12%;3.12%;3.18%;3.39%;3.65%;4.10%;4.43%;4.89%;5.29%;5.77%;6.29%;6.85%;7.47%;8.65%;10.68%;14.90%;18.62%;18.62%
05/02/2018;3.16%;3.17%;3.14%;3.14%;3.14%;3.21%;3.41%;3.66%;4.13%;4.52%;4.95%;5.37%;5.85%;6.38%;6.96%;7.62%;8.71%;10.76%;15.03%;18.82%;18.82%
06/02/2018;3.16%;3.16%;3.12%;3.12%;3.11%;3.18%;3.39%;3.62%;4.10%;4.49%;4.93%;5.43%;5.87%;6.39%;6.97%;7.63%;8.79%;10.95%;15.31%;19.19%;19.19%
07/02/2018;3.15%;3.16%;3.13%;3.13%;3.13%;3.18%;3.39%;3.64%;4.11%;4.54%;4.97%;5.41%;5.92%;6.43%;7.00%;7.68%;8.87%;11.03%;15.43%;19.36%;19.36%
08/02/2018;3.15%;3.16%;3.13%;3.14%;3.15%;3.20%;3.42%;3.67%;4.14%;4.55%;5.01%;5.46%;5.94%;6.50%;7.06%;7.74%;8.97%;11.14%;15.60%;19.60%;19.60%
09/02/2018;3.14%;3.16%;3.13%;3.14%;3.16%;3.20%;3.43%;3.69%;4.17%;4.61%;5.07%;5.49%;6.00%;6.54%;7.13%;7.77%;8.98%;11.24%;15.77%;19.82%;19.82%
12/02/2018;3.14%;3.15%;3.13%;3.13%;3.14%;3.19%;3.40%;3.65%;4.11%;4.55%;5.00%;5.47%;5.93%;6.47%;7.05%;7.69%;8.89%;11.12%;15.58%;19.56%;19.56%
13/02/2018;3.14%;3.14%;3.13%;3.12%;3.14%;3.19%;3.41%;3.65%;4.12%;4.53%;5.00%;5.43%;5.92%;6.48%;7.05%;7.70%;8.90%;11.14%;15.61%;19.60%;19.60%
14/02/2018;3.14%;3.15%;3.12%;3.12%;3.13%;3.17%;3.40%;3.66%;4.13%;4.58%;5.04%;5.50%;5.97%;6.53%;7.05%;7.76%;8.90%;11.11%;15.57%;19.55%;19.55%
15/02/2018;3.14%;3.15%;3.12%;3.12%;3.12%;3.16%;3.39%;3.63%;4.11%;4.53%;4.98%;5.46%;5.92%;6.47%;7.01%;7.67%;8.85%;11.07%;15.50%;19.44%;19.44%
16/02/2018;3.14%;3.15%;3.12%;3.11%;3.12%;3.15%;3.38%;3.64%;4.10%;4.54%;4.98%;5.44%;5.93%;6.46%;6.97%;7.64%;8.82%;11.04%;15.45%;19.37%;19.37%
19/02/2018;3.14%;3.15%;3.12%;3.11%;3.12%;3.15%;3.38%;3.64%;4.10%;4.54%;4.98%;5.44%;5.93%;6.46%;6.97%;7.64%;8.82%;11.04%;15.45%;19.38%;19.38%
20/02/2018;3.14%;3.15%;3.10%;3.08%;3.10%;3.14%;3.37%;3.62%;4.09%;4.54%;5.00%;5.50%;5.98%;6.50%;7.06%;7.69%;8.81%;11.06%;15.48%;19.42%;19.42%
21/02/2018;3.15%;3.15%;3.09%;3.09%;3.09%;3.14%;3.35%;3.61%;4.08%;4.55%;4.99%;5.49%;5.97%;6.51%;7.04%;7.67%;8.79%;11.02%;15.43%;19.35%;19.35%
22/02/2018;3.15%;3.14%;3.09%;3.09%;3.09%;3.12%;3.34%;3.60%;4.07%;4.53%;5.00%;5.48%;5.98%;6.50%;7.03%;7.67%;8.79%;11.03%;15.43%;19.36%;19.36%
23/02/2018;3.15%;3.14%;3.10%;3.09%;3.09%;3.15%;3.37%;3.60%;4.08%;4.55%;4.99%;5.51%;5.98%;6.52%;7.06%;7.66%;8.77%;11.00%;15.39%;19.30%;19.30%
26/02/2018;3.15%;3.14%;3.09%;3.08%;3.10%;3.15%;3.35%;3.61%;4.09%;4.53%;5.02%;5.51%;5.99%;6.52%;7.06%;7.67%;8.73%;10.98%;15.35%;19.26%;19.26%
27/02/2018;3.14%;3.12%;3.10%;3.09%;3.10%;3.17%;3.39%;3.66%;4.15%;4.58%;5.06%;5.56%;6.05%;6.57%;7.12%;7.72%;8.78%;11.02%;15.43%;19.37%;19.37%
28/02/2018;3.14%;3.12%;3.09%;3.09%;3.10%;3.18%;3.40%;3.67%;4.15%;4.61%;5.08%;5.59%;6.08%;6.61%;7.13%;7.74%;8.77%;11.03%;15.44%;19.39%;19.39%
01/03/2018;3.14%;3.12%;3.09%;3.09%;3.10%;3.19%;3.45%;3.73%;4.23%;4.71%;5.17%;5.64%;6.17%;6.73%;7.25%;7.91%;8.90%;11.18%;15.68%;19.73%;19.73%
02/03/2018;3.14%;3.12%;3.08%;3.08%;3.10%;3.17%;3.42%;3.72%;4.24%;4.69%;5.15%;5.65%;6.15%;6.71%;7.24%;7.93%;8.97%;11.24%;15.78%;19.86%;19.86%
05/03/2018;3.14%;3.11%;3.07%;3.04%;3.05%;3.14%;3.38%;3.67%;4.21%;4.67%;5.15%;5.63%;6.11%;6.68%;7.17%;7.85%;9.03%;11.33%;15.92%;20.03%;20.03%
06/03/2018;3.14%;3.10%;3.05%;3.02%;3.04%;3.10%;3.33%;3.62%;4.17%;4.62%;5.09%;5.58%;6.10%;6.67%;7.20%;7.86%;8.96%;11.27%;15.82%;19.90%;19.90%
07/03/2018;3.14%;3.09%;3.03%;2.99%;3.01%;3.08%;3.31%;3.60%;4.20%;4.66%;5.12%;5.61%;6.11%;6.72%;7.30%;7.93%;9.05%;11.27%;15.82%;19.91%;19.91%
08/03/2018;3.14%;3.09%;3.03%;2.98%;3.00%;3.05%;3.29%;3.58%;4.18%;4.66%;5.10%;5.61%;6.13%;6.71%;7.31%;7.92%;9.02%;11.23%;15.76%;19.83%;19.83%
09/03/2018;3.14%;3.09%;3.01%;2.97%;2.99%;3.05%;3.29%;3.58%;4.15%;4.66%;5.10%;5.60%;6.14%;6.72%;7.31%;7.92%;9.02%;11.23%;15.77%;19.83%;19.83%
12/03/2018;3.13%;3.08%;3.01%;2.97%;2.98%;3.03%;3.25%;3.55%;4.11%;4.62%;5.06%;5.54%;6.05%;6.66%;7.22%;7.82%;8.91%;11.02%;15.44%;19.39%;19.39%
13/03/2018;3.13%;3.08%;3.00%;2.97%;2.99%;3.03%;3.25%;3.54%;4.09%;4.59%;5.02%;5.48%;5.98%;6.54%;7.13%;7.73%;8.87%;10.99%;15.38%;19.30%;19.30%
14/03/2018;3.13%;3.11%;3.02%;2.99%;3.00%;3.04%;3.27%;3.56%;4.07%;4.60%;5.02%;5.45%;5.97%;6.54%;7.11%;7.74%;8.88%;10.99%;15.39%;19.30%;19.30%
15/03/2018;3.13%;3.09%;2.99%;2.96%;2.98%;3.01%;3.24%;3.52%;4.03%;4.55%;4.97%;5.42%;5.93%;6.48%;7.04%;7.67%;8.86%;10.95%;15.31%;19.19%;19.19%
16/03/2018;3.12%;3.09%;2.99%;2.96%;2.98%;2.99%;3.21%;3.53%;4.01%;4.50%;4.93%;5.42%;5.92%;6.47%;7.06%;7.67%;8.85%;10.91%;15.26%;19.12%;19.12%
19/03/2018;3.12%;3.09%;2.99%;2.96%;2.98%;2.99%;3.21%;3.53%;4.01%;4.50%;4.93%;5.42%;5.92%;6.47%;7.06%;7.67%;8.85%;10.91%;15.26%;19.12%;19.12%
20/03/2018;3.12%;3.08%;2.99%;2.97%;2.98%;3.00%;3.25%;3.56%;4.04%;4.49%;4.96%;5.41%;5.92%;6.49%;7.06%;7.69%;8.84%;10.90%;15.24%;19.11%;19.11%
21/03/2018;3.12%;3.13%;3.06%;3.02%;3.02%;3.05%;3.27%;3.59%;4.04%;4.47%;4.93%;5.41%;5.93%;6.49%;7.07%;7.63%;8.82%;10.82%;15.12%;18.94%;18.94%
22/03/2018;3.12%;3.12%;3.06%;3.01%;3.01%;3.05%;3.29%;3.59%;4.06%;4.48%;4.96%;5.38%;5.92%;6.51%;7.10%;7.68%;8.79%;10.81%;15.11%;18.93%;18.93%
23/03/2018;3.12%;3.12%;3.05%;3.01%;3.01%;3.04%;3.28%;3.57%;4.05%;4.46%;4.93%;5.41%;5.91%;6.49%;7.08%;7.67%;8.76%;10.78%;15.07%;18.86%;18.86%
26/03/2018;3.11%;3.12%;3.03%;3.00%;2.99%;3.01%;3.23%;3.54%;4.02%;4.40%;4.86%;5.35%;5.83%;6.41%;6.98%;7.56%;8.70%;10.64%;14.85%;18.57%;18.57%
27/03/2018;3.09%;3.12%;3.01%;2.99%;2.99%;3.02%;3.24%;3.54%;4.03%;4.38%;4.86%;5.31%;5.78%;6.34%;6.90%;7.49%;8.63%;10.56%;14.71%;18.38%;18.38%
28/03/2018;3.07%;3.10%;3.00%;3.00%;2.99%;3.01%;3.24%;3.53%;4.03%;4.38%;4.82%;5.31%;5.74%;6.29%;6.85%;7.44%;8.56%;10.52%;14.66%;18.30%;18.30%
29/03/2018;3.07%;3.10%;3.00%;3.00%;2.99%;3.01%;3.24%;3.53%;4.03%;4.38%;4.82%;5.31%;5.74%;6.29%;6.85%;7.44%;8.56%;10.52%;14.66%;18.30%;18.30%
30/03/2018;3.07%;3.10%;3.00%;3.00%;2.99%;3.01%;3.24%;3.53%;4.03%;4.38%;4.82%;5.31%;5.74%;6.29%;6.85%;7.44%;8.56%;10.52%;14.66%;18.30%;18.30%
02/04/2018;3.07%;3.10%;3.01%;3.00%;3.02%;3.05%;3.28%;3.58%;4.04%;4.44%;4.87%;5.33%;5.82%;6.29%;6.96%;7.50%;8.61%;10.56%;14.73%;18.40%;18.40%
03/04/2018;3.08%;3.10%;3.01%;2.99%;2.99%;3.01%;3.26%;3.56%;4.04%;4.43%;4.87%;5.28%;5.81%;6.31%;6.91%;7.47%;8.58%;10.54%;14.69%;18.34%;18.34%
04/04/2018;3.08%;3.10%;3.00%;2.99%;2.99%;3.01%;3.25%;3.56%;4.03%;4.41%;4.86%;5.31%;5.77%;6.29%;6.86%;7.49%;8.57%;10.48%;14.60%;18.23%;18.23%
05/04/2018;3.09%;3.10%;3.00%;2.99%;2.99%;3.01%;3.26%;3.54%;4.01%;4.44%;4.84%;5.29%;5.75%;6.29%;6.85%;7.46%;8.51%;10.43%;14.53%;18.13%;18.13%
06/04/2018;3.08%;3.06%;2.94%;2.93%;2.92%;2.95%;3.21%;3.50%;3.97%;4.38%;4.79%;5.24%;5.72%;6.23%;6.82%;7.42%;8.44%;10.50%;14.63%;18.24%;18.24%
09/04/2018;3.07%;3.04%;2.96%;2.93%;2.91%;2.94%;3.19%;3.50%;3.99%;4.37%;4.80%;5.24%;5.70%;6.23%;6.83%;7.40%;8.45%;10.53%;14.66%;18.29%;18.29%
10/04/2018;3.06%;3.00%;2.93%;2.90%;2.88%;2.92%;3.17%;3.46%;3.93%;4.35%;4.79%;5.21%;5.65%;6.17%;6.76%;7.34%;8.38%;10.48%;14.59%;18.19%;18.19%
11/04/2018;3.07%;3.00%;2.91%;2.89%;2.88%;2.90%;3.14%;3.42%;3.88%;4.30%;4.73%;5.17%;5.62%;6.14%;6.71%;7.26%;8.33%;10.42%;14.49%;18.04%;18.04%
12/04/2018;3.07%;2.99%;2.89%;2.89%;2.88%;2.89%;3.11%;3.40%;3.88%;4.30%;4.70%;5.15%;5.61%;6.14%;6.69%;7.29%;8.41%;10.48%;14.57%;18.16%;18.16%
13/04/2018;3.07%;2.98%;2.87%;2.84%;2.84%;2.85%;3.04%;3.33%;3.79%;4.22%;4.66%;5.12%;5.58%;6.09%;6.65%;7.24%;8.35%;10.20%;14.16%;17.60%;17.60%
16/04/2018;3.07%;2.94%;2.85%;2.80%;2.81%;2.83%;3.03%;3.32%;3.75%;4.18%;4.62%;5.09%;5.53%;6.05%;6.56%;7.15%;8.28%;10.12%;14.03%;17.43%;17.43%
17/04/2018;3.07%;2.94%;2.83%;2.81%;2.81%;2.85%;3.06%;3.34%;3.79%;4.17%;4.64%;5.05%;5.50%;6.01%;6.54%;7.18%;8.23%;10.06%;13.95%;17.32%;17.32%
18/04/2018;3.07%;2.93%;2.83%;2.79%;2.80%;2.83%;3.05%;3.32%;3.76%;4.19%;4.64%;5.06%;5.52%;6.01%;6.54%;7.12%;8.19%;10.01%;13.87%;17.21%;17.21%
19/04/2018;3.07%;2.94%;2.83%;2.78%;2.79%;2.83%;3.06%;3.32%;3.78%;4.19%;4.64%;5.09%;5.54%;6.00%;6.56%;7.16%;8.22%;10.06%;13.94%;17.31%;17.31%
20/04/2018;3.08%;2.94%;2.84%;2.79%;2.78%;2.82%;3.05%;3.32%;3.75%;4.20%;4.63%;5.10%;5.52%;5.97%;6.52%;7.17%;8.20%;10.07%;13.96%;17.33%;17.33%
23/04/2018;3.10%;2.94%;2.84%;2.80%;2.79%;2.83%;3.06%;3.33%;3.79%;4.21%;4.65%;5.09%;5.54%;6.00%;6.56%;7.19%;8.22%;10.12%;14.03%;17.43%;17.43%
24/04/2018;3.14%;2.93%;2.86%;2.81%;2.80%;2.84%;3.04%;3.33%;3.80%;4.21%;4.63%;5.07%;5.51%;5.97%;6.52%;7.19%;8.18%;10.07%;13.96%;17.33%;17.33%
25/04/2018;3.14%;2.91%;2.86%;2.82%;2.83%;2.86%;3.08%;3.37%;3.83%;4.24%;4.67%;5.09%;5.52%;6.01%;6.57%;7.17%;8.24%;10.13%;14.05%;17.45%;17.45%
26/04/2018;3.14%;2.93%;2.88%;2.83%;2.82%;2.87%;3.06%;3.34%;3.81%;4.20%;4.64%;5.10%;5.53%;6.01%;6.57%;7.15%;8.25%;10.13%;14.06%;17.46%;17.46%
27/04/2018;3.15%;2.93%;2.88%;2.85%;2.85%;2.87%;3.07%;3.36%;3.83%;4.25%;4.64%;5.08%;5.53%;5.97%;6.56%;7.14%;8.24%;10.12%;14.03%;17.43%;17.43%
30/04/2018;2.91%;2.91%;2.87%;2.85%;2.87%;2.88%;3.11%;3.39%;3.86%;4.28%;4.64%;5.09%;5.53%;5.96%;6.54%;7.14%;8.26%;10.15%;14.08%;17.50%;17.50%
01/05/2018;2.91%;2.91%;2.87%;2.85%;2.87%;2.88%;3.11%;3.39%;3.86%;4.28%;4.64%;5.09%;5.53%;5.96%;6.54%;7.14%;8.26%;10.15%;14.08%;17.50%;17.50%
02/05/2018;2.92%;2.90%;2.87%;2.85%;2.86%;2.90%;3.14%;3.44%;3.91%;4.32%;4.71%;5.14%;5.58%;6.02%;6.57%;7.15%;8.35%;10.26%;14.24%;17.71%;17.71%
03/05/2018;2.92%;2.90%;2.85%;2.85%;2.87%;2.93%;3.18%;3.47%;3.94%;4.32%;4.75%;5.13%;5.61%;6.04%;6.59%;7.25%;8.39%;10.32%;14.33%;17.84%;17.84%
04/05/2018;2.92%;2.93%;2.85%;2.85%;2.88%;2.91%;3.15%;3.44%;3.92%;4.33%;4.74%;5.18%;5.61%;6.08%;6.63%;7.20%;8.39%;10.36%;14.40%;17.92%;17.92%
07/05/2018;2.91%;2.92%;2.89%;2.89%;2.90%;2.97%;3.20%;3.47%;3.97%;4.38%;4.79%;5.26%;5.65%;6.12%;6.63%;7.21%;8.36%;10.33%;14.36%;17.88%;17.88%
08/05/2018;2.81%;2.89%;2.87%;2.88%;2.91%;3.00%;3.25%;3.55%;4.01%;4.46%;4.85%;5.30%;5.71%;6.16%;6.67%;7.31%;8.47%;10.56%;14.70%;18.34%;18.34%
09/05/2018;2.86%;2.88%;2.87%;2.87%;2.90%;3.00%;3.24%;3.55%;4.04%;4.47%;4.88%;5.30%;5.70%;6.16%;6.66%;7.26%;8.42%;10.50%;14.61%;18.22%;18.22%
10/05/2018;2.86%;2.88%;2.85%;2.84%;2.88%;2.97%;3.22%;3.51%;4.01%;4.44%;4.85%;5.27%;5.65%;6.12%;6.62%;7.17%;8.23%;10.26%;14.25%;17.73%;17.73%
11/05/2018;2.86%;2.88%;2.86%;2.85%;2.87%;2.94%;3.21%;3.52%;4.01%;4.45%;4.86%;5.28%;5.69%;6.16%;6.64%;7.20%;8.16%;10.16%;14.12%;17.57%;17.57%
14/05/2018;2.86%;2.88%;2.86%;2.85%;2.87%;2.94%;3.21%;3.52%;4.01%;4.45%;4.86%;5.28%;5.69%;6.16%;6.64%;7.20%;8.16%;10.16%;14.12%;17.57%;17.57%
15/05/2018;2.85%;2.89%;2.85%;2.85%;2.87%;2.97%;3.22%;3.52%;4.04%;4.48%;4.89%;5.34%;5.77%;6.22%;6.71%;7.26%;8.24%;10.27%;14.28%;17.78%;17.78%
16/05/2018;2.87%;2.89%;2.84%;2.85%;2.86%;2.97%;3.22%;3.53%;4.04%;4.50%;4.90%;5.35%;5.77%;6.21%;6.70%;7.25%;8.28%;10.35%;14.39%;17.93%;17.93%
17/05/2018;2.88%;2.87%;2.86%;2.86%;2.90%;3.01%;3.29%;3.60%;4.15%;4.58%;5.01%;5.44%;5.89%;6.28%;6.83%;7.40%;8.39%;10.54%;14.68%;18.34%;18.34%
18/05/2018;2.88%;2.89%;2.89%;2.90%;2.92%;3.06%;3.37%;3.69%;4.24%;4.67%;5.08%;5.56%;5.97%;6.45%;6.94%;7.53%;8.61%;10.77%;15.06%;18.85%;18.85%
21/05/2018;2.88%;2.89%;2.88%;2.90%;2.92%;3.05%;3.37%;3.70%;4.24%;4.69%;5.10%;5.55%;5.98%;6.43%;6.97%;7.49%;8.59%;10.71%;15.52%;19.44%;19.44%
22/05/2018;2.89%;2.89%;2.89%;2.89%;2.93%;3.05%;3.36%;3.69%;4.22%;4.69%;5.07%;5.54%;5.98%;6.39%;6.94%;7.47%;8.54%;10.62%;15.37%;19.25%;19.25%
23/05/2018;2.89%;2.92%;2.87%;2.89%;2.92%;3.05%;3.35%;3.68%;4.22%;4.67%;5.06%;5.54%;5.92%;6.38%;6.91%;7.44%;8.52%;10.59%;15.33%;19.19%;19.19%
24/05/2018;2.90%;2.91%;2.87%;2.89%;2.92%;3.04%;3.34%;3.67%;4.18%;4.64%;5.08%;5.51%;5.90%;6.38%;6.84%;7.37%;8.54%;10.62%;15.36%;19.22%;19.22%
25/05/2018;2.91%;2.90%;2.88%;2.88%;2.93%;3.05%;3.36%;3.67%;4.19%;4.64%;5.07%;5.52%;5.93%;6.37%;6.87%;7.41%;8.50%;10.56%;15.29%;19.12%;19.12%
28/05/2018;2.91%;2.90%;2.88%;2.88%;2.93%;3.05%;3.36%;3.67%;4.19%;4.64%;5.07%;5.52%;5.93%;6.37%;6.87%;7.41%;8.50%;10.56%;15.29%;19.12%;19.12%
29/05/2018;2.91%;2.91%;2.88%;2.89%;2.94%;3.07%;3.37%;3.69%;4.22%;4.67%;5.07%;5.54%;5.97%;6.38%;6.89%;7.45%;8.53%;10.63%;15.39%;19.26%;19.26%
30/05/2018;2.91%;2.91%;2.87%;2.88%;2.93%;3.06%;3.36%;3.68%;4.20%;4.64%;5.05%;5.51%;5.94%;6.38%;6.88%;7.45%;8.56%;10.64%;15.40%;19.28%;19.28%
31/05/2018;2.92%;2.91%;2.88%;2.89%;2.94%;3.07%;3.37%;3.69%;4.20%;4.65%;5.07%;5.52%;5.94%;6.39%;6.90%;7.43%;8.55%;10.63%;15.40%;19.27%;19.27%
01/06/2018;2.92%;2.91%;2.87%;2.87%;2.92%;3.06%;3.36%;3.66%;4.17%;4.61%;5.03%;5.47%;5.89%;6.41%;6.89%;7.35%;8.53%;10.62%;15.37%;19.24%;19.24%
04/06/2018;2.92%;2.91%;2.87%;2.87%;2.92%;3.06%;3.36%;3.66%;4.17%;4.61%;5.03%;5.47%;5.89%;6.41%;6.89%;7.35%;8.53%;10.62%;15.37%;19.24%;19.24%
05/06/2018;2.92%;2.90%;2.85%;2.86%;2.92%;3.05%;3.34%;3.63%;4.14%;4.53%;4.93%;5.41%;5.79%;6.23%;6.74%;7.25%;8.35%;10.23%;14.77%;18.42%;18.42%
06/06/2018;2.91%;2.90%;2.87%;2.88%;2.92%;3.06%;3.34%;3.62%;4.10%;4.51%;4.93%;5.38%;5.76%;6.17%;6.68%;7.20%;8.35%;10.11%;14.57%;18.16%;18.16%
07/06/2018;2.92%;2.89%;2.88%;2.89%;2.95%;3.09%;3.38%;3.66%;4.12%;4.53%;4.98%;5.38%;5.77%;6.17%;6.67%;7.24%;8.38%;10.18%;14.68%;18.30%;18.30%
08/06/2018;2.92%;2.93%;2.90%;2.94%;3.00%;3.13%;3.43%;3.75%;4.21%;4.63%;5.06%;5.51%;5.89%;6.28%;6.84%;7.30%;8.49%;10.32%;14.91%;18.63%;18.63%
11/06/2018;2.92%;2.93%;2.90%;2.94%;3.00%;3.13%;3.43%;3.75%;4.21%;4.63%;5.06%;5.51%;5.89%;6.28%;6.84%;7.30%;8.49%;10.32%;14.91%;18.63%;18.63%
12/06/2018;2.92%;2.90%;2.90%;2.96%;3.03%;3.16%;3.45%;3.79%;4.26%;4.68%;5.11%;5.56%;5.97%;6.37%;6.90%;7.38%;8.54%;10.39%;15.03%;18.80%;18.80%
13/06/2018;2.91%;2.91%;2.90%;2.96%;3.05%;3.17%;3.48%;3.81%;4.30%;4.72%;5.12%;5.60%;6.00%;6.43%;6.95%;7.40%;8.54%;10.39%;15.03%;18.80%;18.80%
14/06/2018;2.91%;2.92%;2.92%;2.96%;3.05%;3.22%;3.52%;3.87%;4.35%;4.78%;5.16%;5.62%;6.04%;6.46%;6.97%;7.41%;8.53%;10.39%;15.03%;18.81%;18.81%
15/06/2018;2.90%;2.92%;2.91%;2.97%;3.05%;3.20%;3.56%;3.88%;4.39%;4.82%;5.23%;5.68%;6.11%;6.53%;7.02%;7.52%;8.62%;10.50%;15.22%;19.07%;19.07%
18/06/2018;2.90%;2.91%;2.91%;2.97%;3.07%;3.24%;3.58%;3.92%;4.44%;4.87%;5.25%;5.70%;6.13%;6.55%;7.00%;7.58%;8.67%;10.56%;15.31%;19.20%;19.20%
19/06/2018;2.90%;2.91%;2.91%;2.96%;3.07%;3.23%;3.59%;3.90%;4.43%;4.86%;5.26%;5.69%;6.13%;6.58%;7.06%;7.59%;8.69%;10.59%;15.36%;19.27%;19.27%
20/06/2018;2.91%;2.91%;2.90%;2.95%;3.06%;3.24%;3.59%;3.90%;4.43%;4.87%;5.28%;5.72%;6.14%;6.57%;7.01%;7.55%;8.67%;10.56%;15.31%;19.20%;19.20%
21/06/2018;2.91%;2.91%;2.92%;2.94%;3.06%;3.24%;3.58%;3.89%;4.42%;4.87%;5.29%;5.72%;6.16%;6.59%;7.07%;7.59%;8.72%;10.63%;15.41%;19.34%;19.34%
22/06/2018;2.91%;2.91%;2.92%;2.96%;3.08%;3.23%;3.56%;3.88%;4.42%;4.86%;5.27%;5.68%;6.14%;6.56%;7.06%;7.51%;8.59%;10.60%;15.38%;19.27%;19.27%
25/06/2018;2.91%;2.92%;2.92%;2.98%;3.08%;3.25%;3.58%;3.92%;4.45%;4.90%;5.29%;5.70%;6.14%;6.60%;7.07%;7.54%;8.59%;10.56%;15.31%;19.21%;19.21%
26/06/2018;2.91%;2.90%;2.93%;2.98%;3.09%;3.26%;3.59%;3.91%;4.44%;4.88%;5.30%;5.73%;6.17%;6.61%;7.07%;7.54%;8.57%;10.51%;15.24%;19.11%;19.11%
27/06/2018;2.91%;2.92%;2.92%;2.99%;3.09%;3.28%;3.61%;3.93%;4.46%;4.93%;5.34%;5.71%;6.21%;6.63%;7.08%;7.58%;8.57%;10.49%;15.21%;19.07%;19.07%
28/06/2018;2.91%;2.92%;2.92%;2.98%;3.09%;3.27%;3.60%;3.92%;4.47%;4.93%;5.32%;5.74%;6.17%;6.59%;7.05%;7.51%;8.57%;10.47%;15.18%;19.02%;19.02%
29/06/2018;2.91%;2.92%;2.92%;2.98%;3.09%;3.27%;3.61%;3.92%;4.45%;4.91%;5.32%;5.72%;6.17%;6.60%;7.08%;7.51%;8.59%;10.47%;15.17%;19.02%;19.02%
02/07/2018;2.91%;2.92%;2.92%;2.98%;3.09%;3.27%;3.61%;3.92%;4.45%;4.91%;5.32%;5.72%;6.17%;6.60%;7.08%;7.51%;8.59%;10.47%;15.17%;19.02%;19.02%
03/07/2018;2.91%;2.92%;2.93%;2.98%;3.07%;3.26%;3.59%;3.90%;4.43%;4.88%;5.24%;5.65%;6.13%;6.53%;7.01%;7.40%;8.56%;10.47%;15.17%;19.00%;19.00%
04/07/2018;2.91%;2.92%;2.93%;2.98%;3.07%;3.26%;3.59%;3.90%;4.43%;4.88%;5.24%;5.65%;6.13%;6.53%;7.01%;7.40%;8.56%;10.47%;15.17%;19.00%;19.00%
05/07/2018;2.91%;2.92%;2.92%;2.97%;3.09%;3.28%;3.60%;3.91%;4.44%;4.88%;5.28%;5.65%;6.12%;6.54%;6.99%;7.46%;8.58%;10.50%;15.22%;19.07%;19.07%
06/07/2018;2.91%;2.93%;2.92%;2.97%;3.09%;3.28%;3.61%;3.91%;4.43%;4.89%;5.29%;5.64%;6.13%;6.56%;6.95%;7.50%;8.55%;10.46%;15.16%;18.98%;18.98%
09/07/2018;2.92%;2.93%;2.93%;2.98%;3.10%;3.29%;3.63%;3.91%;4.43%;4.87%;5.28%;5.68%;6.16%;6.60%;7.00%;7.50%;8.54%;10.45%;15.14%;18.97%;18.97%
10/07/2018;2.91%;2.93%;2.92%;2.98%;3.09%;3.27%;3.60%;3.88%;4.40%;4.84%;5.27%;5.69%;6.12%;6.54%;7.03%;7.43%;8.56%;10.47%;15.16%;19.00%;19.00%
11/07/2018;2.91%;2.92%;2.92%;2.97%;3.07%;3.26%;3.59%;3.87%;4.40%;4.85%;5.29%;5.71%;6.16%;6.59%;7.06%;7.49%;8.57%;10.49%;15.20%;19.05%;19.05%
12/07/2018;2.91%;2.93%;2.92%;2.98%;3.06%;3.24%;3.59%;3.88%;4.41%;4.86%;5.29%;5.72%;6.17%;6.60%;7.06%;7.52%;8.56%;10.48%;15.19%;19.04%;19.04%
13/07/2018;2.91%;2.92%;2.92%;2.97%;3.05%;3.22%;3.56%;3.86%;4.38%;4.82%;5.27%;5.72%;6.18%;6.64%;7.08%;7.56%;8.60%;10.52%;15.25%;19.12%;19.12%
16/07/2018;2.91%;2.93%;2.92%;2.97%;3.04%;3.21%;3.56%;3.86%;4.37%;4.83%;5.26%;5.71%;6.14%;6.64%;7.10%;7.53%;8.60%;10.52%;15.26%;19.13%;19.13%
17/07/2018;2.91%;2.92%;2.92%;2.97%;3.03%;3.19%;3.52%;3.82%;4.34%;4.79%;5.24%;5.70%;6.16%;6.63%;7.10%;7.54%;8.64%;10.57%;15.33%;19.22%;19.22%
18/07/2018;2.91%;2.92%;2.93%;2.97%;3.04%;3.17%;3.52%;3.80%;4.31%;4.78%;5.22%;5.70%;6.13%;6.63%;7.09%;7.55%;8.58%;10.50%;15.21%;19.06%;19.06%
19/07/2018;2.91%;2.91%;2.92%;2.96%;3.01%;3.16%;3.48%;3.76%;4.28%;4.73%;5.19%;5.68%;6.16%;6.75%;7.05%;7.55%;8.55%;10.46%;15.16%;18.99%;18.99%
20/07/2018;2.91%;2.91%;2.92%;2.96%;3.01%;3.16%;3.48%;3.76%;4.28%;4.73%;5.19%;5.68%;6.16%;6.75%;7.05%;7.55%;8.55%;10.46%;15.16%;18.99%;18.99%
23/07/2018;2.91%;2.92%;2.92%;2.96%;3.02%;3.16%;3.47%;3.75%;4.26%;4.74%;5.19%;5.66%;6.15%;6.61%;7.06%;7.57%;8.56%;10.47%;15.17%;19.01%;19.01%
24/07/2018;2.91%;2.92%;2.92%;2.96%;3.02%;3.16%;3.47%;3.74%;4.27%;4.74%;5.21%;5.70%;6.16%;6.65%;7.13%;7.63%;8.61%;10.53%;15.27%;19.14%;19.14%
25/07/2018;2.91%;2.92%;2.92%;2.96%;3.03%;3.17%;3.47%;3.74%;4.28%;4.76%;5.21%;5.71%;6.19%;6.70%;7.17%;7.63%;8.65%;10.58%;15.34%;19.24%;19.24%
26/07/2018;2.91%;2.92%;2.92%;2.98%;3.02%;3.16%;3.47%;3.70%;4.23%;4.73%;5.20%;5.72%;6.18%;6.70%;7.20%;7.65%;8.63%;10.56%;15.31%;19.20%;19.20%
27/07/2018;2.91%;2.92%;2.92%;2.98%;3.01%;3.15%;3.42%;3.68%;4.20%;4.68%;5.16%;5.66%;6.15%;6.66%;7.14%;7.61%;8.62%;10.55%;15.29%;19.16%;19.16%
30/07/2018;2.91%;2.92%;2.93%;2.99%;3.01%;3.16%;3.44%;3.69%;4.19%;4.68%;5.17%;5.68%;6.18%;6.69%;7.17%;7.64%;8.61%;10.54%;15.27%;19.15%;19.15%
31/07/2018;2.91%;2.92%;2.92%;2.99%;3.02%;3.16%;3.43%;3.69%;4.20%;4.67%;5.16%;5.68%;6.17%;6.70%;7.18%;7.67%;8.64%;10.57%;15.33%;19.22%;19.22%
01/08/2018;2.91%;2.92%;2.93%;2.98%;3.04%;3.17%;3.44%;3.69%;4.19%;4.66%;5.15%;5.68%;6.17%;6.69%;7.19%;7.63%;8.62%;10.54%;15.28%;19.15%;19.15%
02/08/2018;2.91%;2.92%;2.92%;2.99%;3.05%;3.19%;3.47%;3.72%;4.21%;4.68%;5.18%;5.68%;6.20%;6.73%;7.19%;7.69%;8.63%;10.56%;15.31%;19.20%;19.20%
03/08/2018;2.91%;2.92%;2.93%;2.97%;3.04%;3.18%;3.47%;3.75%;4.21%;4.69%;5.17%;5.68%;6.19%;6.73%;7.21%;7.62%;8.64%;10.57%;15.32%;19.22%;19.22%
06/08/2018;2.91%;2.92%;2.92%;2.96%;3.03%;3.16%;3.45%;3.70%;4.20%;4.65%;5.14%;5.65%;6.12%;6.68%;7.18%;7.64%;8.62%;10.55%;15.29%;19.16%;19.16%
07/08/2018;2.91%;2.92%;2.92%;2.96%;3.03%;3.16%;3.45%;3.70%;4.20%;4.65%;5.14%;5.65%;6.12%;6.68%;7.18%;7.64%;8.62%;10.55%;15.29%;19.16%;19.16%
08/08/2018;2.91%;2.92%;2.92%;2.96%;3.03%;3.17%;3.48%;3.73%;4.22%;4.70%;5.18%;5.68%;6.18%;6.68%;7.20%;7.68%;8.60%;10.53%;15.26%;19.13%;19.13%
09/08/2018;2.91%;2.92%;2.92%;2.96%;3.04%;3.19%;3.50%;3.75%;4.23%;4.70%;5.18%;5.68%;6.17%;6.71%;7.22%;7.66%;8.63%;10.56%;15.32%;19.21%;19.21%
10/08/2018;2.91%;2.93%;2.92%;2.96%;3.05%;3.20%;3.51%;3.77%;4.26%;4.76%;5.22%;5.73%;6.21%;6.74%;7.24%;7.72%;8.67%;10.61%;15.40%;19.33%;19.33%
13/08/2018;2.91%;2.92%;2.93%;2.98%;3.07%;3.23%;3.55%;3.82%;4.31%;4.79%;5.27%;5.77%;6.20%;6.82%;7.29%;7.80%;8.74%;10.70%;15.54%;19.53%;19.53%
14/08/2018;2.91%;2.92%;2.93%;2.97%;3.07%;3.22%;3.54%;3.82%;4.31%;4.79%;5.28%;5.78%;6.25%;6.74%;7.26%;7.76%;8.71%;10.67%;15.49%;19.45%;19.45%
15/08/2018;2.91%;2.92%;2.93%;2.98%;3.06%;3.24%;3.56%;3.83%;4.36%;4.83%;5.32%;5.82%;6.32%;6.79%;7.30%;7.85%;8.81%;10.79%;15.69%;19.73%;19.73%
16/08/2018;2.91%;2.92%;2.93%;2.99%;3.06%;3.23%;3.54%;3.82%;4.34%;4.81%;5.31%;5.81%;6.29%;6.78%;7.32%;7.82%;8.78%;10.76%;15.64%;19.66%;19.66%
17/08/2018;2.91%;2.92%;2.93%;2.98%;3.06%;3.23%;3.53%;3.80%;4.31%;4.78%;5.27%;5.80%;6.27%;6.75%;7.26%;7.77%;8.77%;10.74%;15.61%;19.62%;19.62%
20/08/2018;2.91%;2.92%;2.93%;2.98%;3.06%;3.23%;3.53%;3.80%;4.31%;4.78%;5.27%;5.80%;6.27%;6.75%;7.26%;7.77%;8.77%;10.74%;15.61%;19.62%;19.62%
21/08/2018;2.91%;2.92%;2.93%;2.98%;3.06%;3.21%;3.53%;3.77%;4.27%;4.74%;5.25%;5.78%;6.22%;6.75%;7.25%;7.74%;8.76%;10.72%;15.57%;19.56%;19.56%
22/08/2018;2.91%;2.92%;2.93%;2.97%;3.06%;3.20%;3.50%;3.76%;4.24%;4.71%;5.19%;5.74%;6.20%;6.69%;7.20%;7.65%;8.72%;10.67%;15.49%;19.44%;19.44%
23/08/2018;2.91%;2.92%;2.93%;2.98%;3.07%;3.21%;3.51%;3.77%;4.26%;4.72%;5.21%;5.69%;6.16%;6.67%;7.18%;7.67%;8.72%;10.68%;15.50%;19.45%;19.45%
24/08/2018;2.91%;2.92%;2.93%;2.98%;3.08%;3.22%;3.51%;3.77%;4.23%;4.71%;5.19%;5.68%;6.17%;6.66%;7.13%;7.64%;8.74%;10.69%;15.52%;19.47%;19.47%
27/08/2018;2.92%;2.92%;2.92%;2.98%;3.08%;3.22%;3.50%;3.77%;4.24%;4.70%;5.18%;5.64%;6.17%;6.68%;7.16%;7.64%;8.72%;10.67%;15.48%;19.43%;19.43%
28/08/2018;2.91%;2.92%;2.93%;2.99%;3.09%;3.23%;3.51%;3.78%;4.26%;4.73%;5.22%;5.70%;6.21%;6.70%;7.19%;7.70%;8.76%;10.75%;15.61%;19.60%;19.60%
29/08/2018;2.91%;2.92%;2.93%;2.98%;3.09%;3.24%;3.50%;3.77%;4.25%;4.74%;5.20%;5.67%;6.23%;6.72%;7.22%;7.70%;8.77%;10.79%;15.67%;19.68%;19.68%
30/08/2018;2.91%;2.92%;2.92%;2.99%;3.10%;3.25%;3.53%;3.78%;4.30%;4.75%;5.24%;5.72%;6.23%;6.73%;7.26%;7.76%;8.82%;10.85%;15.77%;19.82%;19.82%
31/08/2018;2.91%;2.92%;2.93%;2.99%;3.10%;3.26%;3.54%;3.80%;4.32%;4.77%;5.26%;5.75%;6.24%;6.77%;7.28%;7.76%;8.84%;10.87%;15.81%;19.88%;19.88%
03/09/2018;2.91%;2.92%;2.93%;2.99%;3.10%;3.26%;3.54%;3.81%;4.32%;4.77%;5.26%;5.75%;6.24%;6.77%;7.28%;7.76%;8.84%;10.87%;15.81%;19.88%;19.88%
04/09/2018;2.91%;2.92%;2.93%;2.98%;3.10%;3.27%;3.55%;3.82%;4.33%;4.79%;5.29%;5.80%;6.27%;6.79%;7.30%;7.81%;8.89%;10.93%;15.91%;20.02%;20.02%
05/09/2018;2.91%;2.92%;2.93%;2.99%;3.12%;3.29%;3.59%;3.86%;4.36%;4.84%;5.33%;5.82%;6.32%;6.86%;7.34%;7.88%;8.92%;10.98%;15.99%;20.13%;20.13%
06/09/2018;2.91%;2.92%;2.93%;3.00%;3.13%;3.33%;3.64%;3.92%;4.42%;4.91%;5.43%;5.91%;6.44%;6.98%;7.48%;8.04%;9.18%;11.12%;16.23%;20.49%;20.49%
07/09/2018;2.91%;2.92%;2.94%;2.99%;3.15%;3.35%;3.66%;3.93%;4.45%;4.96%;5.47%;5.99%;6.45%;7.05%;7.59%;8.12%;9.24%;11.21%;16.37%;20.68%;20.68%
10/09/2018;2.91%;2.92%;2.94%;3.01%;3.14%;3.35%;3.67%;3.95%;4.50%;5.00%;5.48%;6.03%;6.52%;7.10%;7.66%;8.19%;9.28%;11.25%;16.45%;20.81%;20.81%
11/09/2018;2.90%;2.92%;2.94%;3.01%;3.15%;3.34%;3.65%;3.94%;4.48%;4.98%;5.45%;6.00%;6.47%;7.08%;7.58%;8.12%;9.27%;11.24%;16.42%;20.76%;20.76%
12/09/2018;2.90%;2.92%;2.94%;3.00%;3.12%;3.30%;3.59%;3.88%;4.39%;4.88%;5.39%;5.91%;6.40%;6.98%;7.47%;8.06%;9.23%;11.18%;16.31%;20.59%;20.59%
13/09/2018;2.90%;2.92%;2.94%;2.99%;3.10%;3.28%;3.57%;3.84%;4.35%;4.85%;5.36%;5.88%;6.34%;6.91%;7.43%;7.96%;9.13%;11.19%;16.32%;20.60%;20.60%
14/09/2018;2.90%;2.92%;2.93%;3.00%;3.12%;3.29%;3.59%;3.85%;4.38%;4.85%;5.36%;5.90%;6.36%;6.94%;7.46%;7.98%;9.15%;11.22%;16.38%;20.66%;20.66%
17/09/2018;2.90%;2.92%;2.94%;3.00%;3.12%;3.28%;3.58%;3.85%;4.38%;4.84%;5.36%;5.91%;6.38%;6.95%;7.48%;7.95%;9.15%;11.22%;16.37%;20.66%;20.66%
18/09/2018;2.90%;2.92%;2.94%;3.01%;3.13%;3.29%;3.59%;3.87%;4.39%;4.87%;5.38%;5.92%;6.40%;6.95%;7.48%;7.99%;9.14%;11.21%;16.35%;20.64%;20.64%
19/09/2018;2.91%;2.92%;2.94%;3.01%;3.13%;3.31%;3.60%;3.87%;4.40%;4.88%;5.39%;5.92%;6.40%;6.95%;7.48%;8.00%;9.14%;11.20%;16.35%;20.64%;20.64%
20/09/2018;2.91%;2.92%;2.94%;3.00%;3.13%;3.30%;3.60%;3.87%;4.39%;4.89%;5.37%;5.88%;6.36%;6.93%;7.46%;7.98%;9.14%;11.22%;16.37%;20.66%;20.66%
21/09/2018;2.91%;2.92%;2.94%;3.00%;3.11%;3.29%;3.58%;3.86%;4.38%;4.86%;5.36%;5.88%;6.37%;6.93%;7.40%;7.93%;9.16%;11.23%;16.39%;20.68%;20.68%
24/09/2018;2.91%;2.92%;2.94%;2.99%;3.11%;3.28%;3.59%;3.87%;4.37%;4.86%;5.34%;5.86%;6.36%;6.88%;7.36%;7.90%;9.17%;11.24%;16.41%;20.71%;20.71%
25/09/2018;2.91%;2.92%;2.94%;2.99%;3.11%;3.30%;3.60%;3.87%;4.38%;4.89%;5.38%;5.89%;6.37%;6.86%;7.42%;7.94%;9.22%;11.31%;16.51%;20.85%;20.85%
26/09/2018;2.91%;2.92%;2.94%;2.99%;3.11%;3.28%;3.59%;3.86%;4.38%;4.86%;5.35%;5.90%;6.35%;6.90%;7.44%;7.96%;9.22%;11.31%;16.51%;20.85%;20.85%
27/09/2018;2.91%;2.92%;2.93%;2.99%;3.10%;3.28%;3.58%;3.85%;4.35%;4.88%;5.36%;5.89%;6.35%;6.84%;7.35%;7.88%;9.18%;11.25%;16.41%;20.71%;20.71%
28/09/2018;2.90%;2.92%;2.93%;3.00%;3.11%;3.29%;3.59%;3.86%;4.37%;4.84%;5.34%;5.85%;6.31%;6.79%;7.30%;7.84%;9.16%;11.23%;16.38%;20.66%;20.66%
01/10/2018;2.91%;2.92%;2.93%;3.00%;3.12%;3.30%;3.61%;3.90%;4.40%;4.86%;5.37%;5.85%;6.32%;6.82%;7.33%;7.88%;9.18%;11.25%;16.42%;20.72%;20.72%
02/10/2018;2.91%;2.92%;2.94%;3.00%;3.12%;3.32%;3.62%;3.91%;4.41%;4.91%;5.40%;5.87%;6.33%;6.87%;7.37%;7.96%;9.19%;11.27%;16.45%;20.76%;20.76%
03/10/2018;2.91%;2.92%;2.95%;2.99%;3.10%;3.31%;3.63%;3.92%;4.44%;4.94%;5.44%;5.93%;6.36%;6.93%;7.39%;8.01%;9.23%;11.32%;16.54%;20.89%;20.89%
04/10/2018;2.91%;2.93%;2.94%;3.00%;3.11%;3.32%;3.64%;3.93%;4.45%;4.98%;5.47%;5.95%;6.40%;6.93%;7.44%;8.08%;9.24%;11.34%;16.57%;20.94%;20.94%
05/10/2018;2.91%;2.92%;2.94%;3.01%;3.12%;3.32%;3.66%;3.95%;4.48%;4.98%;5.48%;5.97%;6.46%;7.04%;7.58%;8.17%;9.27%;11.38%;16.65%;21.06%;21.06%
08/10/2018;2.91%;2.92%;2.94%;3.01%;3.13%;3.32%;3.65%;3.95%;4.49%;4.99%;5.48%;5.99%;6.50%;7.02%;7.59%;8.18%;9.28%;11.40%;16.67%;21.09%;21.09%
09/10/2018;2.91%;2.92%;2.94%;3.00%;3.12%;3.31%;3.63%;3.91%;4.44%;4.95%;5.46%;5.99%;6.52%;7.00%;7.57%;8.14%;9.25%;11.35%;16.59%;20.98%;20.98%
10/10/2018;2.91%;2.92%;2.95%;3.01%;3.13%;3.33%;3.65%;3.92%;4.46%;4.95%;5.46%;6.01%;6.51%;7.03%;7.61%;8.18%;9.27%;11.38%;16.64%;21.05%;21.05%
11/10/2018;2.91%;2.92%;2.96%;3.01%;3.13%;3.33%;3.64%;3.93%;4.46%;4.94%;5.45%;6.00%;6.50%;6.99%;7.58%;8.12%;9.31%;11.44%;16.73%;21.16%;21.16%
12/10/2018;2.91%;2.92%;2.96%;3.02%;3.14%;3.32%;3.65%;3.94%;4.47%;4.98%;5.48%;6.03%;6.54%;7.08%;7.63%;8.20%;9.32%;11.44%;16.75%;21.20%;21.20%
15/10/2018;2.91%;2.92%;2.96%;3.02%;3.14%;3.32%;3.65%;3.94%;4.47%;4.98%;5.48%;6.03%;6.54%;7.08%;7.63%;8.20%;9.32%;11.44%;16.75%;21.20%;21.20%
16/10/2018;2.91%;2.92%;2.96%;3.02%;3.12%;3.32%;3.64%;3.93%;4.47%;4.94%;5.47%;5.99%;6.52%;7.02%;7.58%;8.13%;9.28%;11.39%;16.65%;21.06%;21.06%
17/10/2018;2.91%;2.92%;2.96%;3.03%;3.13%;3.32%;3.63%;3.92%;4.45%;4.92%;5.44%;5.98%;6.48%;7.02%;7.53%;8.08%;9.23%;11.32%;16.55%;20.92%;20.92%
18/10/2018;2.91%;2.93%;2.96%;3.04%;3.13%;3.32%;3.63%;3.92%;4.45%;4.95%;5.44%;6.01%;6.51%;7.02%;7.57%;8.13%;9.28%;11.39%;16.65%;21.07%;21.07%
19/10/2018;2.91%;2.93%;2.96%;3.03%;3.13%;3.31%;3.63%;3.93%;4.46%;4.95%;5.46%;6.00%;6.51%;7.01%;7.57%;8.10%;9.31%;11.39%;16.65%;21.06%;21.06%
22/10/2018;2.91%;2.93%;2.96%;3.03%;3.14%;3.32%;3.63%;3.93%;4.47%;4.97%;5.47%;6.01%;6.52%;7.01%;7.59%;8.13%;9.31%;11.38%;16.64%;21.05%;21.05%
23/10/2018;2.91%;2.93%;2.96%;3.03%;3.14%;3.32%;3.64%;3.95%;4.49%;5.01%;5.50%;6.05%;6.55%;7.08%;7.62%;8.19%;9.35%;11.43%;16.73%;21.18%;21.18%
24/10/2018;2.91%;2.93%;2.95%;3.03%;3.15%;3.33%;3.66%;3.97%;4.50%;5.02%;5.55%;6.08%;6.59%;7.12%;7.68%;8.25%;9.42%;11.53%;16.89%;21.40%;21.40%
25/10/2018;2.91%;2.93%;2.96%;3.04%;3.15%;3.33%;3.66%;3.97%;4.51%;5.05%;5.56%;6.11%;6.63%;7.14%;7.69%;8.23%;9.48%;11.60%;17.01%;21.57%;21.57%
26/10/2018;2.91%;2.94%;2.96%;3.03%;3.16%;3.33%;3.66%;3.96%;4.51%;5.06%;5.54%;6.13%;6.68%;7.18%;7.75%;8.27%;9.55%;11.69%;17.15%;21.76%;21.76%
29/10/2018;2.91%;2.92%;2.96%;3.04%;3.16%;3.35%;3.67%;3.99%;4.53%;5.05%;5.59%;6.14%;6.67%;7.21%;7.77%;8.35%;9.58%;11.73%;17.22%;21.86%;21.86%
30/10/2018;2.91%;2.93%;2.97%;3.06%;3.17%;3.37%;3.69%;4.01%;4.56%;5.09%;5.62%;6.15%;6.71%;7.24%;7.79%;8.34%;9.57%;11.72%;17.20%;21.85%;21.85%
31/10/2018;2.91%;2.93%;2.95%;3.05%;3.18%;3.37%;3.71%;4.02%;4.59%;5.11%;5.62%;6.17%;6.70%;7.23%;7.75%;8.35%;9.58%;11.73%;17.22%;21.87%;21.87%
01/11/2018;2.91%;2.92%;2.96%;3.05%;3.21%;3.41%;3.73%;4.05%;4.61%;5.13%;5.63%;6.15%;6.69%;7.22%;7.78%;8.37%;9.59%;11.75%;17.26%;21.92%;21.92%
02/11/2018;2.91%;2.92%;2.96%;3.08%;3.26%;3.46%;3.81%;4.14%;4.65%;5.22%;5.72%;6.25%;6.78%;7.33%;7.85%;8.41%;9.59%;11.78%;17.31%;22.02%;22.02%
05/11/2018;2.91%;2.92%;2.96%;3.08%;3.26%;3.46%;3.81%;4.14%;4.65%;5.22%;5.72%;6.25%;6.78%;7.33%;7.85%;8.41%;9.59%;11.78%;17.31%;22.02%;22.02%
06/11/2018;2.91%;2.92%;2.96%;3.10%;3.25%;3.45%;3.79%;4.10%;4.64%;5.19%;5.65%;6.22%;6.77%;7.31%;7.82%;8.30%;9.47%;11.62%;17.05%;21.65%;21.65%
07/11/2018;2.91%;2.92%;2.96%;3.06%;3.20%;3.41%;3.74%;4.05%;4.59%;5.06%;5.56%;6.08%;6.63%;7.15%;7.68%;8.18%;9.41%;11.51%;16.87%;21.38%;21.38%
08/11/2018;2.91%;2.92%;2.95%;3.07%;3.22%;3.40%;3.74%;4.05%;4.58%;5.07%;5.54%;6.09%;6.60%;7.12%;7.65%;8.19%;9.45%;11.56%;16.95%;21.48%;21.48%
09/11/2018;2.91%;2.93%;2.97%;3.06%;3.23%;3.40%;3.74%;4.05%;4.60%;5.07%;5.55%;6.07%;6.61%;7.14%;7.67%;8.16%;9.48%;11.60%;17.01%;21.58%;21.58%
12/11/2018;2.91%;2.93%;2.97%;3.06%;3.23%;3.40%;3.74%;4.05%;4.60%;5.07%;5.55%;6.07%;6.61%;7.14%;7.67%;8.16%;9.48%;11.60%;17.01%;21.58%;21.58%
13/11/2018;2.91%;2.93%;2.97%;3.06%;3.23%;3.42%;3.74%;4.05%;4.59%;5.08%;5.54%;6.09%;6.58%;7.14%;7.70%;8.16%;9.55%;11.69%;17.14%;21.75%;21.75%
14/11/2018;2.91%;2.93%;2.97%;3.07%;3.24%;3.41%;3.73%;4.05%;4.57%;5.07%;5.52%;6.08%;6.55%;7.11%;7.65%;8.17%;9.53%;11.66%;17.10%;21.68%;21.68%
15/11/2018;2.91%;2.93%;2.97%;3.06%;3.23%;3.40%;3.71%;4.01%;4.54%;5.03%;5.47%;6.01%;6.52%;7.09%;7.62%;8.16%;9.52%;11.64%;17.06%;21.63%;21.63%
16/11/2018;2.91%;2.93%;2.97%;3.07%;3.23%;3.40%;3.71%;4.01%;4.51%;4.99%;5.43%;5.98%;6.45%;6.97%;7.50%;7.98%;9.30%;11.37%;16.62%;21.01%;21.01%
19/11/2018;2.91%;2.93%;2.97%;3.07%;3.24%;3.42%;3.74%;4.03%;4.52%;4.99%;5.45%;5.94%;6.43%;6.98%;7.49%;8.03%;9.24%;11.19%;16.34%;20.64%;20.64%
20/11/2018;2.91%;2.94%;2.99%;3.08%;3.25%;3.43%;3.77%;4.05%;4.55%;5.01%;5.47%;5.97%;6.47%;7.02%;7.54%;8.10%;9.30%;11.28%;16.49%;20.85%;20.85%
21/11/2018;2.91%;2.92%;2.97%;3.07%;3.22%;3.40%;3.72%;4.01%;4.51%;4.96%;5.40%;5.92%;6.40%;6.99%;7.45%;7.96%;9.25%;11.13%;16.25%;20.51%;20.51%
22/11/2018;2.91%;2.91%;2.96%;3.05%;3.19%;3.35%;3.65%;3.94%;4.46%;4.94%;5.36%;5.88%;6.35%;6.91%;7.47%;7.96%;9.24%;11.12%;16.22%;20.47%;20.47%
23/11/2018;2.90%;2.92%;2.95%;3.05%;3.18%;3.36%;3.69%;3.97%;4.51%;4.98%;5.41%;5.93%;6.43%;6.97%;7.51%;8.05%;9.23%;11.14%;16.27%;20.54%;20.54%
26/11/2018;2.90%;2.92%;2.96%;3.04%;3.19%;3.36%;3.69%;3.99%;4.51%;5.00%;5.46%;5.96%;6.45%;7.01%;7.55%;8.09%;9.25%;11.11%;16.23%;20.50%;20.50%
27/11/2018;2.90%;2.92%;2.96%;3.05%;3.20%;3.39%;3.70%;3.99%;4.53%;5.01%;5.48%;5.99%;6.48%;7.04%;7.59%;8.16%;9.26%;11.13%;16.26%;20.55%;20.55%
28/11/2018;2.90%;2.93%;2.98%;3.06%;3.19%;3.38%;3.71%;4.01%;4.54%;5.03%;5.51%;6.02%;6.51%;7.09%;7.63%;8.19%;9.31%;11.19%;16.36%;20.68%;20.68%
29/11/2018;2.91%;2.93%;2.96%;3.04%;3.18%;3.35%;3.68%;3.97%;4.48%;4.96%;5.41%;5.95%;6.44%;7.00%;7.52%;8.04%;9.13%;10.97%;16.00%;20.18%;20.18%
30/11/2018;2.91%;2.92%;2.96%;3.04%;3.19%;3.35%;3.67%;3.94%;4.45%;4.92%;5.38%;5.87%;6.37%;6.93%;7.43%;7.94%;9.02%;10.83%;15.78%;19.87%;19.87%
03/12/2018;2.91%;2.92%;2.97%;3.04%;3.16%;3.36%;3.66%;3.92%;4.43%;4.88%;5.34%;5.82%;6.32%;6.85%;7.38%;7.90%;8.97%;10.77%;15.66%;19.71%;19.71%
04/12/2018;2.90%;2.92%;2.96%;3.05%;3.15%;3.34%;3.65%;3.90%;4.39%;4.85%;5.32%;5.83%;6.28%;6.83%;7.35%;7.83%;8.89%;10.67%;15.51%;19.50%;19.50%
05/12/2018;2.91%;2.92%;2.95%;3.05%;3.15%;3.33%;3.64%;3.90%;4.40%;4.86%;5.31%;5.80%;6.28%;6.83%;7.36%;7.89%;8.92%;10.70%;15.56%;19.57%;19.57%
06/12/2018;2.91%;2.92%;2.95%;3.04%;3.14%;3.29%;3.60%;3.88%;4.38%;4.86%;5.32%;5.80%;6.31%;6.82%;7.36%;7.87%;8.94%;10.73%;15.59%;19.61%;19.61%
07/12/2018;2.90%;2.92%;2.95%;3.04%;3.14%;3.27%;3.56%;3.82%;4.32%;4.78%;5.24%;5.76%;6.21%;6.73%;7.29%;7.79%;8.84%;10.60%;15.39%;19.33%;19.33%
10/12/2018;2.90%;2.92%;2.97%;3.03%;3.12%;3.25%;3.53%;3.78%;4.27%;4.73%;5.20%;5.70%;6.17%;6.72%;7.27%;7.74%;8.79%;10.53%;15.27%;19.17%;19.17%
11/12/2018;2.90%;2.92%;2.95%;3.03%;3.13%;3.26%;3.52%;3.78%;4.28%;4.73%;5.19%;5.67%;6.16%;6.72%;7.25%;7.78%;8.74%;10.47%;15.18%;19.04%;19.04%
12/12/2018;2.90%;2.92%;2.95%;3.02%;3.12%;3.25%;3.51%;3.76%;4.26%;4.71%;5.17%;5.64%;6.13%;6.68%;7.20%;7.73%;8.78%;10.51%;15.24%;19.11%;19.11%
13/12/2018;2.89%;2.92%;2.96%;3.01%;3.11%;3.23%;3.46%;3.73%;4.21%;4.67%;5.12%;5.63%;6.10%;6.65%;7.21%;7.69%;8.78%;10.51%;15.24%;19.11%;19.11%
14/12/2018;2.90%;2.92%;2.96%;3.03%;3.13%;3.23%;3.49%;3.73%;4.21%;4.68%;5.11%;5.63%;6.10%;6.66%;7.21%;7.71%;8.79%;10.53%;15.27%;19.15%;19.15%
17/12/2018;2.89%;2.91%;2.96%;3.01%;3.12%;3.21%;3.45%;3.68%;4.16%;4.61%;5.06%;5.56%;6.03%;6.56%;7.09%;7.58%;8.65%;10.35%;14.98%;18.75%;18.75%
18/12/2018;2.90%;2.92%;2.96%;3.01%;3.11%;3.21%;3.45%;3.69%;4.18%;4.63%;5.08%;5.58%;6.05%;6.60%;7.13%;7.62%;8.70%;10.41%;15.08%;18.88%;18.88%
19/12/2018;2.90%;2.93%;2.96%;3.02%;3.12%;3.20%;3.43%;3.65%;4.14%;4.59%;5.02%;5.50%;5.99%;6.53%;7.09%;7.57%;8.64%;10.33%;14.95%;18.69%;18.69%
20/12/2018;2.90%;2.92%;2.96%;3.01%;3.11%;3.18%;3.40%;3.63%;4.10%;4.52%;4.98%;5.43%;5.95%;6.48%;7.01%;7.47%;8.42%;10.26%;14.83%;18.52%;18.52%
21/12/2018;2.90%;2.92%;2.95%;3.01%;3.09%;3.19%;3.41%;3.64%;4.10%;4.54%;5.00%;5.44%;5.95%;6.47%;6.99%;7.50%;8.49%;10.35%;14.97%;18.71%;18.71%
24/12/2018;2.90%;2.92%;2.95%;3.00%;3.09%;3.19%;3.41%;3.64%;4.10%;4.54%;5.00%;5.44%;5.94%;6.47%;6.99%;7.50%;8.48%;10.34%;14.95%;18.69%;18.69%
25/12/2018;2.90%;2.92%;2.95%;3.00%;3.09%;3.19%;3.41%;3.64%;4.10%;4.54%;5.00%;5.44%;5.94%;6.47%;6.99%;7.50%;8.48%;10.34%;14.95%;18.69%;18.69%
26/12/2018;2.90%;2.92%;2.94%;2.99%;3.09%;3.20%;3.40%;3.63%;4.10%;4.55%;4.99%;5.44%;5.96%;6.48%;7.00%;7.53%;8.52%;10.39%;15.02%;18.78%;18.78%
27/12/2018;2.90%;2.92%;2.94%;2.99%;3.09%;3.20%;3.39%;3.62%;4.09%;4.53%;5.00%;5.46%;5.98%;6.51%;7.03%;7.52%;8.51%;10.38%;15.01%;18.77%;18.77%
28/12/2018;2.90%;2.92%;2.95%;3.00%;3.09%;3.20%;3.38%;3.62%;4.08%;4.52%;4.97%;5.43%;5.92%;6.49%;6.99%;7.50%;8.53%;10.37%;15.00%;18.76%;18.76%
31/12/2018;2.90%;2.92%;2.95%;3.00%;3.09%;3.20%;3.38%;3.62%;4.08%;4.52%;4.97%;5.43%;5.92%;6.49%;6.99%;7.50%;8.53%;10.37%;15.00%;18.76%;18.76%
01/01/2019;2.90%;2.92%;2.95%;3.00%;3.09%;3.20%;3.38%;3.62%;4.08%;4.52%;4.97%;5.43%;5.92%;6.49%;6.99%;7.50%;8.53%;10.37%;15.00%;18.76%;18.76%
02/01/2019;2.90%;2.92%;2.96%;2.99%;3.09%;3.20%;3.38%;3.61%;4.08%;4.53%;4.99%;5.46%;5.94%;6.50%;7.02%;7.54%;8.58%;10.43%;15.09%;18.87%;18.87%
03/01/2019;2.90%;2.92%;2.96%;3.00%;3.09%;3.21%;3.42%;3.64%;4.12%;4.56%;5.02%;5.50%;5.98%;6.51%;7.04%;7.57%;8.60%;10.46%;15.15%;18.95%;18.95%
04/01/2019;2.91%;2.92%;2.94%;2.99%;3.09%;3.21%;3.41%;3.63%;4.10%;4.53%;4.99%;5.45%;5.93%;6.52%;6.96%;7.48%;8.62%;10.49%;15.18%;19.00%;19.00%
07/01/2019;2.91%;2.92%;2.94%;2.99%;3.09%;3.21%;3.41%;3.63%;4.10%;4.53%;4.99%;5.45%;5.93%;6.52%;6.96%;7.48%;8.62%;10.49%;15.18%;19.00%;19.00%
08/01/2019;2.91%;2.93%;2.95%;3.00%;3.08%;3.17%;3.37%;3.59%;4.04%;4.45%;4.92%;5.36%;5.81%;6.34%;6.82%;7.36%;8.53%;10.36%;14.97%;18.70%;18.70%
09/01/2019;2.91%;2.91%;2.96%;3.01%;3.08%;3.18%;3.38%;3.56%;4.01%;4.43%;4.88%;5.32%;5.74%;6.24%;6.74%;7.24%;8.47%;10.29%;14.85%;18.53%;18.53%
10/01/2019;2.91%;2.92%;2.94%;3.01%;3.08%;3.17%;3.37%;3.57%;4.01%;4.44%;4.88%;5.33%;5.76%;6.19%;6.74%;7.23%;8.50%;10.33%;14.91%;18.61%;18.61%
11/01/2019;2.91%;2.92%;2.95%;3.01%;3.08%;3.17%;3.37%;3.56%;4.00%;4.42%;4.87%;5.31%;5.76%;6.20%;6.72%;7.23%;8.53%;10.36%;14.95%;18.65%;18.65%
14/01/2019;2.91%;2.92%;2.95%;3.00%;3.08%;3.16%;3.37%;3.57%;4.00%;4.41%;4.84%;5.31%;5.76%;6.21%;6.72%;7.24%;8.51%;10.34%;14.92%;18.62%;18.62%
15/01/2019;2.91%;2.93%;2.95%;3.00%;3.08%;3.17%;3.37%;3.57%;4.02%;4.44%;4.88%;5.33%;5.79%;6.27%;6.79%;7.32%;8.56%;10.41%;15.03%;18.77%;18.77%
16/01/2019;2.91%;2.92%;2.95%;3.00%;3.11%;3.20%;3.40%;3.62%;4.04%;4.48%;4.94%;5.39%;5.86%;6.35%;6.90%;7.41%;8.65%;10.52%;15.21%;19.02%;19.02%
17/01/2019;2.91%;2.92%;2.94%;3.02%;3.13%;3.23%;3.44%;3.66%;4.12%;4.54%;5.01%;5.48%;5.96%;6.42%;7.01%;7.54%;8.77%;10.68%;15.47%;19.38%;19.38%
18/01/2019;2.91%;2.93%;2.94%;3.04%;3.14%;3.26%;3.46%;3.68%;4.13%;4.54%;5.02%;5.52%;5.98%;6.49%;7.00%;7.55%;8.84%;10.76%;15.61%;19.57%;19.57%
21/01/2019;2.91%;2.92%;2.95%;3.03%;3.14%;3.24%;3.45%;3.68%;4.13%;4.57%;5.02%;5.50%;5.99%;6.47%;6.99%;7.54%;8.83%;10.75%;15.59%;19.55%;19.55%
22/01/2019;2.91%;2.92%;2.94%;3.04%;3.16%;3.28%;3.49%;3.72%;4.17%;4.60%;5.05%;5.51%;6.02%;6.50%;7.02%;7.60%;8.87%;10.84%;15.39%;19.30%;19.30%
23/01/2019;2.91%;2.92%;2.94%;3.04%;3.15%;3.28%;3.48%;3.70%;4.16%;4.60%;5.06%;5.52%;6.03%;6.50%;7.05%;7.59%;8.80%;10.76%;15.26%;19.13%;19.13%
24/01/2019;2.91%;2.91%;2.94%;3.01%;3.15%;3.27%;3.47%;3.68%;4.13%;4.55%;5.01%;5.46%;5.94%;6.43%;6.98%;7.55%;8.64%;10.34%;14.62%;18.27%;18.27%
25/01/2019;2.91%;2.92%;2.94%;3.01%;3.14%;3.26%;3.44%;3.66%;4.09%;4.53%;4.98%;5.45%;5.93%;6.41%;7.01%;7.53%;8.62%;10.29%;14.55%;18.17%;18.17%
28/01/2019;2.91%;2.92%;2.94%;3.01%;3.14%;3.26%;3.45%;3.66%;4.09%;4.52%;4.98%;5.46%;5.94%;6.39%;6.99%;7.51%;8.59%;10.25%;14.49%;18.09%;18.09%
29/01/2019;2.91%;2.92%;2.94%;3.01%;3.13%;3.25%;3.43%;3.65%;4.07%;4.48%;4.96%;5.40%;5.88%;6.35%;6.91%;7.44%;8.59%;10.22%;14.44%;18.02%;18.02%
30/01/2019;2.91%;2.92%;2.94%;3.01%;3.13%;3.25%;3.45%;3.65%;4.06%;4.50%;4.93%;5.40%;5.85%;6.34%;6.89%;7.44%;8.57%;10.19%;14.39%;17.95%;17.95%
31/01/2019;2.91%;2.92%;2.93%;3.00%;3.11%;3.22%;3.41%;3.61%;4.01%;4.40%;4.83%;5.28%;5.76%;6.21%;6.78%;7.22%;8.26%;9.88%;13.91%;17.29%;17.29%
01/02/2019;2.91%;2.92%;2.93%;3.01%;3.12%;3.23%;3.43%;3.63%;4.03%;4.43%;4.87%;5.29%;5.78%;6.20%;6.76%;7.23%;8.28%;9.89%;13.92%;17.31%;17.31%
04/02/2019;2.91%;2.92%;2.94%;3.01%;3.12%;3.23%;3.42%;3.63%;4.03%;4.41%;4.85%;5.29%;5.76%;6.19%;6.70%;7.20%;8.23%;9.83%;13.83%;17.18%;17.18%
05/02/2019;2.91%;2.92%;2.94%;3.00%;3.11%;3.23%;3.44%;3.63%;4.04%;4.42%;4.85%;5.28%;5.77%;6.20%;6.69%;7.20%;8.26%;9.86%;13.88%;17.25%;17.25%
06/02/2019;2.91%;2.92%;2.93%;2.99%;3.08%;3.18%;3.40%;3.60%;4.01%;4.41%;4.84%;5.27%;5.77%;6.18%;6.67%;7.14%;8.25%;9.84%;13.84%;17.20%;17.20%
07/02/2019;2.91%;2.92%;2.93%;3.00%;3.09%;3.20%;3.40%;3.61%;4.02%;4.43%;4.86%;5.29%;5.78%;6.25%;6.73%;7.22%;8.25%;9.85%;13.87%;17.24%;17.24%
08/02/2019;2.91%;2.94%;2.94%;3.00%;3.10%;3.21%;3.42%;3.63%;4.05%;4.48%;4.91%;5.31%;5.83%;6.26%;6.82%;7.26%;8.32%;9.94%;14.00%;17.42%;17.42%
11/02/2019;2.91%;2.92%;2.94%;3.00%;3.10%;3.22%;3.44%;3.65%;4.07%;4.50%;4.95%;5.38%;5.89%;6.37%;6.86%;7.36%;8.41%;10.09%;14.24%;17.75%;17.75%
12/02/2019;2.91%;2.92%;2.94%;3.00%;3.09%;3.20%;3.42%;3.63%;4.08%;4.53%;4.93%;5.36%;5.91%;6.35%;6.85%;7.35%;8.41%;10.10%;14.25%;17.76%;17.76%
13/02/2019;2.91%;2.92%;2.94%;3.00%;3.09%;3.21%;3.42%;3.64%;4.08%;4.52%;4.96%;5.40%;5.89%;6.38%;6.87%;7.40%;8.34%;10.14%;14.31%;17.84%;17.84%
14/02/2019;2.91%;2.92%;2.94%;3.00%;3.09%;3.19%;3.41%;3.63%;4.06%;4.51%;4.95%;5.40%;5.89%;6.34%;6.86%;7.39%;8.35%;10.15%;14.32%;17.85%;17.85%
15/02/2019;2.91%;2.92%;2.94%;3.00%;3.09%;3.19%;3.40%;3.61%;4.04%;4.47%;4.91%;5.35%;5.85%;6.35%;6.82%;7.32%;8.26%;10.04%;14.15%;17.62%;17.62%
18/02/2019;2.91%;2.92%;2.94%;3.00%;3.09%;3.21%;3.41%;3.62%;4.04%;4.48%;4.92%;5.39%;5.87%;6.35%;6.85%;7.36%;8.31%;10.10%;14.25%;17.75%;17.75%
19/02/2019;2.92%;2.92%;2.93%;3.00%;3.07%;3.17%;3.39%;3.60%;4.01%;4.45%;4.89%;5.34%;5.83%;6.26%;6.77%;7.26%;8.27%;10.04%;14.15%;17.62%;17.62%
20/02/2019;2.91%;2.92%;2.93%;2.99%;3.07%;3.18%;3.39%;3.61%;4.04%;4.47%;4.92%;5.33%;5.85%;6.26%;6.80%;7.31%;8.26%;10.03%;14.13%;17.60%;17.60%
21/02/2019;2.91%;2.93%;2.94%;3.00%;3.07%;3.19%;3.41%;3.62%;4.05%;4.50%;4.95%;5.39%;5.88%;6.31%;6.85%;7.37%;8.29%;10.08%;14.21%;17.71%;17.71%
22/02/2019;2.91%;2.93%;2.94%;3.00%;3.08%;3.19%;3.41%;3.63%;4.08%;4.51%;4.96%;5.38%;5.91%;6.32%;6.87%;7.40%;8.28%;10.07%;14.21%;17.70%;17.70%
25/02/2019;2.91%;2.92%;2.95%;3.00%;3.08%;3.19%;3.41%;3.63%;4.07%;4.50%;4.96%;5.39%;5.87%;6.33%;6.84%;7.36%;8.26%;10.04%;14.16%;17.63%;17.63%
26/02/2019;2.91%;2.92%;2.94%;3.00%;3.08%;3.18%;3.40%;3.62%;4.06%;4.49%;4.94%;5.42%;5.88%;6.33%;6.82%;7.34%;8.26%;10.04%;14.16%;17.64%;17.64%
27/02/2019;2.91%;2.92%;2.95%;3.00%;3.08%;3.18%;3.39%;3.62%;4.06%;4.49%;4.95%;5.39%;5.90%;6.36%;6.85%;7.36%;8.26%;10.04%;14.15%;17.63%;17.63%
28/02/2019;2.91%;2.92%;2.95%;3.01%;3.08%;3.17%;3.39%;3.62%;4.06%;4.51%;4.97%;5.41%;5.90%;6.38%;6.88%;7.40%;8.39%;10.09%;14.23%;17.74%;17.74%
01/03/2019;2.91%;2.92%;2.96%;3.01%;3.08%;3.18%;3.41%;3.64%;4.09%;4.54%;4.98%;5.41%;5.94%;6.42%;6.92%;7.40%;8.42%;10.15%;14.34%;17.88%;17.88%
04/03/2019;2.91%;2.92%;2.94%;3.01%;3.09%;3.19%;3.42%;3.64%;4.10%;4.54%;5.00%;5.46%;5.93%;6.42%;6.92%;7.43%;8.48%;10.18%;14.37%;17.93%;17.93%
05/03/2019;2.91%;2.92%;2.94%;3.01%;3.07%;3.18%;3.41%;3.63%;4.09%;4.53%;5.00%;5.46%;5.91%;6.39%;6.89%;7.43%;8.45%;10.15%;14.32%;17.87%;17.87%
06/03/2019;2.91%;2.92%;2.94%;2.98%;3.04%;3.14%;3.35%;3.57%;4.01%;4.46%;4.91%;5.36%;5.82%;6.29%;6.81%;7.31%;8.41%;10.09%;14.23%;17.73%;17.73%
07/03/2019;2.91%;2.92%;2.94%;2.98%;3.04%;3.13%;3.34%;3.58%;4.01%;4.45%;4.91%;5.34%;5.83%;6.28%;6.80%;7.28%;8.39%;10.08%;14.21%;17.71%;17.71%
08/03/2019;2.91%;2.92%;2.94%;2.98%;3.02%;3.12%;3.32%;3.55%;3.99%;4.41%;4.86%;5.30%;5.77%;6.24%;6.81%;7.24%;8.38%;10.05%;14.16%;17.63%;17.63%
11/03/2019;2.91%;2.92%;2.94%;2.97%;3.02%;3.10%;3.30%;3.53%;3.97%;4.39%;4.83%;5.27%;5.74%;6.21%;6.72%;7.20%;8.21%;9.80%;13.79%;17.13%;17.13%
12/03/2019;2.91%;2.92%;2.94%;2.98%;3.02%;3.09%;3.29%;3.50%;3.93%;4.34%;4.76%;5.21%;5.68%;6.16%;6.66%;7.16%;8.18%;9.76%;13.72%;17.03%;17.03%
13/03/2019;2.91%;2.92%;2.94%;2.99%;3.04%;3.09%;3.29%;3.51%;3.94%;4.36%;4.79%;5.25%;5.69%;6.14%;6.63%;7.17%;8.19%;9.77%;13.74%;17.06%;17.06%
14/03/2019;2.91%;2.92%;2.94%;2.99%;3.03%;3.08%;3.26%;3.47%;3.90%;4.32%;4.74%;5.19%;5.65%;6.11%;6.66%;7.08%;8.11%;9.59%;13.46%;16.69%;16.69%
15/03/2019;2.90%;2.92%;2.94%;3.00%;3.04%;3.09%;3.27%;3.49%;3.89%;4.33%;4.74%;5.19%;5.62%;6.08%;6.61%;7.10%;8.13%;9.61%;13.50%;16.73%;16.73%
18/03/2019;2.90%;2.92%;2.94%;2.98%;3.04%;3.09%;3.27%;3.48%;3.90%;4.33%;4.74%;5.18%;5.61%;6.09%;6.60%;7.12%;8.11%;9.59%;13.47%;16.69%;16.69%
19/03/2019;2.91%;2.92%;2.94%;2.99%;3.03%;3.09%;3.28%;3.48%;3.89%;4.32%;4.74%;5.18%;5.63%;6.11%;6.61%;7.11%;8.14%;9.63%;13.52%;16.76%;16.76%
20/03/2019;2.91%;2.92%;2.94%;2.98%;3.04%;3.09%;3.27%;3.47%;3.89%;4.30%;4.71%;5.17%;5.59%;6.10%;6.54%;7.03%;8.10%;9.57%;13.44%;16.65%;16.65%
21/03/2019;2.91%;2.92%;2.94%;2.98%;3.03%;3.09%;3.23%;3.44%;3.83%;4.23%;4.63%;5.10%;5.52%;5.95%;6.41%;6.88%;7.93%;9.36%;13.11%;16.21%;16.21%
22/03/2019;2.91%;2.92%;2.94%;2.98%;3.03%;3.08%;3.23%;3.43%;3.83%;4.23%;4.62%;4.99%;5.46%;5.85%;6.30%;6.82%;7.85%;9.27%;12.97%;16.01%;16.01%
25/03/2019;2.91%;2.92%;2.94%;2.98%;3.03%;3.08%;3.23%;3.43%;3.83%;4.23%;4.62%;4.99%;5.46%;5.85%;6.30%;6.82%;7.85%;9.27%;12.97%;16.01%;16.01%
26/03/2019;2.91%;2.92%;2.94%;2.98%;3.02%;3.08%;3.23%;3.44%;3.85%;4.25%;4.64%;5.05%;5.47%;5.91%;6.37%;6.85%;7.76%;9.16%;12.81%;15.81%;15.81%
27/03/2019;2.91%;2.93%;2.94%;2.99%;3.03%;3.09%;3.25%;3.45%;3.85%;4.25%;4.63%;5.06%;5.44%;5.92%;6.38%;6.84%;7.76%;9.16%;12.81%;15.81%;15.81%
28/03/2019;2.91%;2.92%;2.94%;2.98%;3.02%;3.09%;3.25%;3.44%;3.83%;4.23%;4.62%;5.02%;5.44%;5.91%;6.39%;6.83%;7.74%;9.14%;12.77%;15.75%;15.75%
29/03/2019;2.91%;2.92%;2.94%;2.97%;3.03%;3.10%;3.25%;3.45%;3.85%;4.24%;4.64%;5.03%;5.45%;5.90%;6.39%;6.86%;7.66%;9.04%;12.63%;15.58%;15.58%
01/04/2019;2.91%;2.92%;2.94%;2.98%;3.03%;3.10%;3.27%;3.46%;3.89%;4.28%;4.70%;5.07%;5.49%;5.93%;6.43%;6.93%;7.74%;9.14%;12.78%;15.78%;15.78%
02/04/2019;2.91%;2.92%;2.94%;3.00%;3.06%;3.12%;3.30%;3.51%;3.93%;4.33%;4.74%;5.16%;5.60%;6.03%;6.51%;6.98%;7.83%;9.33%;13.08%;16.17%;16.17%
03/04/2019;2.91%;2.92%;2.92%;2.98%;3.06%;3.11%;3.30%;3.51%;3.93%;4.31%;4.74%;5.14%;5.57%;6.02%;6.48%;6.95%;7.81%;9.31%;13.04%;16.12%;16.12%
04/04/2019;2.91%;2.92%;2.94%;2.99%;3.06%;3.13%;3.31%;3.53%;3.96%;4.36%;4.75%;5.16%;5.62%;6.06%;6.51%;6.96%;7.89%;9.40%;13.18%;16.31%;16.31%
05/04/2019;2.91%;2.92%;2.93%;2.98%;3.05%;3.12%;3.30%;3.50%;3.91%;4.32%;4.72%;5.12%;5.56%;5.99%;6.47%;6.93%;7.85%;9.36%;13.11%;16.21%;16.21%
08/04/2019;2.91%;2.91%;2.94%;3.00%;3.07%;3.12%;3.31%;3.48%;3.88%;4.28%;4.69%;5.08%;5.51%;5.96%;6.37%;6.87%;7.81%;9.23%;12.92%;15.96%;15.96%
09/04/2019;2.91%;2.92%;2.94%;3.00%;3.06%;3.11%;3.29%;3.48%;3.87%;4.27%;4.68%;5.06%;5.49%;5.90%;6.35%;6.81%;7.77%;9.17%;12.83%;15.84%;15.84%
10/04/2019;2.91%;2.92%;2.94%;2.99%;3.07%;3.11%;3.29%;3.48%;3.86%;4.25%;4.65%;5.03%;5.45%;5.91%;6.31%;6.80%;7.76%;9.15%;12.79%;15.78%;15.78%
11/04/2019;2.91%;2.92%;2.95%;3.01%;3.09%;3.13%;3.31%;3.50%;3.89%;4.28%;4.68%;5.05%;5.51%;5.95%;6.40%;6.85%;7.82%;9.23%;12.92%;15.96%;15.96%
12/04/2019;2.91%;2.92%;2.94%;3.01%;3.09%;3.15%;3.32%;3.51%;3.90%;4.30%;4.69%;5.12%;5.54%;5.98%;6.42%;6.85%;7.87%;9.29%;13.01%;16.08%;16.08%
15/04/2019;2.91%;2.93%;2.94%;3.02%;3.09%;3.15%;3.33%;3.54%;3.94%;4.31%;4.74%;5.12%;5.55%;6.00%;6.46%;6.94%;7.91%;9.34%;13.09%;16.18%;16.18%
16/04/2019;2.91%;2.93%;2.94%;3.02%;3.09%;3.16%;3.36%;3.56%;3.98%;4.39%;4.80%;5.21%;5.64%;6.07%;6.56%;6.99%;7.97%;9.40%;13.19%;16.33%;16.33%
17/04/2019;2.91%;2.92%;2.93%;2.99%;3.08%;3.15%;3.34%;3.54%;3.93%;4.32%;4.73%;5.18%;5.57%;6.05%;6.51%;6.90%;7.90%;9.33%;13.08%;16.18%;16.18%
18/04/2019;2.91%;2.92%;2.93%;2.99%;3.08%;3.15%;3.34%;3.54%;3.93%;4.32%;4.73%;5.18%;5.57%;6.05%;6.51%;6.90%;7.90%;9.33%;13.08%;16.18%;16.18%
19/04/2019;2.91%;2.92%;2.93%;2.99%;3.08%;3.15%;3.34%;3.54%;3.93%;4.32%;4.73%;5.18%;5.57%;6.05%;6.51%;6.90%;7.90%;9.33%;13.08%;16.18%;16.18%
22/04/2019;2.91%;2.92%;2.94%;3.00%;3.07%;3.15%;3.33%;3.54%;3.93%;4.34%;4.75%;5.15%;5.58%;6.02%;6.45%;6.90%;7.90%;9.34%;13.08%;16.18%;16.18%
23/04/2019;2.91%;2.92%;2.94%;3.00%;3.09%;3.16%;3.34%;3.52%;3.94%;4.34%;4.74%;5.17%;5.58%;6.03%;6.47%;6.95%;7.96%;9.40%;13.18%;16.30%;16.30%
24/04/2019;2.91%;2.92%;2.95%;3.02%;3.10%;3.18%;3.36%;3.56%;3.98%;4.38%;4.80%;5.23%;5.66%;6.10%;6.53%;7.05%;8.03%;9.49%;13.31%;16.50%;16.50%
25/04/2019;2.91%;2.92%;2.94%;3.00%;3.08%;3.17%;3.37%;3.58%;4.03%;4.41%;4.83%;5.25%;5.70%;6.12%;6.60%;7.09%;8.05%;9.52%;13.37%;16.57%;16.57%
26/04/2019;2.91%;2.92%;2.94%;3.00%;3.07%;3.15%;3.34%;3.55%;3.98%;4.41%;4.82%;5.22%;5.68%;6.14%;6.60%;7.11%;8.02%;9.49%;13.32%;16.50%;16.50%
29/04/2019;2.91%;2.92%;2.94%;3.00%;3.07%;3.16%;3.35%;3.56%;4.02%;4.42%;4.84%;5.24%;5.71%;6.21%;6.71%;7.19%;8.12%;9.61%;13.50%;16.75%;16.75%
30/04/2019;2.91%;2.92%;2.94%;3.00%;3.07%;3.16%;3.35%;3.57%;4.03%;4.42%;4.84%;5.22%;5.72%;6.22%;6.75%;7.23%;8.11%;9.60%;13.49%;16.74%;16.74%
01/05/2019;2.91%;2.92%;2.94%;3.00%;3.07%;3.16%;3.35%;3.57%;4.03%;4.42%;4.84%;5.22%;5.72%;6.22%;6.75%;7.23%;8.11%;9.60%;13.49%;16.74%;16.74%
02/05/2019;2.91%;2.92%;2.93%;3.00%;3.09%;3.17%;3.37%;3.58%;4.05%;4.48%;4.91%;5.33%;5.80%;6.29%;6.80%;7.33%;8.22%;9.74%;13.71%;17.04%;17.04%
03/05/2019;2.91%;2.93%;2.93%;2.99%;3.06%;3.16%;3.35%;3.56%;4.02%;4.45%;4.88%;5.29%;5.76%;6.21%;6.74%;7.28%;8.16%;9.68%;13.61%;16.91%;16.91%
06/05/2019;2.91%;2.92%;2.94%;3.00%;3.08%;3.18%;3.36%;3.58%;4.03%;4.47%;4.89%;5.28%;5.75%;6.27%;6.76%;7.29%;8.18%;9.68%;13.62%;16.92%;16.92%
07/05/2019;2.91%;2.93%;2.94%;3.00%;3.08%;3.18%;3.36%;3.59%;4.05%;4.48%;4.90%;5.33%;5.79%;6.30%;6.83%;7.34%;8.22%;9.74%;13.70%;17.03%;17.03%
08/05/2019;2.91%;2.92%;2.94%;3.00%;3.07%;3.17%;3.35%;3.57%;4.02%;4.45%;4.87%;5.25%;5.68%;6.18%;6.69%;7.22%;8.12%;9.60%;13.50%;16.75%;16.75%
09/05/2019;2.91%;2.93%;2.94%;2.99%;3.07%;3.17%;3.34%;3.55%;4.01%;4.42%;4.83%;5.25%;5.68%;6.12%;6.64%;7.17%;8.04%;9.52%;13.36%;16.56%;16.56%
10/05/2019;2.91%;2.92%;2.94%;3.00%;3.07%;3.16%;3.32%;3.52%;3.97%;4.36%;4.79%;5.17%;5.62%;6.04%;6.56%;7.03%;7.90%;9.34%;13.10%;16.21%;16.21%
13/05/2019;2.91%;2.93%;2.94%;3.00%;3.07%;3.18%;3.35%;3.55%;3.97%;4.38%;4.81%;5.17%;5.66%;6.06%;6.60%;7.12%;7.98%;9.43%;13.23%;16.39%;16.39%
14/05/2019;2.91%;2.92%;2.94%;2.99%;3.07%;3.17%;3.33%;3.54%;3.95%;4.37%;4.80%;5.20%;5.65%;6.12%;6.65%;7.12%;8.00%;9.46%;13.27%;16.45%;16.45%
15/05/2019;2.91%;2.92%;2.93%;2.99%;3.06%;3.14%;3.32%;3.52%;3.93%;4.35%;4.79%;5.23%;5.65%;6.11%;6.57%;7.07%;8.04%;9.51%;13.34%;16.53%;16.53%
16/05/2019;2.91%;2.93%;2.93%;2.98%;3.04%;3.12%;3.30%;3.50%;3.92%;4.35%;4.77%;5.19%;5.64%;6.14%;6.61%;7.11%;8.15%;9.70%;13.62%;16.90%;16.90%
17/05/2019;2.91%;2.91%;2.93%;2.98%;3.05%;3.11%;3.28%;3.47%;3.89%;4.31%;4.74%;5.17%;5.63%;6.15%;6.65%;7.16%;8.22%;9.77%;13.73%;17.05%;17.05%
20/05/2019;2.91%;2.93%;2.93%;2.98%;3.06%;3.10%;3.27%;3.48%;3.88%;4.30%;4.73%;5.16%;5.64%;6.11%;6.67%;7.18%;8.24%;9.81%;13.79%;17.12%;17.12%
21/05/2019;2.91%;2.93%;2.93%;2.97%;3.04%;3.11%;3.28%;3.48%;3.89%;4.30%;4.74%;5.17%;5.64%;6.12%;6.65%;7.16%;8.24%;9.81%;13.79%;17.12%;17.12%
22/05/2019;2.91%;2.93%;2.93%;2.98%;3.04%;3.10%;3.28%;3.48%;3.88%;4.29%;4.72%;5.16%;5.59%;6.06%;6.59%;7.10%;8.16%;9.77%;13.72%;17.02%;17.02%
23/05/2019;2.92%;2.93%;2.93%;2.98%;3.06%;3.11%;3.28%;3.47%;3.86%;4.29%;4.75%;5.18%;5.60%;6.12%;6.60%;7.16%;8.22%;9.74%;13.68%;16.98%;16.98%
24/05/2019;2.92%;2.93%;2.93%;2.97%;3.04%;3.11%;3.28%;3.46%;3.85%;4.23%;4.68%;5.09%;5.56%;6.05%;6.46%;7.02%;8.09%;9.61%;13.48%;16.70%;16.70%
27/05/2019;2.92%;2.93%;2.93%;2.97%;3.05%;3.10%;3.27%;3.46%;3.85%;4.24%;4.68%;5.11%;5.55%;6.02%;6.51%;7.05%;8.09%;9.60%;13.47%;16.69%;16.69%
28/05/2019;2.92%;2.92%;2.92%;2.95%;3.03%;3.10%;3.24%;3.44%;3.80%;4.21%;4.63%;5.06%;5.52%;6.02%;6.44%;6.98%;8.11%;9.62%;13.50%;16.72%;16.72%
29/05/2019;2.91%;2.93%;2.92%;2.94%;3.01%;3.08%;3.24%;3.42%;3.78%;4.19%;4.59%;5.06%;5.47%;5.98%;6.44%;6.93%;8.01%;9.50%;13.31%;16.46%;16.46%
30/05/2019;2.91%;2.93%;2.94%;2.96%;3.01%;3.07%;3.22%;3.40%;3.73%;4.14%;4.56%;5.00%;5.43%;5.92%;6.41%;6.88%;8.03%;9.52%;13.35%;16.51%;16.51%
31/05/2019;2.91%;2.93%;2.94%;2.95%;3.00%;3.04%;3.19%;3.38%;3.69%;4.08%;4.50%;4.95%;5.34%;5.86%;6.31%;6.77%;8.08%;9.57%;13.40%;16.57%;16.57%
03/06/2019;2.91%;2.93%;2.94%;2.95%;3.00%;3.04%;3.19%;3.38%;3.69%;4.08%;4.50%;4.95%;5.34%;5.86%;6.31%;6.77%;8.08%;9.57%;13.40%;16.57%;16.57%
04/06/2019;2.92%;2.93%;2.94%;2.95%;3.01%;3.04%;3.15%;3.33%;3.67%;4.03%;4.42%;4.86%;5.27%;5.78%;6.23%;6.68%;7.65%;9.69%;13.56%;16.74%;16.74%
05/06/2019;2.92%;2.93%;2.93%;2.95%;3.00%;3.03%;3.12%;3.29%;3.62%;3.94%;4.32%;4.75%;5.18%;5.66%;6.11%;6.59%;7.50%;9.00%;12.54%;15.42%;15.42%
06/06/2019;2.92%;2.93%;2.93%;2.95%;2.99%;3.02%;3.13%;3.27%;3.62%;3.93%;4.34%;4.73%;5.15%;5.61%;6.08%;6.54%;7.51%;9.02%;12.56%;15.44%;15.44%
07/06/2019;2.92%;2.93%;2.93%;2.94%;2.99%;3.01%;3.12%;3.27%;3.61%;3.95%;4.31%;4.68%;5.13%;5.56%;6.01%;6.50%;7.36%;8.91%;12.40%;15.21%;15.21%
10/06/2019;2.92%;2.92%;2.89%;2.88%;2.88%;2.90%;3.01%;3.15%;3.50%;3.85%;4.22%;4.58%;5.01%;5.41%;5.84%;6.30%;7.44%;8.98%;12.49%;15.32%;15.32%
11/06/2019;2.91%;2.90%;2.86%;2.82%;2.83%;2.83%;2.91%;3.07%;3.39%;3.73%;4.12%;4.48%;4.96%;5.40%;5.85%;6.27%;7.17%;8.65%;12.00%;14.68%;14.68%
12/06/2019;2.91%;2.91%;2.89%;2.85%;2.83%;2.83%;2.90%;3.06%;3.38%;3.73%;4.08%;4.47%;4.85%;5.35%;5.83%;6.20%;7.15%;8.40%;11.63%;14.19%;14.19%
13/06/2019;2.91%;2.91%;2.88%;2.83%;2.84%;2.83%;2.89%;3.04%;3.33%;3.64%;4.01%;4.41%;4.71%;5.26%;5.66%;6.01%;6.80%;8.15%;11.25%;13.69%;13.69%
14/06/2019;2.91%;2.91%;2.87%;2.84%;2.84%;2.85%;2.89%;3.04%;3.31%;3.64%;3.99%;4.29%;4.69%;5.14%;5.63%;6.02%;6.82%;8.17%;11.28%;13.72%;13.72%
17/06/2019;2.91%;2.91%;2.88%;2.86%;2.87%;2.89%;2.96%;3.11%;3.41%;3.75%;4.12%;4.43%;4.85%;5.33%;5.84%;6.26%;7.11%;8.03%;11.11%;13.53%;13.53%
18/06/2019;2.91%;2.90%;2.85%;2.84%;2.83%;2.87%;2.92%;3.06%;3.35%;3.68%;4.05%;4.42%;4.84%;5.24%;5.71%;6.15%;7.04%;8.20%;11.35%;13.83%;13.83%
19/06/2019;2.91%;2.90%;2.85%;2.84%;2.83%;2.87%;2.92%;3.06%;3.35%;3.68%;4.05%;4.43%;4.84%;5.24%;5.71%;6.15%;7.04%;8.20%;11.35%;13.82%;13.82%
20/06/2019;2.91%;2.90%;2.86%;2.82%;2.78%;2.78%;2.81%;2.93%;3.20%;3.53%;3.89%;4.25%;4.66%;5.07%;5.50%;5.93%;6.85%;7.99%;11.03%;13.39%;13.39%
21/06/2019;2.91%;2.90%;2.86%;2.84%;2.80%;2.79%;2.80%;2.92%;3.19%;3.52%;3.88%;4.24%;4.65%;5.07%;5.50%;5.93%;6.85%;8.00%;11.03%;13.39%;13.39%
24/06/2019;2.91%;2.90%;2.86%;2.84%;2.80%;2.79%;2.80%;2.92%;3.19%;3.52%;3.88%;4.24%;4.65%;5.07%;5.50%;5.93%;6.85%;8.00%;11.03%;13.39%;13.39%
25/06/2019;2.91%;2.91%;2.89%;2.87%;2.87%;2.86%;2.90%;3.00%;3.25%;3.59%;3.90%;4.26%;4.65%;5.03%;5.45%;5.89%;6.79%;7.93%;10.93%;13.27%;13.27%
26/06/2019;2.91%;2.91%;2.89%;2.88%;2.89%;2.89%;2.93%;3.05%;3.29%;3.60%;3.94%;4.32%;4.71%;5.07%;5.52%;5.92%;6.80%;8.01%;11.05%;13.42%;13.42%
27/06/2019;2.91%;2.90%;2.89%;2.88%;2.90%;2.92%;2.96%;3.07%;3.31%;3.64%;3.98%;4.35%;4.74%;5.10%;5.56%;5.96%;6.85%;8.02%;11.07%;13.46%;13.46%
28/06/2019;2.91%;2.90%;2.88%;2.87%;2.89%;2.91%;2.95%;3.06%;3.30%;3.59%;3.97%;4.32%;4.74%;5.07%;5.47%;6.01%;6.81%;7.95%;10.97%;13.32%;13.32%
01/07/2019;2.91%;2.90%;2.88%;2.87%;2.89%;2.91%;2.95%;3.06%;3.30%;3.59%;3.97%;4.32%;4.74%;5.07%;5.47%;6.01%;6.81%;7.95%;10.97%;13.32%;13.32%
02/07/2019;2.91%;2.90%;2.89%;2.87%;2.86%;2.88%;2.90%;3.01%;3.23%;3.54%;3.85%;4.21%;4.59%;4.98%;5.44%;5.86%;6.70%;7.85%;10.82%;13.12%;13.12%
03/07/2019;2.91%;2.90%;2.88%;2.88%;2.85%;2.84%;2.87%;2.96%;3.17%;3.47%;3.76%;4.12%;4.45%;4.85%;5.21%;5.64%;6.45%;7.55%;10.34%;12.49%;12.49%
04/07/2019;2.91%;2.90%;2.88%;2.88%;2.85%;2.84%;2.87%;2.96%;3.16%;3.46%;3.76%;4.11%;4.45%;4.84%;5.20%;5.63%;6.45%;7.55%;10.34%;12.49%;12.49%
05/07/2019;2.91%;2.90%;2.89%;2.90%;2.87%;2.87%;2.92%;2.98%;3.21%;3.53%;3.84%;4.21%;4.54%;4.96%;5.36%;5.79%;6.64%;7.78%;10.68%;12.94%;12.94%
08/07/2019;2.91%;2.90%;2.91%;2.90%;2.88%;2.89%;2.94%;3.01%;3.23%;3.54%;3.87%;4.22%;4.60%;5.01%;5.43%;5.80%;6.60%;7.80%;10.72%;12.98%;12.98%
09/07/2019;2.91%;2.90%;2.90%;2.90%;2.89%;2.89%;2.93%;2.99%;3.23%;3.55%;3.89%;4.24%;4.60%;5.00%;5.39%;5.82%;6.64%;7.90%;10.86%;13.16%;13.16%
10/07/2019;2.91%;2.90%;2.90%;2.88%;2.88%;2.87%;2.94%;3.01%;3.24%;3.55%;3.87%;4.24%;4.60%;4.99%;5.39%;5.80%;6.63%;7.83%;10.76%;13.04%;13.04%
11/07/2019;2.91%;2.90%;2.89%;2.88%;2.91%;2.90%;2.98%;3.05%;3.28%;3.57%;3.93%;4.29%;4.69%;5.13%;5.53%;5.96%;6.88%;8.14%;11.21%;13.63%;13.63%
12/07/2019;2.91%;2.90%;2.89%;2.89%;2.89%;2.90%;2.97%;3.04%;3.28%;3.60%;3.94%;4.28%;4.71%;5.14%;5.56%;5.98%;6.90%;8.17%;11.25%;13.68%;13.68%
15/07/2019;2.91%;2.90%;2.90%;2.90%;2.88%;2.88%;2.95%;3.02%;3.26%;3.55%;3.89%;4.25%;4.65%;5.08%;5.50%;5.94%;6.76%;7.99%;11.00%;13.35%;13.35%
16/07/2019;2.91%;2.90%;2.91%;2.90%;2.89%;2.90%;2.97%;3.05%;3.27%;3.57%;3.91%;4.28%;4.71%;5.13%;5.56%;6.00%;6.85%;8.10%;11.16%;13.56%;13.56%
17/07/2019;2.91%;2.90%;2.90%;2.90%;2.88%;2.88%;2.94%;3.02%;3.26%;3.53%;3.87%;4.22%;4.64%;5.08%;5.48%;5.90%;6.74%;7.90%;10.86%;13.17%;13.17%
18/07/2019;2.91%;2.90%;2.90%;2.90%;2.89%;2.89%;2.97%;3.03%;3.27%;3.56%;3.88%;4.24%;4.66%;5.07%;5.51%;5.95%;6.77%;7.94%;10.92%;13.25%;13.25%
19/07/2019;2.91%;2.90%;2.90%;2.89%;2.88%;2.87%;2.91%;2.98%;3.20%;3.48%;3.84%;4.16%;4.57%;5.00%;5.44%;5.82%;6.61%;7.74%;10.63%;12.87%;12.87%
22/07/2019;2.91%;2.90%;2.90%;2.89%;2.87%;2.87%;2.90%;2.97%;3.19%;3.49%;3.81%;4.16%;4.53%;5.01%;5.39%;5.79%;6.62%;7.75%;10.64%;12.88%;12.88%
23/07/2019;2.91%;2.90%;2.90%;2.87%;2.87%;2.85%;2.89%;2.97%;3.18%;3.49%;3.79%;4.16%;4.54%;4.94%;5.36%;5.81%;6.57%;7.73%;10.61%;12.83%;12.83%
24/07/2019;2.91%;2.90%;2.90%;2.87%;2.85%;2.84%;2.89%;2.96%;3.17%;3.44%;3.76%;4.11%;4.48%;4.89%;5.36%;5.78%;6.57%;7.64%;10.48%;12.67%;12.67%
25/07/2019;2.92%;2.91%;2.90%;2.87%;2.85%;2.85%;2.90%;2.94%;3.14%;3.44%;3.78%;4.12%;4.50%;4.89%;5.36%;5.77%;6.56%;7.85%;10.77%;13.04%;13.04%
26/07/2019;2.92%;2.91%;2.89%;2.88%;2.84%;2.83%;2.87%;2.95%;3.15%;3.43%;3.75%;4.08%;4.45%;4.87%;5.34%;5.71%;6.52%;7.88%;10.81%;13.08%;13.08%
29/07/2019;2.92%;2.93%;2.91%;2.90%;2.90%;2.89%;2.94%;3.01%;3.22%;3.51%;3.83%;4.18%;4.56%;4.99%;5.45%;5.89%;6.63%;7.99%;10.98%;13.32%;13.32%
30/07/2019;2.92%;2.93%;2.91%;2.90%;2.91%;2.91%;2.95%;3.05%;3.26%;3.55%;3.85%;4.21%;4.63%;5.01%;5.51%;5.93%;6.71%;7.98%;10.97%;13.31%;13.31%
31/07/2019;2.92%;2.93%;2.91%;2.90%;2.89%;2.89%;2.93%;3.01%;3.23%;3.54%;3.85%;4.20%;4.57%;5.00%;5.45%;5.85%;6.68%;7.97%;10.95%;13.28%;13.28%
01/08/2019;2.92%;2.94%;2.91%;2.93%;2.91%;2.91%;2.96%;3.05%;3.28%;3.57%;3.89%;4.26%;4.64%;4.99%;5.44%;5.90%;6.71%;8.01%;11.02%;13.37%;13.37%
02/08/2019;2.92%;2.94%;2.92%;2.92%;2.91%;2.91%;2.94%;3.03%;3.26%;3.54%;3.85%;4.21%;4.57%;4.94%;5.37%;5.81%;6.62%;7.88%;10.83%;13.12%;13.12%
05/08/2019;2.92%;2.94%;2.92%;2.92%;2.93%;2.93%;2.97%;3.07%;3.34%;3.61%;3.93%;4.31%;4.65%;5.05%;5.52%;5.96%;6.83%;8.15%;11.22%;13.64%;13.64%
06/08/2019;2.92%;2.94%;2.93%;2.94%;2.95%;2.96%;3.00%;3.10%;3.34%;3.60%;3.95%;4.31%;4.70%;5.06%;5.50%;5.99%;6.77%;8.04%;11.07%;13.44%;13.44%
07/08/2019;2.92%;2.94%;2.93%;2.94%;2.95%;2.96%;3.00%;3.10%;3.34%;3.60%;3.95%;4.31%;4.70%;5.06%;5.50%;5.99%;6.77%;8.04%;11.07%;13.44%;13.44%
08/08/2019;2.92%;2.93%;2.92%;2.92%;2.92%;2.93%;2.95%;3.04%;3.28%;3.56%;3.87%;4.22%;4.63%;5.03%;5.48%;5.88%;6.69%;7.95%;10.93%;13.25%;13.25%
09/08/2019;2.92%;2.92%;2.91%;2.92%;2.92%;2.93%;2.96%;3.06%;3.29%;3.56%;3.87%;4.23%;4.63%;5.02%;5.46%;5.89%;6.71%;7.94%;10.92%;13.25%;13.25%
12/08/2019;2.92%;2.92%;2.92%;2.93%;2.95%;2.95%;3.00%;3.08%;3.31%;3.61%;3.90%;4.28%;4.64%;5.09%;5.49%;5.91%;6.83%;8.01%;11.03%;13.39%;13.39%
13/08/2019;2.92%;2.92%;2.92%;2.93%;2.93%;2.95%;2.99%;3.07%;3.30%;3.56%;3.87%;4.25%;4.60%;5.04%;5.44%;5.85%;6.74%;7.94%;10.92%;13.25%;13.25%
14/08/2019;2.92%;2.92%;2.91%;2.93%;2.92%;2.92%;2.95%;3.03%;3.26%;3.51%;3.81%;4.16%;4.50%;4.93%;5.35%;5.78%;6.54%;7.84%;10.76%;13.02%;13.02%
15/08/2019;2.92%;2.92%;2.92%;2.93%;2.93%;2.94%;2.97%;3.06%;3.28%;3.52%;3.78%;4.10%;4.46%;4.85%;5.30%;5.71%;6.43%;7.63%;10.46%;12.65%;12.65%
16/08/2019;2.92%;2.92%;2.92%;2.93%;2.94%;2.95%;2.99%;3.06%;3.26%;3.49%;3.73%;4.05%;4.41%;4.80%;5.24%;5.64%;6.42%;7.59%;10.40%;12.56%;12.56%
19/08/2019;2.92%;2.92%;2.92%;2.93%;2.94%;2.95%;2.99%;3.06%;3.26%;3.49%;3.73%;4.05%;4.41%;4.80%;5.24%;5.64%;6.42%;7.59%;10.40%;12.56%;12.56%
20/08/2019;2.92%;2.92%;2.93%;2.93%;2.95%;2.95%;2.99%;3.06%;3.27%;3.51%;3.75%;4.08%;4.38%;4.83%;5.22%;5.62%;6.39%;7.66%;10.49%;12.68%;12.68%
21/08/2019;2.92%;2.92%;2.92%;2.94%;2.96%;2.97%;3.01%;3.08%;3.31%;3.53%;3.79%;4.09%;4.44%;4.83%;5.27%;5.65%;6.47%;7.59%;10.41%;12.58%;12.58%
22/08/2019;2.92%;2.93%;2.92%;2.95%;2.96%;2.96%;3.02%;3.10%;3.33%;3.56%;3.81%;4.10%;4.45%;4.84%;5.27%;5.70%;6.51%;7.74%;10.61%;12.84%;12.84%
23/08/2019;2.92%;2.94%;2.92%;2.95%;2.98%;2.99%;3.06%;3.13%;3.35%;3.59%;3.81%;4.13%;4.48%;4.85%;5.27%;5.70%;6.60%;7.76%;10.66%;12.90%;12.90%
26/08/2019;2.92%;2.94%;2.92%;2.95%;2.97%;2.98%;3.05%;3.14%;3.36%;3.59%;3.86%;4.16%;4.53%;4.90%;5.31%;5.76%;6.58%;7.75%;10.64%;12.88%;12.88%
27/08/2019;2.92%;2.94%;2.93%;2.96%;2.98%;3.00%;3.08%;3.16%;3.42%;3.63%;3.91%;4.23%;4.58%;4.97%;5.36%;5.81%;6.69%;7.84%;10.78%;13.06%;13.06%
28/08/2019;2.92%;2.94%;2.93%;2.95%;2.98%;3.00%;3.09%;3.19%;3.43%;3.70%;3.99%;4.26%;4.67%;5.02%;5.44%;5.88%;6.80%;7.97%;10.97%;13.32%;13.32%
29/08/2019;2.93%;2.94%;2.93%;2.96%;2.98%;3.01%;3.10%;3.19%;3.43%;3.70%;3.98%;4.28%;4.67%;5.04%;5.46%;5.93%;6.79%;8.00%;11.01%;13.37%;13.37%
30/08/2019;2.92%;2.94%;2.93%;2.96%;2.98%;3.01%;3.11%;3.20%;3.45%;3.70%;4.01%;4.29%;4.67%;5.03%;5.47%;5.94%;6.81%;7.99%;11.00%;13.36%;13.36%
02/09/2019;2.92%;2.94%;2.93%;2.96%;2.98%;3.01%;3.11%;3.20%;3.45%;3.70%;4.01%;4.29%;4.67%;5.03%;5.47%;5.94%;6.81%;7.99%;11.00%;13.36%;13.36%
03/09/2019;2.91%;2.93%;2.94%;2.96%;2.99%;3.01%;3.11%;3.20%;3.45%;3.73%;4.02%;4.31%;4.70%;5.07%;5.49%;5.97%;6.83%;8.01%;11.03%;13.41%;13.41%
04/09/2019;2.91%;2.92%;2.93%;2.96%;2.98%;3.00%;3.09%;3.17%;3.40%;3.66%;3.95%;4.26%;4.62%;5.02%;5.40%;5.85%;6.76%;7.92%;10.89%;13.22%;13.22%
05/09/2019;2.91%;2.92%;2.93%;2.97%;2.98%;3.01%;3.08%;3.17%;3.39%;3.67%;3.94%;4.28%;4.64%;5.04%;5.44%;5.83%;6.73%;7.92%;10.89%;13.22%;13.22%
06/09/2019;2.92%;2.93%;2.93%;2.94%;2.97%;2.95%;3.02%;3.10%;3.34%;3.61%;3.88%;4.22%;4.56%;4.94%;5.30%;5.77%;6.66%;7.83%;10.76%;13.04%;13.04%
09/09/2019;2.91%;2.92%;2.92%;2.94%;2.96%;2.98%;3.03%;3.13%;3.35%;3.64%;3.91%;4.24%;4.59%;4.98%;5.39%;5.83%;6.73%;7.91%;10.87%;13.18%;13.18%
10/09/2019;2.91%;2.92%;2.92%;2.93%;2.96%;2.98%;3.05%;3.13%;3.36%;3.64%;3.94%;4.27%;4.64%;5.04%;5.46%;5.89%;6.81%;8.02%;11.03%;13.39%;13.39%
11/09/2019;2.91%;2.92%;2.94%;2.94%;2.95%;2.98%;3.05%;3.12%;3.33%;3.62%;3.93%;4.29%;4.63%;5.03%;5.48%;5.90%;6.81%;8.02%;11.03%;13.39%;13.39%
12/09/2019;2.91%;2.92%;2.93%;2.95%;2.96%;2.97%;3.03%;3.12%;3.35%;3.64%;3.93%;4.27%;4.61%;5.00%;5.43%;5.87%;6.73%;7.93%;10.90%;13.23%;13.23%
13/09/2019;2.91%;2.92%;2.93%;2.95%;2.97%;2.98%;3.06%;3.13%;3.38%;3.68%;3.98%;4.30%;4.65%;5.05%;5.48%;5.93%;6.82%;8.04%;11.06%;13.44%;13.44%
16/09/2019;2.91%;2.92%;2.93%;2.94%;2.96%;2.97%;3.04%;3.11%;3.35%;3.64%;3.94%;4.28%;4.62%;5.03%;5.45%;5.85%;6.78%;7.99%;10.99%;13.34%;13.34%
17/09/2019;2.91%;2.93%;2.94%;2.94%;2.96%;2.97%;3.05%;3.12%;3.36%;3.64%;3.92%;4.27%;4.59%;4.99%;5.40%;5.87%;6.76%;7.96%;10.95%;13.29%;13.29%
18/09/2019;2.91%;2.92%;2.93%;2.95%;2.95%;2.97%;3.02%;3.11%;3.33%;3.62%;3.90%;4.25%;4.57%;4.96%;5.37%;5.84%;6.78%;7.98%;10.97%;13.31%;13.31%
19/09/2019;2.91%;2.93%;2.93%;2.95%;2.96%;2.96%;3.02%;3.10%;3.31%;3.57%;3.86%;4.21%;4.55%;4.93%;5.35%;5.80%;6.71%;7.90%;10.85%;13.16%;13.16%
20/09/2019;2.91%;2.92%;2.92%;2.95%;2.96%;2.96%;3.01%;3.09%;3.33%;3.58%;3.89%;4.22%;4.57%;4.95%;5.38%;5.82%;6.78%;7.98%;10.98%;13.32%;13.32%
23/09/2019;2.91%;2.93%;2.93%;2.94%;2.95%;2.96%;2.99%;3.08%;3.31%;3.57%;3.86%;4.21%;4.55%;4.92%;5.35%;5.79%;6.74%;7.93%;10.90%;13.22%;13.22%
24/09/2019;2.91%;2.93%;2.93%;2.95%;2.96%;2.96%;3.01%;3.08%;3.29%;3.53%;3.83%;4.14%;4.50%;4.83%;5.28%;5.73%;6.68%;7.86%;10.79%;13.07%;13.07%
25/09/2019;2.91%;2.92%;2.92%;2.95%;2.97%;2.98%;3.02%;3.10%;3.32%;3.59%;3.88%;4.18%;4.55%;4.89%;5.34%;5.80%;6.67%;7.87%;10.81%;13.10%;13.10%
26/09/2019;2.91%;2.93%;2.93%;2.95%;2.96%;2.98%;3.02%;3.11%;3.33%;3.58%;3.87%;4.17%;4.54%;4.88%;5.34%;5.78%;6.63%;7.81%;10.72%;12.99%;12.99%
27/09/2019;2.91%;2.93%;2.94%;2.95%;2.97%;2.98%;3.04%;3.12%;3.34%;3.61%;3.88%;4.21%;4.57%;4.95%;5.40%;5.84%;6.70%;7.88%;10.84%;13.14%;13.14%
30/09/2019;2.91%;2.92%;2.92%;2.95%;2.97%;2.98%;3.06%;3.13%;3.37%;3.64%;3.93%;4.24%;4.59%;4.97%;5.42%;5.85%;6.68%;7.87%;10.82%;13.12%;13.12%
01/10/2019;2.91%;2.93%;2.94%;2.95%;2.98%;3.00%;3.07%;3.15%;3.38%;3.63%;3.93%;4.23%;4.60%;4.99%;5.44%;5.88%;6.73%;7.93%;10.90%;13.23%;13.23%
02/10/2019;2.91%;2.93%;2.93%;2.96%;2.97%;2.99%;3.04%;3.14%;3.35%;3.64%;3.90%;4.20%;4.57%;4.96%;5.40%;5.83%;6.69%;7.88%;10.83%;13.13%;13.13%
03/10/2019;2.91%;2.93%;2.93%;2.95%;2.97%;2.96%;3.02%;3.10%;3.31%;3.59%;3.84%;4.15%;4.51%;4.91%;5.33%;5.76%;6.59%;7.75%;10.64%;12.88%;12.88%
04/10/2019;2.91%;2.93%;2.93%;2.95%;2.95%;2.96%;2.99%;3.09%;3.29%;3.56%;3.82%;4.14%;4.47%;4.85%;5.32%;5.70%;6.60%;7.77%;10.66%;12.91%;12.91%
07/10/2019;2.91%;2.93%;2.94%;2.97%;2.99%;3.00%;3.05%;3.14%;3.35%;3.62%;3.87%;4.19%;4.50%;4.90%;5.33%;5.75%;6.61%;7.78%;10.68%;12.93%;12.93%
08/10/2019;2.91%;2.93%;2.93%;2.98%;3.01%;3.03%;3.08%;3.16%;3.37%;3.60%;3.87%;4.17%;4.50%;4.88%;5.31%;5.72%;6.56%;7.72%;10.59%;12.82%;12.82%
09/10/2019;2.91%;2.93%;2.94%;2.97%;3.00%;3.03%;3.09%;3.18%;3.40%;3.64%;3.89%;4.19%;4.54%;4.91%;5.32%;5.76%;6.53%;7.78%;10.68%;12.93%;12.93%
10/10/2019;2.91%;2.93%;2.96%;2.98%;3.03%;3.05%;3.14%;3.24%;3.44%;3.70%;3.95%;4.25%;4.61%;4.97%;5.37%;5.82%;6.62%;7.91%;10.88%;13.19%;13.19%
11/10/2019;2.91%;2.93%;2.94%;2.99%;3.05%;3.12%;3.22%;3.31%;3.52%;3.76%;4.02%;4.31%;4.71%;5.04%;5.47%;5.89%;6.72%;8.03%;11.05%;13.43%;13.43%
14/10/2019;2.91%;2.93%;2.94%;2.99%;3.05%;3.12%;3.22%;3.31%;3.52%;3.76%;4.02%;4.31%;4.71%;5.04%;5.47%;5.89%;6.72%;8.03%;11.05%;13.43%;13.43%
15/10/2019;2.91%;2.93%;2.96%;3.02%;3.07%;3.14%;3.23%;3.36%;3.60%;3.84%;4.09%;4.39%;4.75%;5.10%;5.54%;5.98%;6.82%;8.15%;11.24%;13.68%;13.68%
16/10/2019;2.91%;2.94%;2.96%;3.02%;3.07%;3.14%;3.27%;3.40%;3.64%;3.89%;4.18%;4.50%;4.85%;5.18%;5.64%;6.10%;7.06%;8.33%;11.50%;14.02%;14.02%
17/10/2019;2.91%;2.93%;2.94%;2.99%;3.04%;3.10%;3.20%;3.31%;3.53%;3.78%;4.09%;4.40%;4.74%;5.07%;5.55%;6.01%;6.97%;8.40%;11.59%;14.13%;14.13%
18/10/2019;2.91%;2.93%;2.94%;2.99%;3.03%;3.09%;3.18%;3.29%;3.51%;3.76%;4.08%;4.40%;4.75%;5.07%;5.58%;5.98%;6.94%;8.37%;11.55%;14.07%;14.07%
21/10/2019;2.91%;2.93%;2.94%;2.99%;3.03%;3.08%;3.18%;3.30%;3.52%;3.81%;4.12%;4.44%;4.79%;5.19%;5.66%;6.03%;7.03%;8.32%;11.49%;14.01%;14.01%
22/10/2019;2.91%;2.92%;2.94%;2.99%;3.03%;3.09%;3.19%;3.29%;3.53%;3.81%;4.14%;4.47%;4.85%;5.22%;5.65%;6.04%;7.07%;8.38%;11.57%;14.12%;14.12%
23/10/2019;2.91%;2.92%;2.93%;2.99%;3.01%;3.08%;3.18%;3.27%;3.50%;3.80%;4.12%;4.43%;4.81%;5.17%;5.62%;6.08%;7.06%;8.36%;11.54%;14.07%;14.07%
24/10/2019;2.91%;2.92%;2.92%;2.98%;3.03%;3.08%;3.17%;3.25%;3.46%;3.74%;4.07%;4.40%;4.76%;5.11%;5.54%;6.00%;7.08%;8.39%;11.57%;14.11%;14.11%
25/10/2019;2.91%;2.93%;2.95%;2.99%;3.04%;3.08%;3.18%;3.28%;3.50%;3.77%;4.10%;4.43%;4.79%;5.10%;5.53%;6.00%;7.08%;8.38%;11.57%;14.10%;14.10%
28/10/2019;2.91%;2.93%;2.95%;2.99%;3.04%;3.09%;3.19%;3.31%;3.52%;3.83%;4.14%;4.47%;4.83%;5.20%;5.65%;6.09%;7.04%;8.31%;11.47%;13.98%;13.98%
29/10/2019;2.91%;2.92%;2.95%;3.00%;3.05%;3.10%;3.23%;3.35%;3.58%;3.86%;4.18%;4.51%;4.91%;5.24%;5.68%;6.18%;7.10%;8.38%;11.57%;14.13%;14.13%
30/10/2019;2.91%;2.92%;2.95%;3.02%;3.06%;3.15%;3.27%;3.39%;3.63%;3.94%;4.26%;4.56%;4.96%;5.32%;5.77%;6.23%;7.15%;8.44%;11.68%;14.27%;14.27%
31/10/2019;2.91%;2.92%;2.95%;3.00%;3.06%;3.14%;3.25%;3.38%;3.62%;3.89%;4.19%;4.51%;4.88%;5.28%;5.70%;6.16%;7.07%;8.34%;11.53%;14.07%;14.07%
01/11/2019;2.91%;2.92%;2.95%;3.02%;3.08%;3.16%;3.26%;3.39%;3.66%;3.91%;4.21%;4.53%;4.93%;5.31%;5.73%;6.19%;7.16%;8.35%;11.54%;14.09%;14.09%
04/11/2019;2.91%;2.92%;2.95%;3.02%;3.08%;3.16%;3.26%;3.39%;3.66%;3.91%;4.21%;4.53%;4.93%;5.31%;5.73%;6.19%;7.16%;8.35%;11.54%;14.09%;14.09%
05/11/2019;2.91%;2.92%;2.95%;3.03%;3.11%;3.17%;3.31%;3.45%;3.72%;4.00%;4.32%;4.65%;5.05%;5.42%;5.84%;6.30%;7.31%;8.60%;11.91%;14.58%;14.58%
06/11/2019;2.91%;2.92%;2.94%;3.02%;3.09%;3.17%;3.30%;3.44%;3.70%;4.01%;4.31%;4.65%;5.03%;5.42%;5.85%;6.31%;7.31%;8.64%;11.97%;14.65%;14.65%
07/11/2019;2.91%;2.92%;2.95%;3.03%;3.12%;3.21%;3.33%;3.50%;3.77%;4.07%;4.42%;4.73%;5.12%;5.51%;5.95%;6.46%;7.40%;8.76%;12.15%;14.91%;14.91%
08/11/2019;2.91%;2.92%;2.95%;3.03%;3.11%;3.19%;3.34%;3.49%;3.78%;4.07%;4.39%;4.73%;5.15%;5.56%;5.95%;6.45%;7.40%;8.75%;12.15%;14.90%;14.90%
11/11/2019;2.91%;2.92%;2.95%;3.03%;3.11%;3.19%;3.34%;3.49%;3.78%;4.07%;4.39%;4.73%;5.15%;5.56%;5.95%;6.45%;7.40%;8.75%;12.15%;14.90%;14.90%
12/11/2019;2.91%;2.92%;2.95%;3.05%;3.14%;3.23%;3.39%;3.56%;3.87%;4.21%;4.54%;4.90%;5.30%;5.70%;6.11%;6.64%;7.64%;9.05%;12.59%;15.51%;15.51%
13/11/2019;2.91%;2.92%;2.95%;3.05%;3.15%;3.25%;3.44%;3.62%;3.93%;4.25%;4.59%;4.98%;5.38%;5.84%;6.28%;6.74%;7.59%;9.00%;12.53%;15.43%;15.43%
14/11/2019;2.91%;2.92%;2.96%;3.03%;3.12%;3.21%;3.36%;3.54%;3.86%;4.18%;4.51%;4.89%;5.28%;5.73%;6.16%;6.58%;7.68%;9.09%;12.65%;15.58%;15.58%
15/11/2019;2.91%;2.92%;2.95%;3.03%;3.11%;3.18%;3.33%;3.48%;3.80%;4.10%;4.41%;4.78%;5.16%;5.62%;6.04%;6.47%;7.73%;9.15%;12.73%;15.67%;15.67%
18/11/2019;2.91%;2.92%;2.95%;3.03%;3.12%;3.22%;3.37%;3.55%;3.85%;4.15%;4.47%;4.83%;5.19%;5.66%;6.09%;6.54%;7.59%;9.02%;12.54%;15.43%;15.43%
19/11/2019;2.91%;2.92%;2.96%;3.04%;3.15%;3.21%;3.39%;3.55%;3.87%;4.19%;4.52%;4.88%;5.25%;5.68%;6.11%;6.59%;7.65%;9.10%;12.67%;15.60%;15.60%
20/11/2019;2.91%;2.92%;2.95%;3.03%;3.13%;3.21%;3.35%;3.51%;3.84%;4.16%;4.48%;4.84%;5.22%;5.64%;6.06%;6.55%;7.59%;9.02%;12.54%;15.43%;15.43%
21/11/2019;2.91%;2.92%;2.96%;3.04%;3.11%;3.18%;3.32%;3.48%;3.80%;4.12%;4.43%;4.85%;5.23%;5.65%;6.07%;6.56%;7.59%;9.03%;12.55%;15.44%;15.44%
22/11/2019;2.91%;2.92%;2.94%;3.02%;3.09%;3.17%;3.32%;3.49%;3.85%;4.18%;4.45%;4.88%;5.20%;5.76%;6.15%;6.58%;7.57%;9.00%;12.52%;15.41%;15.41%
25/11/2019;2.91%;2.92%;2.94%;3.02%;3.11%;3.19%;3.36%;3.56%;3.91%;4.24%;4.50%;4.92%;5.24%;5.78%;6.24%;6.73%;7.84%;8.91%;12.41%;15.28%;15.28%
26/11/2019;2.91%;2.92%;2.93%;3.01%;3.11%;3.19%;3.38%;3.57%;3.93%;4.28%;4.61%;5.02%;5.44%;5.89%;6.37%;6.88%;8.01%;9.54%;13.33%;16.49%;16.49%
27/11/2019;2.91%;2.92%;2.94%;3.01%;3.08%;3.16%;3.35%;3.54%;3.90%;4.21%;4.58%;4.99%;5.40%;5.87%;6.35%;6.84%;7.97%;9.57%;13.37%;16.54%;16.54%
28/11/2019;2.91%;2.92%;2.93%;3.00%;3.08%;3.18%;3.35%;3.54%;3.89%;4.21%;4.58%;4.99%;5.40%;5.87%;6.35%;6.84%;7.97%;9.57%;13.37%;16.54%;16.54%
29/11/2019;2.91%;2.92%;2.95%;3.00%;3.10%;3.17%;3.34%;3.50%;3.87%;4.22%;4.56%;4.99%;5.40%;5.87%;6.30%;6.81%;7.92%;9.51%;13.28%;16.41%;16.41%
02/12/2019;2.91%;2.92%;2.95%;3.01%;3.09%;3.17%;3.36%;3.54%;3.88%;4.23%;4.59%;5.00%;5.43%;5.90%;6.34%;6.85%;7.96%;9.56%;13.36%;16.53%;16.53%
03/12/2019;2.91%;2.93%;2.96%;3.01%;3.09%;3.15%;3.35%;3.52%;3.84%;4.17%;4.53%;4.90%;5.33%;5.78%;6.24%;6.76%;7.83%;9.39%;13.10%;16.18%;16.18%
04/12/2019;2.91%;2.92%;2.95%;3.01%;3.07%;3.15%;3.33%;3.48%;3.80%;4.13%;4.47%;4.83%;5.24%;5.67%;6.09%;6.59%;7.88%;9.45%;13.18%;16.26%;16.26%
05/12/2019;2.91%;2.93%;2.95%;3.01%;3.07%;3.14%;3.31%;3.46%;3.76%;4.04%;4.36%;4.72%;5.16%;5.59%;6.05%;6.51%;7.64%;9.14%;12.70%;15.63%;15.63%
06/12/2019;2.91%;2.93%;2.97%;3.00%;3.06%;3.13%;3.27%;3.44%;3.69%;4.02%;4.35%;4.69%;5.13%;5.56%;6.02%;6.52%;7.58%;9.08%;12.62%;15.52%;15.52%
09/12/2019;2.91%;2.92%;2.94%;2.99%;3.03%;3.13%;3.30%;3.44%;3.72%;4.02%;4.35%;4.71%;5.13%;5.56%;6.02%;6.54%;7.58%;9.08%;12.62%;15.51%;15.51%
10/12/2019;2.91%;2.92%;2.94%;2.99%;3.04%;3.14%;3.31%;3.44%;3.71%;4.03%;4.35%;4.72%;5.13%;5.58%;6.03%;6.54%;7.60%;9.11%;12.66%;15.57%;15.57%
11/12/2019;2.91%;2.92%;2.94%;2.98%;3.02%;3.12%;3.25%;3.39%;3.66%;3.97%;4.26%;4.65%;5.04%;5.46%;5.89%;6.35%;7.46%;8.96%;12.44%;15.26%;15.26%
12/12/2019;2.91%;2.92%;2.94%;2.99%;3.04%;3.12%;3.27%;3.40%;3.66%;3.95%;4.27%;4.62%;5.03%;5.43%;5.88%;6.41%;7.40%;8.98%;12.45%;15.28%;15.28%
13/12/2019;2.90%;2.91%;2.93%;2.99%;3.05%;3.15%;3.29%;3.44%;3.69%;4.02%;4.35%;4.70%;5.10%;5.45%;5.86%;6.44%;7.46%;9.06%;12.58%;15.45%;15.45%
16/12/2019;2.91%;2.92%;2.94%;3.00%;3.05%;3.15%;3.30%;3.45%;3.73%;4.02%;4.35%;4.71%;5.11%;5.52%;5.93%;6.42%;7.48%;9.04%;12.55%;15.42%;15.42%
17/12/2019;2.91%;2.92%;2.94%;3.00%;3.06%;3.17%;3.29%;3.45%;3.73%;4.00%;4.32%;4.71%;5.11%;5.52%;5.94%;6.44%;7.48%;9.04%;12.55%;15.42%;15.42%
18/12/2019;2.91%;2.92%;2.95%;3.00%;3.06%;3.15%;3.29%;3.43%;3.71%;3.95%;4.28%;4.67%;5.05%;5.48%;5.89%;6.38%;7.45%;8.95%;12.43%;15.25%;15.25%
19/12/2019;2.91%;2.92%;2.95%;3.01%;3.06%;3.16%;3.30%;3.43%;3.69%;3.97%;4.30%;4.68%;5.07%;5.50%;5.92%;6.40%;7.49%;9.02%;12.52%;15.37%;15.37%
20/12/2019;2.91%;2.92%;2.95%;3.01%;3.06%;3.15%;3.28%;3.41%;3.68%;3.94%;4.26%;4.64%;4.99%;5.45%;5.90%;6.39%;7.48%;8.96%;12.44%;15.26%;15.26%
23/12/2019;2.91%;2.92%;2.95%;3.00%;3.06%;3.15%;3.28%;3.41%;3.66%;3.94%;4.25%;4.64%;4.99%;5.45%;5.90%;6.39%;7.48%;8.96%;12.43%;15.26%;15.26%
24/12/2019;2.90%;2.92%;2.95%;3.00%;3.06%;3.15%;3.28%;3.41%;3.66%;3.94%;4.25%;4.64%;4.99%;5.45%;5.90%;6.39%;7.49%;8.96%;12.43%;15.26%;15.26%
25/12/2019;2.90%;2.92%;2.95%;3.00%;3.06%;3.15%;3.28%;3.41%;3.66%;3.94%;4.25%;4.64%;4.99%;5.45%;5.90%;6.39%;7.49%;8.96%;12.43%;15.26%;15.26%
26/12/2019;2.91%;2.92%;2.94%;3.00%;3.06%;3.14%;3.29%;3.41%;3.66%;3.94%;4.26%;4.65%;5.03%;5.48%;5.92%;6.45%;7.49%;9.02%;12.53%;15.38%;15.38%
27/12/2019;2.91%;2.92%;2.94%;3.00%;3.06%;3.14%;3.29%;3.41%;3.64%;3.93%;4.26%;4.64%;5.02%;5.48%;5.91%;6.44%;7.48%;9.03%;12.54%;15.39%;15.39%
30/12/2019;2.91%;2.92%;2.95%;3.00%;3.07%;3.15%;3.29%;3.41%;3.65%;3.95%;4.27%;4.64%;5.02%;5.46%;5.92%;6.42%;7.48%;9.03%;12.54%;15.39%;15.39%
31/12/2019;2.91%;2.92%;2.95%;3.00%;3.07%;3.15%;3.29%;3.41%;3.65%;3.95%;4.27%;4.64%;5.02%;5.46%;5.92%;6.42%;7.48%;9.03%;12.54%;15.39%;15.39%
01/01/2020;2.91%;2.92%;2.95%;3.00%;3.07%;3.15%;3.29%;3.41%;3.65%;3.95%;4.27%;4.64%;5.02%;5.46%;5.92%;6.42%;7.48%;9.03%;12.54%;15.39%;15.39%
02/01/2020;2.91%;2.92%;2.94%;3.00%;3.06%;3.13%;3.29%;3.41%;3.66%;3.94%;4.29%;4.63%;5.02%;5.45%;5.91%;6.39%;7.45%;9.02%;12.52%;15.38%;15.38%
03/01/2020;2.92%;2.93%;2.95%;3.00%;3.06%;3.16%;3.30%;3.41%;3.68%;3.96%;4.29%;4.64%;5.04%;5.46%;5.91%;6.40%;7.45%;9.04%;12.55%;15.40%;15.40%
06/01/2020;2.92%;2.93%;2.95%;3.00%;3.06%;3.16%;3.30%;3.41%;3.68%;3.96%;4.29%;4.64%;5.04%;5.46%;5.91%;6.40%;7.45%;9.04%;12.55%;15.40%;15.40%
07/01/2020;2.91%;2.92%;2.93%;2.99%;3.06%;3.13%;3.28%;3.40%;3.67%;3.95%;4.26%;4.61%;4.98%;5.43%;5.88%;6.36%;7.40%;8.98%;12.46%;15.29%;15.29%
08/01/2020;2.91%;2.92%;2.94%;2.99%;3.04%;3.11%;3.26%;3.38%;3.61%;3.92%;4.21%;4.55%;4.94%;5.39%;5.83%;6.31%;7.29%;8.87%;12.30%;15.07%;15.07%
09/01/2020;2.91%;2.92%;2.95%;2.99%;3.04%;3.12%;3.23%;3.35%;3.63%;3.89%;4.19%;4.51%;4.85%;5.28%;5.71%;6.22%;7.15%;8.70%;12.04%;14.73%;14.73%
10/01/2020;2.91%;2.92%;2.94%;2.98%;3.02%;3.09%;3.22%;3.33%;3.60%;3.88%;4.15%;4.45%;4.81%;5.24%;5.65%;6.13%;7.09%;8.63%;11.93%;14.58%;14.58%
13/01/2020;2.91%;2.92%;2.95%;2.99%;3.03%;3.12%;3.24%;3.38%;3.64%;3.89%;4.21%;4.52%;4.87%;5.26%;5.73%;6.22%;7.23%;8.76%;12.13%;14.84%;14.84%
14/01/2020;2.91%;2.92%;2.94%;2.99%;3.03%;3.10%;3.23%;3.37%;3.64%;3.91%;4.21%;4.54%;4.87%;5.28%;5.74%;6.22%;7.23%;8.76%;12.13%;14.84%;14.84%
15/01/2020;2.91%;2.92%;2.94%;2.99%;3.03%;3.10%;3.21%;3.36%;3.62%;3.88%;4.18%;4.52%;4.85%;5.25%;5.68%;6.12%;7.14%;8.65%;11.96%;14.61%;14.61%
16/01/2020;2.91%;2.92%;2.95%;2.99%;3.03%;3.09%;3.22%;3.35%;3.63%;3.89%;4.20%;4.52%;4.86%;5.28%;5.72%;6.15%;7.21%;8.74%;12.09%;14.79%;14.79%
17/01/2020;2.91%;2.92%;2.94%;3.00%;3.04%;3.10%;3.22%;3.37%;3.64%;3.93%;4.22%;4.55%;4.87%;5.28%;5.68%;6.15%;7.18%;8.70%;12.04%;14.73%;14.73%
20/01/2020;2.91%;2.92%;2.94%;3.00%;3.04%;3.10%;3.22%;3.37%;3.64%;3.93%;4.22%;4.55%;4.87%;5.28%;5.68%;6.15%;7.18%;8.70%;12.04%;14.72%;14.72%
21/01/2020;2.91%;2.92%;2.95%;2.99%;3.03%;3.09%;3.22%;3.36%;3.63%;3.92%;4.22%;4.55%;4.85%;5.25%;5.73%;6.11%;7.22%;8.77%;12.14%;14.86%;14.86%
22/01/2020;2.91%;2.92%;2.94%;2.98%;3.02%;3.09%;3.21%;3.33%;3.61%;3.88%;4.15%;4.49%;4.79%;5.21%;5.64%;6.04%;7.04%;8.57%;11.84%;14.46%;14.46%
23/01/2020;2.91%;2.92%;2.93%;2.99%;3.03%;3.07%;3.18%;3.32%;3.59%;3.86%;4.16%;4.48%;4.77%;5.14%;5.56%;5.97%;6.98%;8.49%;11.72%;14.30%;14.30%
24/01/2020;2.91%;2.92%;2.94%;2.99%;3.02%;3.08%;3.18%;3.32%;3.59%;3.85%;4.14%;4.46%;4.77%;5.10%;5.53%;5.95%;6.93%;8.43%;11.64%;14.19%;14.19%
27/01/2020;2.91%;2.92%;2.94%;2.99%;3.03%;3.07%;3.18%;3.33%;3.60%;3.86%;4.16%;4.49%;4.80%;5.15%;5.58%;5.99%;7.00%;8.52%;11.76%;14.35%;14.35%
28/01/2020;2.91%;2.92%;2.94%;2.99%;3.03%;3.07%;3.18%;3.33%;3.60%;3.86%;4.16%;4.49%;4.80%;5.15%;5.58%;5.99%;7.00%;8.52%;11.76%;14.35%;14.35%
29/01/2020;2.91%;2.92%;2.92%;2.98%;3.03%;3.07%;3.18%;3.31%;3.57%;3.84%;4.13%;4.45%;4.77%;5.12%;5.49%;5.96%;6.93%;8.43%;11.64%;14.19%;14.19%
30/01/2020;2.91%;2.92%;2.93%;2.98%;3.03%;3.07%;3.19%;3.30%;3.57%;3.84%;4.14%;4.43%;4.75%;5.10%;5.48%;5.94%;6.90%;8.37%;11.55%;14.07%;14.07%
31/01/2020;2.91%;2.92%;2.93%;2.98%;3.03%;3.07%;3.19%;3.30%;3.57%;3.84%;4.14%;4.43%;4.75%;5.10%;5.48%;5.94%;6.90%;8.37%;11.55%;14.07%;14.07%
03/02/2020;2.91%;2.92%;2.92%;2.96%;3.01%;3.04%;3.16%;3.26%;3.51%;3.75%;4.03%;4.35%;4.66%;5.01%;5.39%;5.85%;6.76%;8.19%;11.27%;13.70%;13.70%
04/02/2020;2.91%;2.92%;2.92%;2.96%;3.01%;3.04%;3.16%;3.26%;3.51%;3.75%;4.03%;4.35%;4.66%;5.01%;5.39%;5.85%;6.76%;8.19%;11.27%;13.70%;13.70%
05/02/2020;2.91%;2.92%;2.94%;2.97%;3.02%;3.06%;3.17%;3.27%;3.53%;3.78%;4.05%;4.36%;4.66%;5.02%;5.40%;5.84%;6.76%;8.22%;11.32%;13.76%;13.76%
06/02/2020;2.91%;2.92%;2.94%;2.97%;3.02%;3.06%;3.17%;3.27%;3.53%;3.78%;4.05%;4.36%;4.66%;5.02%;5.40%;5.84%;6.76%;8.22%;11.32%;13.76%;13.76%
07/02/2020;2.91%;2.92%;2.94%;2.97%;3.01%;3.05%;3.14%;3.23%;3.48%;3.74%;4.00%;4.29%;4.60%;4.98%;5.34%;5.74%;6.65%;8.09%;11.12%;13.51%;13.51%
10/02/2020;2.91%;2.92%;2.94%;2.96%;3.01%;3.04%;3.12%;3.21%;3.44%;3.69%;3.94%;4.24%;4.56%;4.90%;5.27%;5.68%;6.54%;7.92%;10.88%;13.18%;13.18%
11/02/2020;2.91%;2.92%;2.94%;2.96%;2.99%;3.02%;3.09%;3.17%;3.40%;3.64%;3.89%;4.24%;4.57%;4.91%;5.28%;5.68%;6.55%;7.92%;10.88%;13.19%;13.19%
12/02/2020;2.91%;2.92%;2.94%;2.96%;3.00%;3.04%;3.10%;3.19%;3.40%;3.63%;3.86%;4.14%;4.45%;4.78%;5.13%;5.56%;6.28%;7.55%;10.35%;12.50%;12.50%
13/02/2020;2.91%;2.92%;2.94%;2.97%;3.02%;3.06%;3.15%;3.25%;3.45%;3.69%;3.92%;4.19%;4.50%;4.83%;5.18%;5.58%;6.38%;7.69%;10.54%;12.75%;12.75%
14/02/2020;2.91%;2.92%;2.94%;2.97%;3.02%;3.06%;3.15%;3.25%;3.45%;3.69%;3.92%;4.19%;4.50%;4.83%;5.18%;5.58%;6.38%;7.69%;10.54%;12.75%;12.75%
17/02/2020;2.91%;2.91%;2.92%;2.97%;3.02%;3.07%;3.15%;3.26%;3.46%;3.69%;3.91%;4.17%;4.50%;4.82%;5.18%;5.55%;6.39%;7.69%;10.55%;12.75%;12.75%
18/02/2020;2.91%;2.92%;2.94%;2.97%;3.01%;3.06%;3.17%;3.25%;3.46%;3.67%;3.90%;4.18%;4.49%;4.82%;5.18%;5.55%;6.39%;7.69%;10.55%;12.75%;12.75%
19/02/2020;2.91%;2.92%;2.93%;2.96%;3.01%;3.07%;3.17%;3.27%;3.49%;3.70%;3.94%;4.22%;4.51%;4.86%;5.21%;5.59%;6.43%;7.74%;10.62%;12.85%;12.85%
20/02/2020;2.91%;2.92%;2.93%;2.96%;3.01%;3.06%;3.16%;3.26%;3.49%;3.69%;3.92%;4.20%;4.50%;4.81%;5.17%;5.56%;6.38%;7.69%;10.54%;12.75%;12.75%
21/02/2020;2.91%;2.92%;2.93%;2.96%;3.01%;3.06%;3.16%;3.26%;3.49%;3.69%;3.92%;4.20%;4.50%;4.81%;5.17%;5.56%;6.38%;7.69%;10.54%;12.75%;12.75%
24/02/2020;2.91%;2.92%;2.93%;2.95%;2.99%;3.00%;3.08%;3.14%;3.34%;3.56%;3.78%;4.04%;4.33%;4.62%;4.95%;5.32%;6.10%;7.34%;10.04%;12.08%;12.08%
25/02/2020;2.91%;2.92%;2.93%;2.95%;2.99%;3.00%;3.08%;3.14%;3.34%;3.56%;3.78%;4.04%;4.33%;4.62%;4.95%;5.32%;6.10%;7.34%;10.04%;12.08%;12.08%
26/02/2020;2.91%;2.92%;2.93%;2.94%;2.96%;2.98%;3.03%;3.10%;3.30%;3.51%;3.74%;4.02%;4.28%;4.61%;4.96%;5.30%;6.11%;7.35%;10.05%;12.10%;12.10%
27/02/2020;2.91%;2.92%;2.93%;2.95%;2.98%;3.01%;3.04%;3.14%;3.37%;3.58%;3.81%;4.08%;4.41%;4.75%;5.06%;5.49%;6.30%;7.58%;10.38%;12.53%;12.53%
28/02/2020;2.91%;2.92%;2.93%;2.95%;2.98%;3.01%;3.04%;3.14%;3.37%;3.58%;3.81%;4.08%;4.41%;4.75%;5.06%;5.49%;6.30%;7.58%;10.38%;12.53%;12.53%
02/03/2020;2.91%;2.89%;2.86%;2.92%;2.94%;2.95%;2.99%;3.05%;3.26%;3.52%;3.81%;4.09%;4.43%;4.70%;5.08%;5.56%;6.38%;7.67%;10.52%;12.70%;12.70%
03/03/2020;2.91%;2.89%;2.86%;2.92%;2.94%;2.95%;2.99%;3.05%;3.26%;3.52%;3.81%;4.09%;4.43%;4.70%;5.08%;5.56%;6.38%;7.67%;10.52%;12.70%;12.70%
04/03/2020;2.91%;2.89%;2.87%;2.74%;2.75%;2.73%;2.73%;2.75%;2.98%;3.19%;3.49%;3.78%;4.07%;4.41%;4.78%;5.12%;5.99%;7.16%;9.76%;11.70%;11.70%
05/03/2020;2.91%;2.89%;2.87%;2.74%;2.75%;2.73%;2.73%;2.75%;2.98%;3.19%;3.49%;3.78%;4.07%;4.41%;4.78%;5.12%;5.99%;7.16%;9.76%;11.70%;11.70%
06/03/2020;2.91%;2.91%;2.87%;2.82%;2.80%;2.81%;2.80%;2.85%;3.09%;3.31%;3.61%;3.91%;4.21%;4.56%;4.95%;5.30%;5.93%;7.09%;9.68%;11.62%;11.62%
09/03/2020;2.91%;2.93%;2.93%;2.94%;2.99%;3.02%;3.15%;3.23%;3.50%;3.83%;4.20%;4.56%;4.95%;5.41%;5.85%;6.26%;7.34%;8.86%;12.28%;15.05%;15.05%
10/03/2020;2.91%;2.93%;2.93%;2.94%;3.02%;3.05%;3.17%;3.27%;3.56%;3.91%;4.31%;4.61%;5.00%;5.42%;5.90%;6.36%;7.44%;8.98%;12.46%;15.29%;15.29%
11/03/2020;2.91%;2.94%;2.96%;3.01%;3.12%;3.23%;3.37%;3.57%;3.92%;4.30%;4.77%;5.11%;5.58%;6.04%;6.62%;7.19%;8.31%;10.08%;14.15%;17.59%;17.59%
12/03/2020;2.91%;3.01%;3.18%;3.47%;3.69%;3.56%;4.39%;4.93%;5.72%;6.11%;6.63%;7.02%;7.47%;8.05%;8.72%;9.38%;10.40%;12.84%;18.67%;24.09%;24.09%
13/03/2020;2.91%;3.00%;3.15%;3.40%;3.58%;3.42%;4.21%;4.68%;5.36%;5.62%;5.99%;6.43%;6.95%;7.61%;8.38%;9.65%;10.67%;13.15%;19.10%;24.59%;24.59%
16/03/2020;2.91%;2.94%;2.96%;3.06%;2.88%;3.15%;3.73%;3.92%;4.48%;5.01%;5.73%;6.30%;7.03%;7.83%;8.95%;9.47%;11.42%;14.56%;21.30%;27.60%;27.60%
17/03/2020;2.90%;2.92%;2.92%;2.99%;2.78%;2.90%;3.23%;3.08%;3.38%;3.88%;4.53%;5.05%;5.71%;6.43%;7.43%;7.90%;9.48%;11.93%;16.96%;21.35%;21.35%
18/03/2020;2.90%;2.91%;2.89%;2.94%;2.70%;2.80%;2.88%;3.14%;3.53%;4.02%;4.67%;5.19%;5.83%;6.61%;7.69%;8.24%;9.90%;12.48%;17.82%;22.55%;22.55%
19/03/2020;2.89%;2.81%;2.60%;2.34%;2.15%;2.29%;2.45%;2.77%;3.30%;3.95%;4.70%;5.08%;5.87%;6.64%;7.73%;8.28%;9.94%;12.53%;17.90%;22.64%;22.64%
20/03/2020;2.85%;2.78%;2.59%;2.37%;2.21%;2.29%;2.31%;2.47%;2.97%;3.58%;4.38%;5.14%;5.92%;6.70%;7.79%;8.35%;10.01%;12.61%;18.01%;22.77%;22.77%
23/03/2020;2.85%;2.78%;2.59%;2.37%;2.21%;2.29%;2.31%;2.47%;2.97%;3.58%;4.38%;5.14%;5.92%;6.70%;7.79%;8.35%;10.01%;12.61%;18.01%;22.77%;22.77%
24/03/2020;2.81%;2.63%;2.21%;1.99%;2.01%;2.05%;1.99%;2.05%;2.65%;3.23%;4.00%;4.41%;4.87%;5.54%;6.16%;6.74%;8.08%;10.09%;14.06%;17.33%;17.33%
25/03/2020;2.78%;2.62%;2.26%;1.98%;1.93%;1.96%;2.08%;2.15%;2.58%;3.10%;3.84%;4.27%;4.72%;5.23%;5.77%;6.49%;7.73%;9.64%;13.36%;16.39%;16.39%
26/03/2020;2.71%;2.55%;2.16%;1.82%;1.94%;2.00%;2.06%;2.14%;2.64%;3.19%;3.77%;4.04%;4.61%;5.08%;5.65%;6.17%;7.27%;9.06%;12.51%;15.27%;15.27%
27/03/2020;2.58%;2.48%;2.21%;1.96%;2.01%;2.04%;2.10%;2.20%;2.78%;3.37%;3.98%;4.30%;4.77%;5.21%;5.78%;6.35%;7.52%;9.38%;12.99%;15.92%;15.92%
30/03/2020;2.40%;2.32%;2.13%;1.91%;1.90%;1.95%;2.08%;2.30%;2.77%;3.38%;4.02%;4.41%;4.90%;5.33%;5.93%;6.44%;7.77%;9.70%;13.48%;16.56%;16.56%
31/03/2020;2.36%;2.25%;2.01%;2.01%;2.05%;2.07%;2.20%;2.42%;2.96%;3.54%;4.25%;4.59%;5.03%;5.52%;6.03%;6.55%;7.82%;9.81%;13.66%;16.83%;16.83%
01/04/2020;2.33%;2.26%;2.08%;2.10%;2.12%;2.19%;2.33%;2.58%;3.12%;3.67%;4.46%;4.92%;5.33%;5.84%;6.42%;7.17%;8.39%;10.56%;14.81%;18.39%;18.39%
02/04/2020;2.40%;2.32%;2.11%;2.11%;2.12%;2.18%;2.31%;2.54%;3.10%;3.74%;4.40%;4.85%;5.32%;5.84%;6.37%;7.01%;8.34%;10.49%;14.70%;18.24%;18.24%
03/04/2020;2.39%;2.32%;2.13%;2.15%;2.17%;2.22%;2.32%;2.52%;3.23%;3.87%;4.54%;4.99%;5.47%;5.99%;6.53%;7.18%;8.25%;10.39%;14.57%;18.10%;18.10%
06/04/2020;2.30%;2.25%;2.11%;2.11%;2.14%;2.21%;2.37%;2.61%;3.13%;3.75%;4.38%;4.87%;5.35%;5.89%;6.47%;7.15%;8.45%;10.59%;14.85%;18.45%;18.45%
07/04/2020;2.26%;2.22%;2.09%;2.06%;2.09%;2.10%;2.28%;2.44%;2.98%;3.57%;4.20%;4.66%;5.09%;5.63%;6.19%;6.69%;8.02%;10.03%;13.99%;17.27%;17.27%
08/04/2020;2.27%;2.21%;2.06%;2.06%;2.10%;2.08%;2.23%;2.37%;2.86%;3.43%;4.04%;4.51%;4.95%;5.51%;6.09%;6.61%;8.09%;10.11%;14.10%;17.39%;17.39%
09/04/2020;2.27%;2.21%;2.06%;2.06%;2.10%;2.08%;2.23%;2.37%;2.86%;3.43%;4.04%;4.51%;4.95%;5.51%;6.09%;6.61%;8.09%;10.11%;14.10%;17.39%;17.39%
10/04/2020;2.27%;2.21%;2.06%;2.06%;2.10%;2.08%;2.23%;2.37%;2.86%;3.43%;4.04%;4.51%;4.95%;5.51%;6.09%;6.61%;8.09%;10.11%;14.10%;17.39%;17.39%
13/04/2020;2.21%;2.13%;1.94%;1.95%;1.93%;1.97%;2.05%;2.20%;2.70%;3.25%;3.85%;4.27%;4.71%;5.18%;5.68%;6.25%;7.55%;9.22%;12.76%;15.61%;15.61%
14/04/2020;2.28%;2.16%;1.87%;1.85%;1.89%;1.91%;1.94%;2.05%;2.55%;3.13%;3.67%;4.10%;4.54%;5.02%;5.54%;6.12%;7.63%;9.32%;12.88%;15.74%;15.74%
15/04/2020;2.32%;2.18%;1.87%;1.82%;1.83%;1.80%;1.83%;2.00%;2.43%;2.94%;3.52%;3.94%;4.37%;4.83%;5.33%;5.87%;7.01%;8.85%;12.17%;14.79%;14.79%
16/04/2020;2.36%;2.21%;1.85%;1.83%;1.83%;1.82%;1.83%;1.93%;2.30%;2.81%;3.41%;3.80%;4.21%;4.66%;5.12%;5.69%;6.78%;8.55%;11.72%;14.19%;14.19%
17/04/2020;2.39%;2.24%;1.87%;1.84%;1.83%;1.81%;1.81%;1.83%;2.20%;2.67%;3.22%;3.54%;4.00%;4.46%;4.94%;5.53%;6.87%;8.65%;11.85%;14.33%;14.33%
20/04/2020;2.39%;2.21%;1.81%;1.78%;1.78%;1.75%;1.76%;1.80%;2.19%;2.67%;3.27%;3.62%;4.04%;4.48%;4.97%;5.50%;6.58%;8.22%;11.24%;13.56%;13.56%
21/04/2020;2.41%;2.21%;1.78%;1.71%;1.73%;1.70%;1.69%;1.75%;2.18%;2.67%;3.18%;3.54%;3.92%;4.40%;4.88%;5.45%;6.48%;8.09%;11.04%;13.30%;13.30%
22/04/2020;2.41%;1.84%;1.74%;1.63%;1.63%;1.65%;1.66%;1.73%;2.13%;2.65%;3.15%;3.52%;3.92%;4.38%;4.84%;5.42%;6.44%;8.04%;10.97%;13.20%;13.20%
23/04/2020;2.40%;1.86%;1.72%;1.61%;1.56%;1.58%;1.60%;1.65%;2.07%;2.56%;3.07%;3.45%;3.86%;4.29%;4.74%;5.30%;6.35%;7.92%;10.79%;12.96%;12.96%
24/04/2020;2.39%;1.85%;1.71%;1.57%;1.53%;1.51%;1.55%;1.64%;2.04%;2.51%;3.08%;3.46%;3.88%;4.32%;4.79%;5.36%;6.29%;7.85%;10.69%;12.84%;12.84%
27/04/2020;2.36%;1.78%;1.68%;1.60%;1.57%;1.57%;1.60%;1.71%;2.11%;2.61%;3.13%;3.59%;3.93%;4.38%;4.84%;5.42%;6.47%;8.07%;11.02%;13.26%;13.26%
28/04/2020;2.36%;1.79%;1.68%;1.60%;1.57%;1.57%;1.60%;1.70%;2.11%;2.58%;3.10%;3.54%;3.95%;4.39%;4.87%;5.41%;6.48%;8.09%;11.04%;13.29%;13.29%
29/04/2020;2.40%;1.85%;1.69%;1.58%;1.58%;1.55%;1.59%;1.70%;2.11%;2.60%;3.08%;3.55%;3.92%;4.39%;4.83%;5.41%;6.49%;8.09%;11.05%;13.30%;13.30%
30/04/2020;2.43%;1.88%;1.70%;1.58%;1.55%;1.51%;1.51%;1.57%;1.97%;2.45%;2.92%;3.57%;3.94%;4.41%;4.85%;5.42%;6.51%;8.12%;11.08%;13.33%;13.33%
01/05/2020;2.43%;1.88%;1.70%;1.58%;1.55%;1.51%;1.51%;1.57%;1.97%;2.45%;2.92%;3.57%;3.94%;4.41%;4.85%;5.42%;6.51%;8.12%;11.08%;13.33%;13.33%
04/05/2020;1.95%;1.51%;1.66%;1.59%;1.55%;1.56%;1.56%;1.66%;2.04%;2.50%;2.98%;3.45%;3.80%;4.22%;4.67%;5.28%;6.29%;7.81%;10.63%;12.76%;12.76%
05/05/2020;1.96%;1.49%;1.61%;1.49%;1.45%;1.48%;1.50%;1.59%;1.95%;2.40%;2.93%;3.37%;3.70%;4.08%;4.50%;4.90%;6.04%;7.50%;10.18%;12.17%;12.17%
06/05/2020;1.96%;1.49%;1.59%;1.44%;1.44%;1.47%;1.47%;1.54%;1.92%;2.32%;2.82%;3.27%;3.67%;4.05%;4.51%;5.00%;6.00%;7.48%;10.16%;12.14%;12.14%
07/05/2020;1.97%;1.50%;1.53%;1.29%;1.24%;1.24%;1.26%;1.38%;1.75%;2.14%;2.63%;3.06%;3.44%;3.80%;4.23%;4.70%;6.11%;7.60%;10.30%;12.29%;12.29%
08/05/2020;1.96%;1.47%;1.46%;1.28%;1.23%;1.25%;1.29%;1.38%;1.69%;2.09%;2.56%;2.99%;3.36%;3.71%;4.14%;4.69%;5.60%;6.97%;9.42%;11.18%;11.18%
11/05/2020;1.95%;1.44%;1.45%;1.32%;1.30%;1.28%;1.36%;1.45%;1.74%;2.16%;2.68%;3.08%;3.48%;3.84%;4.25%;4.86%;5.72%;7.13%;9.66%;11.49%;11.49%
12/05/2020;1.92%;1.43%;1.47%;1.38%;1.34%;1.34%;1.42%;1.54%;1.80%;2.25%;2.73%;3.17%;3.60%;3.91%;4.36%;4.91%;5.87%;7.31%;9.91%;11.81%;11.81%
13/05/2020;1.92%;1.71%;1.50%;1.37%;1.32%;1.33%;1.40%;1.50%;1.78%;2.21%;2.69%;3.14%;3.52%;3.87%;4.30%;4.86%;5.79%;7.21%;9.76%;11.62%;11.62%
14/05/2020;1.93%;1.73%;1.43%;1.29%;1.24%;1.25%;1.32%;1.43%;1.71%;2.15%;2.64%;3.07%;3.50%;3.89%;4.31%;4.85%;5.82%;7.26%;9.82%;11.70%;11.70%
15/05/2020;1.93%;1.73%;1.44%;1.28%;1.25%;1.22%;1.30%;1.40%;1.74%;2.15%;2.63%;3.05%;3.49%;3.88%;4.31%;4.85%;5.83%;7.26%;9.83%;11.70%;11.70%
18/05/2020;1.92%;1.70%;1.39%;1.24%;1.21%;1.16%;1.26%;1.36%;1.65%;2.09%;2.57%;3.02%;3.37%;3.78%;4.23%;4.77%;5.73%;7.14%;9.66%;11.48%;11.48%
19/05/2020;1.93%;1.68%;1.32%;1.18%;1.13%;1.10%;1.20%;1.27%;1.59%;2.00%;2.47%;2.88%;3.33%;3.72%;4.11%;4.60%;5.58%;6.95%;9.38%;11.12%;11.12%
20/05/2020;1.93%;1.60%;1.30%;1.15%;1.08%;1.05%;1.11%;1.18%;1.50%;1.86%;2.33%;2.81%;3.17%;3.54%;3.94%;4.40%;5.34%;6.65%;8.96%;10.59%;10.59%
21/05/2020;1.91%;1.61%;1.33%;1.17%;1.12%;1.06%;1.14%;1.21%;1.53%;1.92%;2.36%;2.79%;3.22%;3.55%;4.00%;4.45%;5.35%;6.67%;8.99%;10.62%;10.62%
22/05/2020;1.90%;1.60%;1.33%;1.16%;1.12%;1.10%;1.17%;1.28%;1.54%;1.97%;2.41%;2.84%;3.24%;3.63%;4.09%;4.53%;5.43%;6.76%;9.12%;10.79%;10.79%
25/05/2020;1.90%;1.60%;1.33%;1.16%;1.12%;1.10%;1.17%;1.28%;1.54%;1.97%;2.41%;2.84%;3.24%;3.63%;4.09%;4.53%;5.43%;6.76%;9.12%;10.79%;10.79%
26/05/2020;1.87%;1.56%;1.31%;1.15%;1.11%;1.09%;1.13%;1.25%;1.51%;1.91%;2.37%;2.76%;3.16%;3.54%;3.92%;4.38%;5.27%;6.57%;8.84%;10.44%;10.44%
27/05/2020;1.91%;1.50%;1.28%;1.18%;1.13%;1.11%;1.13%;1.24%;1.48%;1.88%;2.31%;2.69%;3.09%;3.45%;3.81%;4.29%;5.10%;6.37%;8.56%;10.08%;10.08%
28/05/2020;1.93%;1.52%;1.31%;1.20%;1.15%;1.14%;1.18%;1.26%;1.51%;1.90%;2.34%;2.70%;3.13%;3.51%;3.84%;4.26%;5.17%;6.44%;8.67%;10.22%;10.22%
29/05/2020;1.95%;1.55%;1.32%;1.19%;1.16%;1.15%;1.20%;1.27%;1.53%;1.92%;2.33%;2.72%;3.15%;3.52%;3.89%;4.34%;5.23%;6.52%;8.77%;10.35%;10.35%
01/06/2020;1.48%;1.41%;1.29%;1.18%;1.14%;1.15%;1.18%;1.28%;1.51%;1.92%;2.35%;2.72%;3.14%;3.52%;3.89%;4.32%;5.23%;6.52%;8.77%;10.35%;10.35%
02/06/2020;1.48%;1.40%;1.28%;1.18%;1.16%;1.16%;1.20%;1.29%;1.53%;1.91%;2.35%;2.69%;3.15%;3.52%;3.89%;4.35%;5.23%;6.52%;8.77%;10.35%;10.35%
03/06/2020;1.49%;1.41%;1.28%;1.21%;1.19%;1.20%;1.24%;1.32%;1.58%;1.95%;2.42%;2.75%;3.21%;3.60%;3.97%;4.44%;5.32%;6.63%;8.94%;10.56%;10.56%
04/06/2020;1.49%;1.42%;1.30%;1.26%;1.23%;1.22%;1.31%;1.41%;1.66%;2.07%;2.50%;2.84%;3.32%;3.75%;4.10%;4.66%;5.51%;6.70%;9.05%;10.72%;10.72%
05/06/2020;1.47%;1.41%;1.31%;1.29%;1.26%;1.26%;1.35%;1.46%;1.74%;2.15%;2.59%;2.95%;3.45%;3.90%;4.28%;4.87%;5.46%;6.65%;8.98%;10.65%;10.65%
08/06/2020;1.47%;1.37%;1.20%;1.20%;1.17%;1.18%;1.27%;1.39%;1.70%;2.13%;2.62%;2.93%;3.43%;3.88%;4.25%;4.87%;5.71%;6.95%;9.40%;11.17%;11.17%
09/06/2020;1.47%;1.37%;1.20%;1.18%;1.16%;1.18%;1.28%;1.43%;1.74%;2.17%;2.67%;3.05%;3.58%;4.03%;4.41%;5.07%;5.92%;7.34%;9.95%;11.86%;11.86%
10/06/2020;1.46%;1.36%;1.19%;1.18%;1.17%;1.16%;1.30%;1.46%;1.81%;2.25%;2.73%;3.16%;3.64%;4.09%;4.57%;5.09%;6.12%;7.59%;10.30%;12.32%;12.32%
11/06/2020;1.46%;1.37%;1.20%;1.20%;1.19%;1.17%;1.28%;1.50%;1.87%;2.34%;2.86%;3.29%;3.78%;4.29%;4.78%;5.27%;6.44%;7.93%;10.80%;12.97%;12.97%
12/06/2020;1.47%;1.38%;1.20%;1.17%;1.16%;1.14%;1.23%;1.37%;1.77%;2.26%;2.77%;3.21%;3.69%;4.19%;4.67%;5.20%;6.28%;7.75%;10.54%;12.62%;12.62%
15/06/2020;1.47%;1.38%;1.20%;1.17%;1.16%;1.14%;1.23%;1.37%;1.77%;2.26%;2.77%;3.21%;3.69%;4.19%;4.67%;5.20%;6.28%;7.75%;10.54%;12.62%;12.62%
16/06/2020;1.46%;1.36%;1.18%;1.16%;1.14%;1.12%;1.19%;1.43%;1.81%;2.27%;2.80%;3.25%;3.73%;4.16%;4.72%;5.18%;6.35%;7.84%;10.66%;12.79%;12.79%
17/06/2020;1.46%;1.35%;1.18%;1.14%;1.08%;1.08%;1.16%;1.30%;1.71%;2.19%;2.67%;3.15%;3.62%;4.03%;4.60%;5.02%;6.19%;7.64%;10.37%;12.40%;12.40%
18/06/2020;1.47%;1.20%;1.17%;1.12%;1.07%;1.05%;1.12%;1.24%;1.57%;2.05%;2.51%;2.98%;3.46%;3.91%;4.41%;4.81%;5.95%;7.34%;9.94%;11.83%;11.83%
19/06/2020;1.48%;1.20%;1.17%;1.12%;1.05%;1.05%;1.10%;1.18%;1.57%;1.98%;2.45%;2.85%;3.38%;3.82%;4.33%;4.85%;5.85%;7.21%;9.75%;11.60%;11.60%
22/06/2020;1.48%;1.20%;1.17%;1.12%;1.05%;1.05%;1.10%;1.18%;1.57%;1.98%;2.45%;2.85%;3.38%;3.82%;4.33%;4.85%;5.85%;7.21%;9.75%;11.60%;11.60%
23/06/2020;1.48%;1.17%;1.14%;1.04%;1.03%;1.01%;1.08%;1.15%;1.50%;1.96%;2.39%;2.81%;3.34%;3.78%;4.29%;4.80%;5.79%;7.14%;9.65%;11.46%;11.46%
24/06/2020;1.48%;1.20%;1.07%;1.04%;1.02%;1.02%;1.09%;1.15%;1.53%;1.94%;2.42%;2.85%;3.32%;3.76%;4.27%;4.76%;5.82%;7.24%;9.79%;11.64%;11.64%
25/06/2020;1.48%;1.21%;1.08%;1.04%;1.02%;1.00%;1.06%;1.13%;1.52%;1.93%;2.39%;2.85%;3.33%;3.78%;4.30%;4.79%;5.79%;7.20%;9.74%;11.57%;11.57%
26/06/2020;1.48%;1.20%;1.04%;1.02%;0.97%;0.98%;1.03%;1.09%;1.48%;1.89%;2.33%;2.76%;3.25%;3.66%;4.18%;4.68%;5.67%;7.06%;9.53%;11.31%;11.31%
29/06/2020;1.48%;1.20%;1.04%;1.02%;0.97%;0.98%;1.03%;1.09%;1.48%;1.89%;2.33%;2.76%;3.25%;3.66%;4.18%;4.68%;5.67%;7.06%;9.53%;11.31%;11.31%
30/06/2020;1.49%;1.18%;1.03%;1.00%;0.96%;0.97%;1.00%;1.08%;1.44%;1.88%;2.32%;2.77%;3.22%;3.64%;4.09%;4.67%;5.58%;6.95%;9.38%;11.11%;11.11%
01/07/2020;1.24%;1.20%;1.04%;1.01%;0.99%;0.98%;1.03%;1.10%;1.47%;1.89%;2.35%;2.76%;3.24%;3.66%;4.10%;4.62%;5.58%;6.95%;9.38%;11.11%;11.11%
02/07/2020;1.24%;1.20%;1.05%;1.00%;0.96%;0.98%;1.00%;1.06%;1.41%;1.81%;2.24%;2.66%;3.09%;3.52%;3.98%;4.49%;5.43%;6.79%;9.15%;10.81%;10.81%
03/07/2020;1.23%;1.19%;1.04%;0.99%;0.96%;0.94%;0.97%;1.03%;1.34%;1.74%;2.17%;2.55%;3.02%;3.46%;3.91%;4.35%;5.38%;6.64%;8.94%;10.55%;10.55%
06/07/2020;1.23%;1.16%;1.00%;0.93%;0.90%;0.89%;0.91%;0.96%;1.29%;1.70%;2.12%;2.52%;2.95%;3.37%;3.81%;4.31%;5.22%;6.47%;8.69%;10.24%;10.24%
07/07/2020;1.22%;1.14%;0.98%;0.90%;0.88%;0.87%;0.93%;0.99%;1.34%;1.74%;2.17%;2.57%;3.01%;3.41%;3.87%;4.40%;5.29%;6.59%;8.87%;10.46%;10.46%
08/07/2020;1.22%;1.15%;0.91%;0.84%;0.85%;0.87%;0.92%;0.97%;1.29%;1.69%;2.13%;2.51%;2.93%;3.35%;3.82%;4.31%;5.22%;6.50%;8.74%;10.29%;10.29%
09/07/2020;1.22%;1.14%;0.96%;0.90%;0.89%;0.89%;0.97%;1.02%;1.30%;1.72%;2.12%;2.53%;3.01%;3.45%;3.91%;4.43%;5.34%;6.65%;8.95%;10.55%;10.55%
10/07/2020;1.23%;1.14%;0.99%;0.90%;0.89%;0.91%;1.00%;1.05%;1.31%;1.74%;2.14%;2.57%;3.05%;3.46%;3.96%;4.52%;5.42%;6.75%;9.09%;10.73%;10.73%
13/07/2020;1.23%;1.13%;0.98%;0.90%;0.88%;0.90%;1.01%;1.07%;1.34%;1.78%;2.20%;2.63%;3.12%;3.53%;4.03%;4.57%;5.40%;6.73%;9.06%;10.71%;10.71%
14/07/2020;1.23%;1.12%;0.97%;0.91%;0.91%;0.91%;1.04%;1.11%;1.38%;1.78%;2.22%;2.65%;3.12%;3.56%;4.07%;4.62%;5.56%;6.92%;9.33%;11.05%;11.05%
15/07/2020;1.24%;1.12%;0.98%;0.90%;0.87%;0.89%;0.99%;1.05%;1.35%;1.76%;2.20%;2.64%;3.10%;3.55%;4.04%;4.60%;5.52%;6.87%;9.26%;10.96%;10.96%
16/07/2020;1.23%;1.12%;0.97%;0.89%;0.88%;0.89%;0.99%;1.05%;1.36%;1.74%;2.17%;2.61%;3.08%;3.53%;4.04%;4.60%;5.50%;6.85%;9.23%;10.91%;10.91%
17/07/2020;1.23%;1.10%;0.98%;0.89%;0.88%;0.89%;0.99%;1.05%;1.34%;1.76%;2.18%;2.62%;3.11%;3.56%;4.06%;4.64%;5.54%;6.90%;9.30%;11.01%;11.01%
20/07/2020;1.23%;1.10%;0.98%;0.89%;0.88%;0.89%;0.99%;1.05%;1.34%;1.76%;2.18%;2.62%;3.11%;3.56%;4.06%;4.64%;5.54%;6.90%;9.30%;11.01%;11.01%
21/07/2020;1.23%;1.07%;0.95%;0.86%;0.85%;0.88%;0.98%;1.03%;1.33%;1.74%;2.17%;2.61%;3.09%;3.53%;4.06%;4.60%;5.58%;6.94%;9.35%;11.07%;11.07%
22/07/2020;1.24%;1.07%;0.95%;0.87%;0.85%;0.89%;1.00%;1.06%;1.35%;1.75%;2.19%;2.63%;3.12%;3.59%;4.09%;4.66%;5.61%;6.99%;9.42%;11.15%;11.15%
23/07/2020;1.23%;1.07%;0.94%;0.87%;0.86%;0.88%;1.01%;1.07%;1.37%;1.77%;2.21%;2.65%;3.12%;3.59%;4.13%;4.69%;5.66%;7.04%;9.49%;11.25%;11.25%
24/07/2020;1.22%;1.07%;0.92%;0.88%;0.87%;0.89%;1.00%;1.07%;1.40%;1.79%;2.22%;2.69%;3.16%;3.65%;4.19%;4.68%;5.72%;7.12%;9.61%;11.39%;11.39%
27/07/2020;1.21%;1.03%;0.91%;0.86%;0.85%;0.88%;0.99%;1.06%;1.38%;1.78%;2.17%;2.62%;3.08%;3.53%;4.06%;4.57%;5.54%;6.89%;9.29%;10.99%;10.99%
28/07/2020;1.21%;1.02%;0.93%;0.85%;0.85%;0.89%;0.99%;1.08%;1.38%;1.79%;2.22%;2.64%;3.06%;3.55%;4.06%;4.58%;5.54%;6.89%;9.28%;10.98%;10.98%
29/07/2020;1.21%;1.02%;0.92%;0.84%;0.84%;0.86%;0.97%;1.09%;1.37%;1.80%;2.21%;2.63%;3.07%;3.52%;4.02%;4.51%;5.47%;6.81%;9.17%;10.84%;10.84%
30/07/2020;1.20%;1.03%;0.91%;0.83%;0.82%;0.84%;0.96%;1.07%;1.38%;1.78%;2.19%;2.63%;3.05%;3.53%;4.02%;4.53%;5.47%;6.81%;9.17%;10.84%;10.84%
31/07/2020;1.19%;1.02%;0.88%;0.82%;0.81%;0.84%;0.95%;1.08%;1.36%;1.81%;2.17%;2.60%;3.05%;3.50%;4.00%;4.47%;5.40%;6.73%;9.06%;10.70%;10.70%
03/08/2020;0.98%;0.85%;0.82%;0.77%;0.74%;0.76%;0.91%;1.02%;1.25%;1.68%;2.06%;2.53%;2.97%;3.42%;3.93%;4.42%;5.28%;6.57%;8.84%;10.42%;10.42%
04/08/2020;0.96%;0.83%;0.79%;0.75%;0.73%;0.77%;0.87%;1.01%;1.22%;1.67%;2.05%;2.51%;2.96%;3.39%;3.91%;4.31%;5.24%;6.53%;8.78%;10.34%;10.34%
05/08/2020;0.97%;0.85%;0.83%;0.76%;0.75%;0.78%;0.88%;0.96%;1.25%;1.63%;2.03%;2.51%;2.90%;3.39%;3.87%;4.34%;5.25%;6.53%;8.78%;10.34%;10.34%
06/08/2020;0.97%;0.85%;0.83%;0.76%;0.75%;0.78%;0.88%;0.96%;1.25%;1.63%;2.03%;2.51%;2.90%;3.39%;3.87%;4.34%;5.25%;6.53%;8.78%;10.34%;10.34%
07/08/2020;0.97%;0.85%;0.83%;0.76%;0.75%;0.76%;0.86%;0.96%;1.25%;1.62%;2.04%;2.54%;2.91%;3.38%;3.81%;4.26%;5.21%;6.48%;8.71%;10.26%;10.26%
10/08/2020;0.97%;0.87%;0.81%;0.76%;0.77%;0.77%;0.88%;0.99%;1.29%;1.68%;2.12%;2.54%;2.93%;3.39%;3.81%;4.29%;5.21%;6.49%;8.72%;10.27%;10.27%
11/08/2020;0.97%;0.89%;0.84%;0.78%;0.79%;0.81%;0.95%;1.07%;1.38%;1.74%;2.22%;2.61%;3.02%;3.52%;3.88%;4.43%;5.32%;6.62%;8.91%;10.51%;10.51%
12/08/2020;0.97%;0.89%;0.85%;0.79%;0.79%;0.87%;1.03%;1.14%;1.47%;1.93%;2.38%;2.79%;3.18%;3.66%;4.12%;4.59%;5.55%;6.91%;9.31%;11.03%;11.03%
13/08/2020;0.96%;0.89%;0.84%;0.79%;0.78%;0.83%;1.03%;1.18%;1.51%;1.97%;2.40%;2.78%;3.17%;3.65%;4.12%;4.59%;5.54%;6.90%;9.31%;11.03%;11.03%
14/08/2020;0.96%;0.90%;0.84%;0.80%;0.82%;0.87%;1.02%;1.16%;1.55%;1.98%;2.42%;2.82%;3.27%;3.68%;4.14%;4.57%;5.55%;6.92%;9.34%;11.07%;11.07%
17/08/2020;0.96%;0.90%;0.84%;0.80%;0.82%;0.87%;1.02%;1.16%;1.55%;1.98%;2.42%;2.82%;3.27%;3.68%;4.14%;4.57%;5.55%;6.92%;9.34%;11.07%;11.07%
18/08/2020;0.96%;0.85%;0.81%;0.78%;0.77%;0.87%;1.02%;1.16%;1.53%;1.96%;2.38%;2.83%;3.23%;3.64%;4.11%;4.65%;5.61%;6.98%;9.43%;11.18%;11.18%
19/08/2020;0.96%;0.85%;0.84%;0.76%;0.78%;0.88%;1.03%;1.14%;1.53%;1.93%;2.34%;2.76%;3.15%;3.59%;4.03%;4.55%;5.48%;6.83%;9.21%;10.90%;10.90%
20/08/2020;0.96%;0.84%;0.84%;0.78%;0.79%;0.88%;1.02%;1.16%;1.55%;1.96%;2.35%;2.77%;3.18%;3.65%;4.09%;4.60%;5.49%;6.84%;9.23%;10.93%;10.93%
21/08/2020;0.96%;0.84%;0.83%;0.79%;0.79%;0.88%;1.02%;1.17%;1.55%;1.97%;2.38%;2.81%;3.19%;3.65%;4.10%;4.62%;5.59%;6.96%;9.39%;11.13%;11.13%
24/08/2020;0.96%;0.84%;0.82%;0.77%;0.80%;0.91%;1.05%;1.19%;1.58%;1.97%;2.40%;2.85%;3.21%;3.63%;4.09%;4.63%;5.58%;6.95%;9.38%;11.12%;11.12%
25/08/2020;0.97%;0.83%;0.84%;0.77%;0.80%;0.90%;1.08%;1.24%;1.61%;2.02%;2.46%;2.90%;3.30%;3.70%;4.23%;4.79%;5.80%;7.22%;9.76%;11.60%;11.60%
26/08/2020;0.97%;0.84%;0.85%;0.79%;0.81%;0.90%;1.10%;1.29%;1.67%;2.09%;2.53%;3.00%;3.43%;3.84%;4.36%;4.90%;5.76%;7.17%;9.70%;11.54%;11.54%
27/08/2020;0.97%;0.84%;0.83%;0.77%;0.82%;0.91%;1.15%;1.33%;1.74%;2.16%;2.58%;3.01%;3.44%;3.86%;4.38%;4.88%;5.89%;7.34%;9.94%;11.85%;11.85%
28/08/2020;0.97%;0.84%;0.83%;0.79%;0.83%;0.92%;1.12%;1.30%;1.67%;2.12%;2.55%;2.98%;3.41%;3.83%;4.34%;4.85%;5.91%;7.36%;9.97%;11.87%;11.87%
31/08/2020;0.97%;0.82%;0.82%;0.75%;0.80%;0.91%;1.10%;1.25%;1.66%;2.08%;2.49%;2.90%;3.32%;3.73%;4.24%;4.73%;5.77%;7.18%;9.71%;11.54%;11.54%
01/09/2020;0.74%;0.75%;0.69%;0.70%;0.71%;0.81%;1.00%;1.16%;1.55%;1.96%;2.34%;2.77%;3.15%;3.59%;4.07%;4.49%;5.53%;6.89%;9.29%;11.00%;11.00%
02/09/2020;0.74%;0.75%;0.68%;0.66%;0.69%;0.78%;0.96%;1.13%;1.52%;1.90%;2.32%;2.68%;3.09%;3.52%;3.97%;4.45%;5.41%;6.74%;9.07%;10.72%;10.72%
03/09/2020;0.74%;0.75%;0.70%;0.68%;0.72%;0.82%;1.03%;1.21%;1.57%;2.01%;2.40%;2.82%;3.21%;3.63%;4.09%;4.63%;5.58%;6.95%;9.38%;11.12%;11.12%
04/09/2020;0.75%;0.75%;0.68%;0.67%;0.72%;0.78%;0.99%;1.20%;1.61%;2.01%;2.45%;2.88%;3.30%;3.70%;4.14%;4.68%;5.61%;6.99%;9.44%;11.20%;11.20%
07/09/2020;0.75%;0.75%;0.67%;0.66%;0.72%;0.78%;0.99%;1.20%;1.61%;2.01%;2.45%;2.88%;3.30%;3.70%;4.14%;4.68%;5.61%;6.99%;9.44%;11.20%;11.20%
08/09/2020;0.75%;0.73%;0.63%;0.63%;0.65%;0.74%;0.93%;1.16%;1.55%;2.00%;2.45%;2.87%;3.29%;3.69%;4.18%;4.71%;5.67%;7.05%;9.53%;11.31%;11.31%
09/09/2020;0.75%;0.71%;0.64%;0.63%;0.64%;0.70%;0.89%;1.10%;1.49%;1.97%;2.39%;2.77%;3.21%;3.62%;4.10%;4.62%;5.57%;6.94%;9.36%;11.08%;11.08%
10/09/2020;0.74%;0.71%;0.66%;0.61%;0.64%;0.71%;0.88%;1.10%;1.50%;1.96%;2.39%;2.77%;3.23%;3.59%;4.07%;4.61%;5.52%;6.88%;9.27%;10.98%;10.98%
11/09/2020;0.73%;0.71%;0.65%;0.61%;0.62%;0.69%;0.86%;1.10%;1.50%;1.96%;2.38%;2.78%;3.24%;3.59%;4.07%;4.58%;5.52%;6.88%;9.28%;10.99%;10.99%
14/09/2020;0.73%;0.70%;0.64%;0.58%;0.60%;0.68%;0.83%;1.08%;1.48%;1.93%;2.36%;2.79%;3.19%;3.61%;4.04%;4.57%;5.53%;6.89%;9.29%;11.00%;11.00%
15/09/2020;0.74%;0.70%;0.65%;0.62%;0.63%;0.69%;0.84%;1.09%;1.50%;1.94%;2.38%;2.76%;3.18%;3.56%;4.05%;4.52%;5.46%;6.80%;9.17%;10.85%;10.85%
16/09/2020;0.74%;0.70%;0.65%;0.61%;0.61%;0.67%;0.82%;1.05%;1.48%;1.90%;2.34%;2.73%;3.13%;3.53%;3.94%;4.44%;5.39%;6.71%;9.03%;10.67%;10.67%
17/09/2020;0.75%;0.71%;0.63%;0.60%;0.62%;0.66%;0.80%;1.03%;1.43%;1.87%;2.31%;2.70%;3.11%;3.52%;3.93%;4.43%;5.39%;6.72%;9.04%;10.69%;10.69%
18/09/2020;0.75%;0.69%;0.62%;0.59%;0.57%;0.65%;0.79%;1.02%;1.46%;1.87%;2.32%;2.70%;3.11%;3.52%;3.94%;4.45%;5.39%;6.71%;9.04%;10.68%;10.68%
21/09/2020;0.75%;0.68%;0.62%;0.58%;0.57%;0.66%;0.78%;1.02%;1.44%;1.90%;2.36%;2.75%;3.18%;3.57%;4.02%;4.53%;5.50%;6.84%;9.22%;10.91%;10.91%
22/09/2020;0.75%;0.68%;0.60%;0.58%;0.56%;0.63%;0.78%;0.99%;1.45%;1.89%;2.34%;2.73%;3.14%;3.54%;4.00%;4.51%;5.50%;6.85%;9.23%;10.92%;10.92%
23/09/2020;0.75%;0.67%;0.59%;0.58%;0.59%;0.64%;0.79%;1.00%;1.47%;1.91%;2.35%;2.75%;3.18%;3.58%;4.02%;4.53%;5.56%;6.87%;9.25%;10.95%;10.95%
24/09/2020;0.75%;0.67%;0.58%;0.59%;0.57%;0.64%;0.82%;1.00%;1.45%;1.90%;2.34%;2.78%;3.20%;3.59%;4.02%;4.48%;5.49%;6.81%;9.18%;10.86%;10.86%
25/09/2020;0.75%;0.64%;0.59%;0.59%;0.59%;0.67%;0.81%;1.00%;1.46%;1.89%;2.37%;2.78%;3.18%;3.58%;4.02%;4.47%;5.45%;6.78%;9.14%;10.81%;10.81%
28/09/2020;0.51%;0.50%;0.50%;0.53%;0.52%;0.60%;0.72%;0.94%;1.40%;1.89%;2.32%;2.74%;3.17%;3.54%;3.99%;4.50%;5.46%;6.79%;9.15%;10.82%;10.82%
29/09/2020;0.52%;0.52%;0.49%;0.50%;0.52%;0.60%;0.74%;0.94%;1.39%;1.89%;2.32%;2.75%;3.19%;3.55%;3.99%;4.51%;5.47%;6.81%;9.17%;10.85%;10.85%
30/09/2020;0.52%;0.52%;0.49%;0.50%;0.51%;0.60%;0.75%;0.93%;1.40%;1.86%;2.30%;2.73%;3.17%;3.56%;3.96%;4.47%;5.41%;6.74%;9.08%;10.73%;10.73%
01/10/2020;0.51%;0.52%;0.49%;0.49%;0.52%;0.60%;0.77%;0.95%;1.41%;1.87%;2.34%;2.75%;3.17%;3.58%;3.99%;4.55%;5.52%;6.87%;9.27%;10.97%;10.97%
02/10/2020;0.51%;0.52%;0.47%;0.47%;0.53%;0.58%;0.77%;0.97%;1.41%;1.88%;2.35%;2.81%;3.24%;3.66%;4.11%;4.60%;5.60%;6.97%;9.41%;11.15%;11.15%
05/10/2020;0.51%;0.52%;0.47%;0.47%;0.53%;0.60%;0.79%;0.98%;1.46%;1.89%;2.40%;2.85%;3.31%;3.74%;4.17%;4.68%;5.68%;7.07%;9.55%;11.33%;11.33%
06/10/2020;0.51%;0.51%;0.50%;0.51%;0.55%;0.65%;0.85%;1.04%;1.48%;1.96%;2.46%;2.89%;3.36%;3.78%;4.21%;4.74%;5.73%;7.14%;9.65%;11.46%;11.46%
07/10/2020;0.51%;0.51%;0.48%;0.49%;0.54%;0.65%;0.86%;1.07%;1.51%;1.99%;2.49%;2.94%;3.41%;3.86%;4.24%;4.81%;5.77%;7.18%;9.70%;11.53%;11.53%
08/10/2020;0.51%;0.52%;0.48%;0.47%;0.53%;0.62%;0.83%;1.03%;1.48%;1.94%;2.46%;2.93%;3.36%;3.82%;4.25%;4.73%;5.78%;7.20%;9.73%;11.56%;11.56%
09/10/2020;0.50%;0.53%;0.47%;0.47%;0.51%;0.61%;0.80%;1.00%;1.45%;1.89%;2.42%;2.86%;3.35%;3.75%;4.15%;4.65%;5.80%;7.22%;9.76%;11.59%;11.59%
12/10/2020;0.50%;0.53%;0.47%;0.47%;0.51%;0.61%;0.80%;1.00%;1.45%;1.89%;2.42%;2.86%;3.35%;3.75%;4.15%;4.65%;5.80%;7.22%;9.76%;11.59%;11.59%
13/10/2020;0.51%;0.52%;0.46%;0.47%;0.51%;0.60%;0.78%;0.96%;1.39%;1.83%;2.33%;2.79%;3.27%;3.69%;4.09%;4.54%;5.54%;6.89%;9.29%;11.00%;11.00%
14/10/2020;0.51%;0.52%;0.48%;0.46%;0.50%;0.57%;0.75%;0.94%;1.36%;1.79%;2.26%;2.74%;3.22%;3.61%;4.05%;4.43%;5.49%;6.83%;9.20%;10.88%;10.88%
15/10/2020;0.51%;0.54%;0.49%;0.47%;0.48%;0.59%;0.71%;0.91%;1.33%;1.77%;2.22%;2.68%;3.15%;3.56%;3.97%;4.40%;5.36%;6.70%;9.02%;10.65%;10.65%
16/10/2020;0.51%;0.52%;0.49%;0.48%;0.50%;0.57%;0.73%;0.92%;1.34%;1.75%;2.22%;2.67%;3.15%;3.56%;3.96%;4.40%;5.36%;6.70%;9.03%;10.66%;10.66%
19/10/2020;0.51%;0.51%;0.49%;0.48%;0.50%;0.57%;0.74%;0.93%;1.35%;1.77%;2.22%;2.70%;3.15%;3.58%;3.98%;4.41%;5.38%;6.70%;9.01%;10.65%;10.65%
20/10/2020;0.51%;0.51%;0.49%;0.47%;0.50%;0.58%;0.74%;0.91%;1.35%;1.77%;2.22%;2.67%;3.15%;3.57%;3.97%;4.42%;5.36%;6.67%;8.98%;10.60%;10.60%
21/10/2020;0.51%;0.53%;0.48%;0.46%;0.50%;0.57%;0.73%;0.91%;1.33%;1.74%;2.19%;2.64%;3.11%;3.55%;3.96%;4.38%;5.32%;6.62%;8.91%;10.51%;10.51%
22/10/2020;0.51%;0.54%;0.47%;0.49%;0.50%;0.58%;0.75%;0.92%;1.37%;1.77%;2.20%;2.65%;3.10%;3.57%;3.97%;4.39%;5.36%;6.67%;8.98%;10.60%;10.60%
23/10/2020;0.51%;0.55%;0.49%;0.48%;0.50%;0.57%;0.74%;0.91%;1.34%;1.76%;2.19%;2.65%;3.11%;3.57%;3.97%;4.40%;5.36%;6.68%;8.99%;10.61%;10.61%
26/10/2020;0.51%;0.55%;0.49%;0.48%;0.50%;0.57%;0.76%;0.95%;1.37%;1.76%;2.22%;2.67%;3.15%;3.56%;3.99%;4.44%;5.38%;6.70%;9.02%;10.65%;10.65%
27/10/2020;0.51%;0.53%;0.49%;0.48%;0.53%;0.58%;0.77%;0.96%;1.36%;1.81%;2.25%;2.68%;3.19%;3.61%;4.02%;4.46%;5.42%;6.74%;9.08%;10.73%;10.73%
28/10/2020;0.51%;0.50%;0.48%;0.47%;0.49%;0.57%;0.75%;0.96%;1.38%;1.82%;2.29%;2.71%;3.19%;3.64%;4.05%;4.49%;5.45%;6.79%;9.15%;10.82%;10.82%
29/10/2020;0.51%;0.50%;0.46%;0.47%;0.48%;0.56%;0.76%;0.95%;1.37%;1.83%;2.27%;2.70%;3.18%;3.61%;4.03%;4.52%;5.45%;6.79%;9.15%;10.82%;10.82%
30/10/2020;0.50%;0.49%;0.46%;0.46%;0.50%;0.57%;0.77%;0.98%;1.40%;1.83%;2.29%;2.72%;3.23%;3.63%;4.06%;4.55%;5.47%;6.81%;9.18%;10.86%;10.86%
02/11/2020;0.50%;0.49%;0.46%;0.46%;0.50%;0.57%;0.77%;0.98%;1.40%;1.83%;2.29%;2.72%;3.23%;3.63%;4.06%;4.55%;5.47%;6.81%;9.18%;10.86%;10.86%
03/11/2020;0.51%;0.53%;0.51%;0.51%;0.53%;0.61%;0.79%;1.00%;1.41%;1.86%;2.34%;2.74%;3.25%;3.66%;4.09%;4.59%;5.51%;6.86%;9.25%;10.95%;10.95%
04/11/2020;0.51%;0.52%;0.52%;0.49%;0.50%;0.57%;0.77%;0.96%;1.38%;1.82%;2.28%;2.72%;3.19%;3.64%;4.07%;4.51%;5.50%;6.85%;9.23%;10.92%;10.92%
05/11/2020;0.50%;0.51%;0.50%;0.49%;0.50%;0.56%;0.74%;0.91%;1.32%;1.72%;2.18%;2.64%;3.07%;3.52%;3.96%;4.35%;5.37%;6.65%;8.95%;10.57%;10.57%
06/11/2020;0.50%;0.53%;0.48%;0.49%;0.50%;0.53%;0.71%;0.83%;1.23%;1.63%;2.11%;2.50%;2.94%;3.39%;3.84%;4.22%;5.15%;6.39%;8.58%;10.09%;10.09%
09/11/2020;0.51%;0.52%;0.49%;0.50%;0.50%;0.54%;0.68%;0.84%;1.22%;1.63%;2.08%;2.48%;2.92%;3.35%;3.77%;4.15%;5.02%;6.26%;8.40%;9.87%;9.87%
10/11/2020;0.51%;0.52%;0.51%;0.49%;0.52%;0.57%;0.72%;0.89%;1.29%;1.70%;2.15%;2.54%;2.99%;3.42%;3.82%;4.18%;5.12%;6.35%;8.52%;10.03%;10.03%
11/11/2020;0.51%;0.52%;0.50%;0.50%;0.53%;0.57%;0.74%;0.92%;1.34%;1.75%;2.21%;2.56%;2.98%;3.41%;3.81%;4.22%;5.11%;6.34%;8.51%;10.02%;10.02%
12/11/2020;0.51%;0.53%;0.51%;0.51%;0.53%;0.59%;0.75%;0.90%;1.30%;1.73%;2.16%;2.56%;2.94%;3.38%;3.78%;4.14%;5.10%;6.35%;8.53%;10.04%;10.04%
13/11/2020;0.51%;0.53%;0.51%;0.51%;0.54%;0.60%;0.77%;0.93%;1.35%;1.76%;2.17%;2.59%;2.96%;3.39%;3.79%;4.16%;5.09%;6.38%;8.57%;10.08%;10.08%
16/11/2020;0.51%;0.53%;0.51%;0.51%;0.54%;0.60%;0.77%;0.93%;1.35%;1.76%;2.17%;2.59%;2.96%;3.39%;3.79%;4.16%;5.09%;6.38%;8.57%;10.08%;10.08%
17/11/2020;0.51%;0.53%;0.50%;0.51%;0.55%;0.61%;0.76%;0.92%;1.34%;1.75%;2.17%;2.59%;2.98%;3.41%;3.79%;4.16%;5.09%;6.38%;8.57%;10.08%;10.08%
18/11/2020;0.50%;0.53%;0.52%;0.51%;0.54%;0.60%;0.76%;0.90%;1.30%;1.73%;2.14%;2.55%;2.94%;3.34%;3.73%;4.09%;5.02%;6.28%;8.43%;9.91%;9.91%
19/11/2020;0.51%;0.54%;0.50%;0.51%;0.54%;0.61%;0.77%;0.90%;1.29%;1.71%;2.09%;2.50%;2.87%;3.25%;3.67%;4.04%;4.94%;6.16%;8.26%;9.69%;9.69%
20/11/2020;0.51%;0.53%;0.50%;0.52%;0.55%;0.62%;0.79%;0.92%;1.30%;1.71%;2.09%;2.50%;2.89%;3.25%;3.66%;3.99%;4.92%;6.13%;8.23%;9.65%;9.65%
23/11/2020;0.51%;0.53%;0.50%;0.52%;0.55%;0.61%;0.78%;0.90%;1.30%;1.71%;2.10%;2.50%;2.88%;3.25%;3.65%;3.97%;4.92%;6.11%;8.19%;9.60%;9.60%
24/11/2020;0.50%;0.53%;0.50%;0.52%;0.56%;0.65%;0.81%;0.95%;1.35%;1.75%;2.15%;2.56%;2.94%;3.29%;3.67%;4.03%;4.97%;6.17%;8.28%;9.72%;9.72%
25/11/2020;0.51%;0.53%;0.49%;0.52%;0.55%;0.65%;0.81%;0.95%;1.37%;1.77%;2.16%;2.59%;2.96%;3.33%;3.67%;4.05%;4.99%;6.22%;8.35%;9.81%;9.81%
26/11/2020;0.51%;0.53%;0.49%;0.52%;0.55%;0.65%;0.81%;0.95%;1.37%;1.77%;2.16%;2.59%;2.96%;3.33%;3.67%;4.05%;4.99%;6.22%;8.35%;9.81%;9.81%
27/11/2020;0.51%;0.53%;0.49%;0.52%;0.55%;0.64%;0.82%;0.94%;1.38%;1.82%;2.18%;2.57%;2.96%;3.30%;3.65%;4.05%;4.94%;6.16%;8.27%;9.71%;9.71%
30/11/2020;0.51%;0.53%;0.49%;0.53%;0.58%;0.67%;0.86%;1.01%;1.47%;1.88%;2.27%;2.67%;3.04%;3.40%;3.77%;4.14%;5.07%;6.36%;8.54%;10.05%;10.05%
01/12/2020;0.51%;0.53%;0.49%;0.53%;0.59%;0.69%;0.90%;1.07%;1.51%;1.97%;2.37%;2.75%;3.10%;3.46%;3.84%;4.22%;5.14%;6.44%;8.66%;10.21%;10.21%
02/12/2020;0.51%;0.53%;0.49%;0.53%;0.61%;0.74%;0.94%;1.14%;1.59%;2.05%;2.43%;2.81%;3.18%;3.53%;3.92%;4.31%;5.25%;6.55%;8.82%;10.41%;10.41%
03/12/2020;0.51%;0.53%;0.51%;0.54%;0.59%;0.69%;0.89%;1.08%;1.54%;1.96%;2.34%;2.77%;3.13%;3.48%;3.84%;4.24%;5.16%;6.43%;8.65%;10.20%;10.20%
04/12/2020;0.51%;0.53%;0.49%;0.53%;0.60%;0.69%;0.91%;1.09%;1.56%;1.97%;2.34%;2.77%;3.13%;3.49%;3.86%;4.22%;5.18%;6.46%;8.69%;10.25%;10.25%
07/12/2020;0.52%;0.53%;0.49%;0.51%;0.57%;0.69%;0.91%;1.10%;1.53%;1.94%;2.32%;2.72%;3.10%;3.43%;3.82%;4.19%;5.12%;6.39%;8.59%;10.12%;10.12%
08/12/2020;0.52%;0.53%;0.49%;0.51%;0.57%;0.69%;0.91%;1.10%;1.53%;1.94%;2.32%;2.72%;3.10%;3.43%;3.82%;4.19%;5.12%;6.39%;8.59%;10.12%;10.12%
09/12/2020;0.51%;0.52%;0.49%;0.52%;0.58%;0.71%;0.92%;1.11%;1.57%;2.00%;2.38%;2.78%;3.15%;3.47%;3.85%;4.23%;5.11%;6.37%;8.57%;10.10%;10.10%
10/12/2020;0.51%;0.52%;0.49%;0.52%;0.62%;0.72%;0.95%;1.14%;1.59%;2.04%;2.40%;2.77%;3.14%;3.47%;3.86%;4.27%;5.16%;6.43%;8.66%;10.21%;10.21%
11/12/2020;0.51%;0.52%;0.49%;0.51%;0.59%;0.69%;0.92%;1.13%;1.57%;1.99%;2.37%;2.77%;3.14%;3.47%;3.86%;4.20%;5.17%;6.44%;8.67%;10.22%;10.22%
14/12/2020;0.51%;0.53%;0.50%;0.50%;0.59%;0.70%;0.95%;1.13%;1.60%;2.00%;2.40%;2.77%;3.14%;3.47%;3.88%;4.20%;5.17%;6.44%;8.67%;10.22%;10.22%
15/12/2020;0.51%;0.53%;0.49%;0.51%;0.60%;0.67%;0.92%;1.13%;1.58%;2.00%;2.37%;2.77%;3.14%;3.49%;3.86%;4.24%;5.19%;6.44%;8.66%;10.21%;10.21%
16/12/2020;0.51%;0.52%;0.47%;0.52%;0.59%;0.66%;0.93%;1.14%;1.60%;2.00%;2.38%;2.77%;3.16%;3.46%;3.84%;4.18%;5.17%;6.41%;8.63%;10.17%;10.17%
17/12/2020;0.51%;0.52%;0.47%;0.51%;0.59%;0.67%;0.92%;1.11%;1.57%;1.97%;2.34%;2.69%;3.07%;3.40%;3.77%;4.14%;5.07%;6.29%;8.46%;9.95%;9.95%
18/12/2020;0.51%;0.51%;0.46%;0.50%;0.59%;0.66%;0.90%;1.09%;1.55%;1.94%;2.30%;2.67%;2.98%;3.32%;3.72%;4.09%;4.99%;6.20%;8.33%;9.79%;9.79%
21/12/2020;0.51%;0.52%;0.48%;0.47%;0.51%;0.58%;0.78%;0.97%;1.42%;1.84%;2.27%;2.61%;2.99%;3.32%;3.68%;4.00%;4.95%;6.14%;8.24%;9.68%;9.68%
22/12/2020;0.51%;0.52%;0.48%;0.47%;0.48%;0.55%;0.70%;0.91%;1.35%;1.76%;2.19%;2.52%;2.90%;3.23%;3.58%;3.90%;4.98%;6.18%;8.28%;9.72%;9.72%
23/12/2020;0.51%;0.52%;0.48%;0.47%;0.50%;0.57%;0.74%;0.96%;1.40%;1.83%;2.23%;2.57%;2.92%;3.22%;3.55%;3.91%;4.79%;5.87%;7.87%;9.22%;9.22%
24/12/2020;0.51%;0.52%;0.48%;0.48%;0.50%;0.58%;0.75%;0.99%;1.42%;1.83%;2.21%;2.57%;2.90%;3.22%;3.55%;3.91%;4.79%;5.86%;7.85%;9.20%;9.20%
25/12/2020;0.51%;0.52%;0.48%;0.48%;0.50%;0.58%;0.75%;0.99%;1.42%;1.83%;2.21%;2.57%;2.90%;3.22%;3.55%;3.91%;4.79%;5.86%;7.85%;9.20%;9.20%
28/12/2020;0.51%;0.52%;0.48%;0.45%;0.51%;0.58%;0.75%;1.00%;1.42%;1.87%;2.25%;2.59%;2.93%;3.25%;3.58%;3.98%;4.80%;5.90%;7.91%;9.27%;9.27%
29/12/2020;0.51%;0.52%;0.48%;0.47%;0.49%;0.58%;0.76%;1.00%;1.43%;1.85%;2.24%;2.59%;2.93%;3.24%;3.57%;3.94%;4.77%;5.89%;7.90%;9.26%;9.26%
30/12/2020;0.50%;0.51%;0.48%;0.46%;0.48%;0.54%;0.72%;0.94%;1.39%;1.84%;2.22%;2.55%;2.87%;3.23%;3.54%;3.87%;4.71%;5.77%;7.73%;9.05%;9.05%
31/12/2020;0.50%;0.51%;0.48%;0.46%;0.48%;0.54%;0.72%;0.94%;1.39%;1.84%;2.22%;2.55%;2.87%;3.23%;3.54%;3.87%;4.71%;5.77%;7.73%;9.05%;9.05%
01/01/2021;0.50%;0.51%;0.48%;0.46%;0.48%;0.54%;0.72%;0.94%;1.39%;1.84%;2.22%;2.55%;2.87%;3.23%;3.54%;3.87%;4.71%;5.77%;7.73%;9.05%;9.05%
04/01/2021;0.50%;0.51%;0.44%;0.45%;0.47%;0.52%;0.74%;0.91%;1.34%;1.80%;2.15%;2.48%;2.82%;3.15%;3.50%;3.81%;4.58%;5.63%;7.55%;8.82%;8.82%
05/01/2021;0.49%;0.51%;0.42%;0.41%;0.42%;0.49%;0.66%;0.86%;1.30%;1.75%;2.12%;2.47%;2.83%;3.16%;3.50%;3.83%;4.60%;5.66%;7.59%;8.86%;8.86%
06/01/2021;0.49%;0.49%;0.46%;0.46%;0.48%;0.54%;0.75%;0.95%;1.40%;1.81%;2.22%;2.59%;2.95%;3.30%;3.67%;4.00%;4.79%;5.86%;7.86%;9.21%;9.21%
07/01/2021;0.49%;0.49%;0.44%;0.43%;0.46%;0.54%;0.71%;0.93%;1.37%;1.78%;2.19%;2.59%;2.95%;3.30%;3.63%;3.96%;4.79%;5.89%;7.90%;9.25%;9.25%
08/01/2021;0.49%;0.49%;0.43%;0.42%;0.42%;0.49%;0.69%;0.88%;1.35%;1.75%;2.15%;2.58%;2.98%;3.38%;3.76%;4.01%;4.85%;5.90%;7.92%;9.28%;9.28%
11/01/2021;0.49%;0.49%;0.43%;0.42%;0.42%;0.49%;0.69%;0.88%;1.35%;1.75%;2.15%;2.58%;2.98%;3.38%;3.76%;4.01%;4.85%;5.90%;7.92%;9.28%;9.28%
12/01/2021;0.50%;0.49%;0.42%;0.40%;0.44%;0.49%;0.71%;0.93%;1.39%;1.84%;2.24%;2.63%;3.06%;3.40%;3.82%;4.21%;5.01%;6.15%;8.26%;9.71%;9.71%
13/01/2021;0.49%;0.49%;0.42%;0.41%;0.43%;0.48%;0.70%;0.92%;1.37%;1.82%;2.21%;2.60%;3.01%;3.38%;3.73%;4.15%;4.93%;6.09%;8.17%;9.59%;9.59%
14/01/2021;0.49%;0.48%;0.42%;0.41%;0.41%;0.45%;0.68%;0.90%;1.36%;1.80%;2.19%;2.59%;2.98%;3.36%;3.72%;4.12%;4.91%;6.05%;8.12%;9.53%;9.53%
15/01/2021;0.49%;0.48%;0.41%;0.40%;0.38%;0.43%;0.65%;0.86%;1.30%;1.77%;2.15%;2.55%;2.95%;3.35%;3.71%;4.07%;4.90%;6.05%;8.12%;9.52%;9.52%
18/01/2021;0.50%;0.48%;0.40%;0.39%;0.38%;0.43%;0.65%;0.86%;1.30%;1.77%;2.16%;2.55%;2.96%;3.35%;3.71%;4.07%;4.90%;6.05%;8.12%;9.53%;9.53%
19/01/2021;0.49%;0.47%;0.38%;0.37%;0.39%;0.42%;0.62%;0.85%;1.25%;1.71%;2.12%;2.53%;2.92%;3.31%;3.68%;4.09%;4.86%;6.01%;8.06%;9.45%;9.45%
20/01/2021;0.49%;0.43%;0.38%;0.39%;0.40%;0.42%;0.62%;0.85%;1.27%;1.72%;2.14%;2.53%;2.92%;3.31%;3.68%;4.07%;4.91%;6.08%;8.15%;9.56%;9.56%
21/01/2021;0.49%;0.43%;0.40%;0.38%;0.40%;0.43%;0.63%;0.83%;1.26%;1.69%;2.12%;2.53%;2.91%;3.33%;3.70%;4.09%;4.91%;6.06%;8.13%;9.54%;9.54%
22/01/2021;0.50%;0.43%;0.41%;0.39%;0.40%;0.43%;0.62%;0.84%;1.27%;1.74%;2.16%;2.55%;2.95%;3.34%;3.74%;4.14%;4.92%;6.08%;8.15%;9.57%;9.57%
25/01/2021;0.50%;0.43%;0.41%;0.39%;0.40%;0.44%;0.61%;0.83%;1.27%;1.71%;2.14%;2.56%;2.94%;3.36%;3.73%;4.14%;4.97%;6.13%;8.23%;9.66%;9.66%
26/01/2021;0.50%;0.43%;0.42%;0.41%;0.42%;0.44%;0.61%;0.82%;1.26%;1.72%;2.15%;2.54%;2.93%;3.34%;3.73%;4.12%;4.97%;6.11%;8.19%;9.62%;9.62%
27/01/2021;0.50%;0.44%;0.44%;0.44%;0.44%;0.47%;0.62%;0.81%;1.25%;1.71%;2.14%;2.54%;2.92%;3.34%;3.73%;4.16%;4.99%;6.13%;8.23%;9.66%;9.66%
28/01/2021;0.51%;0.45%;0.46%;0.45%;0.45%;0.48%;0.62%;0.83%;1.28%;1.71%;2.14%;2.54%;2.92%;3.34%;3.73%;4.13%;4.97%;6.10%;8.19%;9.61%;9.61%
29/01/2021;0.51%;0.47%;0.46%;0.45%;0.47%;0.51%;0.65%;0.85%;1.28%;1.73%;2.16%;2.55%;2.98%;3.35%;3.76%;4.12%;5.00%;6.14%;8.24%;9.68%;9.68%
01/02/2021;0.51%;0.50%;0.48%;0.49%;0.52%;0.54%;0.71%;0.92%;1.35%;1.79%;2.20%;2.60%;3.01%;3.41%;3.80%;4.23%;5.05%;6.20%;8.33%;9.79%;9.79%
02/02/2021;0.51%;0.51%;0.48%;0.46%;0.47%;0.52%;0.68%;0.89%;1.34%;1.77%;2.18%;2.59%;2.97%;3.38%;3.77%;4.13%;4.99%;6.15%;8.25%;9.69%;9.69%
03/02/2021;0.51%;0.51%;0.48%;0.46%;0.50%;0.51%;0.65%;0.88%;1.33%;1.78%;2.20%;2.58%;3.00%;3.35%;3.67%;4.14%;5.00%;6.14%;8.24%;9.67%;9.67%
04/02/2021;0.51%;0.51%;0.47%;0.46%;0.47%;0.52%;0.67%;0.91%;1.37%;1.85%;2.24%;2.69%;3.09%;3.44%;3.83%;4.25%;5.10%;6.30%;8.46%;9.96%;9.96%
05/02/2021;0.51%;0.50%;0.48%;0.47%;0.49%;0.53%;0.70%;0.94%;1.41%;1.89%;2.30%;2.77%;3.14%;3.53%;3.89%;4.27%;5.12%;6.35%;8.54%;10.06%;10.06%
08/02/2021;0.51%;0.50%;0.47%;0.46%;0.49%;0.55%;0.75%;1.00%;1.47%;1.94%;2.38%;2.79%;3.18%;3.59%;3.96%;4.37%;5.21%;6.44%;8.67%;10.23%;10.23%
09/02/2021;0.51%;0.50%;0.48%;0.48%;0.52%;0.56%;0.76%;1.01%;1.51%;1.97%;2.40%;2.79%;3.18%;3.62%;3.94%;4.37%;5.21%;6.46%;8.70%;10.26%;10.26%
10/02/2021;0.51%;0.50%;0.48%;0.47%;0.51%;0.56%;0.76%;1.02%;1.51%;1.95%;2.37%;2.79%;3.18%;3.58%;3.95%;4.38%;5.21%;6.40%;8.62%;10.16%;10.16%
11/02/2021;0.51%;0.50%;0.46%;0.46%;0.52%;0.56%;0.75%;1.01%;1.51%;1.96%;2.38%;2.80%;3.20%;3.57%;3.93%;4.39%;5.23%;6.43%;8.65%;10.20%;10.20%
12/02/2021;0.51%;0.50%;0.46%;0.45%;0.48%;0.54%;0.74%;1.01%;1.52%;1.99%;2.41%;2.80%;3.17%;3.62%;3.96%;4.39%;5.23%;6.34%;8.53%;10.05%;10.05%
15/02/2021;0.51%;0.48%;0.47%;0.45%;0.50%;0.59%;0.77%;1.07%;1.56%;2.02%;2.45%;2.87%;3.29%;3.65%;4.02%;4.45%;5.28%;6.52%;8.78%;10.37%;10.37%
16/02/2021;0.51%;0.48%;0.47%;0.48%;0.53%;0.62%;0.85%;1.17%;1.64%;2.12%;2.56%;3.00%;3.45%;3.82%;4.23%;4.70%;5.22%;6.45%;8.70%;10.29%;10.29%
17/02/2021;0.51%;0.50%;0.47%;0.48%;0.52%;0.62%;0.83%;1.14%;1.62%;2.13%;2.56%;3.09%;3.38%;3.81%;4.21%;4.74%;5.54%;6.91%;9.33%;11.07%;11.07%
18/02/2021;0.55%;0.54%;0.51%;0.50%;0.56%;0.65%;0.91%;1.19%;1.73%;2.15%;2.65%;3.10%;3.51%;3.89%;4.30%;4.73%;5.64%;6.91%;9.34%;11.10%;11.10%
19/02/2021;0.51%;0.50%;0.48%;0.49%;0.56%;0.65%;0.92%;1.23%;1.81%;2.31%;2.82%;3.22%;3.64%;4.03%;4.45%;4.88%;5.82%;6.99%;9.47%;11.26%;11.26%
22/02/2021;0.51%;0.50%;0.49%;0.48%;0.56%;0.69%;1.01%;1.37%;1.90%;2.46%;3.06%;3.21%;3.63%;4.01%;4.43%;4.86%;5.81%;6.97%;9.44%;11.24%;11.24%
23/02/2021;0.55%;0.50%;0.49%;0.50%;0.56%;0.66%;0.96%;1.29%;1.88%;2.43%;2.93%;3.43%;3.91%;4.29%;4.73%;5.17%;6.17%;7.48%;10.17%;12.18%;12.18%
24/02/2021;0.51%;0.50%;0.48%;0.48%;0.55%;0.66%;0.95%;1.30%;1.87%;2.43%;2.96%;3.43%;3.92%;4.32%;4.75%;5.27%;6.12%;7.55%;10.26%;12.29%;12.29%
25/02/2021;0.51%;0.50%;0.49%;0.50%;0.58%;0.72%;1.06%;1.43%;2.06%;2.63%;3.19%;3.69%;4.19%;4.61%;5.07%;5.67%;6.59%;8.01%;10.94%;13.18%;13.18%
26/02/2021;0.50%;0.50%;0.48%;0.48%;0.58%;0.69%;1.00%;1.36%;2.02%;2.63%;3.22%;3.73%;4.22%;4.64%;5.10%;5.60%;6.57%;7.98%;10.90%;13.13%;13.13%
01/03/2021;0.50%;0.50%;0.48%;0.48%;0.57%;0.67%;0.96%;1.31%;1.96%;2.53%;3.11%;3.57%;4.03%;4.43%;4.80%;5.32%;6.25%;7.59%;10.33%;12.38%;12.38%
02/03/2021;0.49%;0.49%;0.48%;0.48%;0.57%;0.68%;0.96%;1.33%;1.96%;2.51%;3.13%;3.57%;4.03%;4.45%;4.86%;5.32%;6.25%;7.58%;10.32%;12.37%;12.37%
03/03/2021;0.49%;0.49%;0.48%;0.49%;0.60%;0.70%;1.01%;1.42%;2.10%;2.69%;3.22%;3.81%;4.20%;4.68%;5.14%;5.53%;6.56%;7.97%;10.88%;13.11%;13.11%
04/03/2021;0.49%;0.49%;0.49%;0.50%;0.59%;0.71%;1.05%;1.45%;2.13%;2.71%;3.29%;3.87%;4.25%;4.71%;5.15%;5.67%;6.53%;7.94%;10.85%;13.07%;13.07%
05/03/2021;0.50%;0.49%;0.48%;0.50%;0.59%;0.71%;1.01%;1.44%;2.10%;2.74%;3.26%;3.84%;4.22%;4.72%;5.11%;5.63%;6.54%;7.95%;10.86%;13.09%;13.09%
08/03/2021;0.49%;0.49%;0.49%;0.50%;0.63%;0.76%;1.10%;1.50%;2.19%;2.79%;3.33%;3.84%;4.31%;4.76%;5.19%;5.71%;6.61%;8.03%;10.99%;13.26%;13.26%
09/03/2021;0.49%;0.49%;0.49%;0.49%;0.61%;0.71%;1.06%;1.43%;2.09%;2.71%;3.25%;3.71%;4.22%;4.71%;5.07%;5.51%;6.47%;7.86%;10.73%;12.92%;12.92%
10/03/2021;0.48%;0.49%;0.48%;0.49%;0.58%;0.70%;0.99%;1.35%;2.04%;2.60%;3.14%;3.64%;4.15%;4.61%;4.96%;5.41%;6.27%;7.65%;10.43%;12.52%;12.52%
11/03/2021;0.51%;0.49%;0.48%;0.51%;0.60%;0.72%;0.96%;1.28%;1.96%;2.52%;3.05%;3.53%;4.02%;4.44%;4.77%;5.25%;6.06%;7.43%;10.11%;12.10%;12.10%
12/03/2021;0.42%;0.42%;0.43%;0.50%;0.60%;0.74%;1.00%;1.31%;1.98%;2.57%;3.13%;3.60%;4.07%;4.53%;4.89%;5.42%;6.03%;7.39%;10.06%;12.04%;12.04%
15/03/2021;0.41%;0.49%;0.46%;0.51%;0.59%;0.73%;0.99%;1.28%;1.98%;2.57%;3.08%;3.58%;4.05%;4.49%;4.91%;5.33%;6.25%;7.59%;10.33%;12.39%;12.39%
16/03/2021;0.43%;0.47%;0.47%;0.50%;0.59%;0.72%;1.01%;1.34%;1.99%;2.59%;3.15%;3.62%;4.08%;4.53%;4.96%;5.42%;6.31%;7.66%;10.44%;12.53%;12.53%
17/03/2021;0.46%;0.47%;0.48%;0.53%;0.58%;0.75%;1.01%;1.36%;2.07%;2.69%;3.28%;3.76%;4.24%;4.68%;5.13%;5.62%;6.51%;7.91%;10.81%;13.02%;13.02%
18/03/2021;0.47%;0.47%;0.48%;0.55%;0.64%;0.80%;1.09%;1.45%;2.16%;2.84%;3.47%;3.94%;4.45%;4.93%;5.38%;5.90%;6.82%;8.30%;11.38%;13.78%;13.78%
19/03/2021;0.47%;0.48%;0.49%;0.56%;0.66%;0.82%;1.10%;1.44%;2.13%;2.80%;3.49%;3.99%;4.55%;5.01%;5.43%;5.92%;6.80%;8.28%;11.36%;13.75%;13.75%
22/03/2021;0.47%;0.48%;0.49%;0.56%;0.66%;0.82%;1.10%;1.44%;2.13%;2.80%;3.49%;3.99%;4.55%;5.01%;5.43%;5.92%;6.80%;8.28%;11.36%;13.75%;13.75%
23/03/2021;0.47%;0.50%;0.48%;0.57%;0.67%;0.84%;1.12%;1.50%;2.20%;2.89%;3.52%;4.10%;4.58%;5.08%;5.53%;5.97%;7.00%;8.52%;11.71%;14.20%;14.20%
24/03/2021;0.48%;0.50%;0.49%;0.62%;0.74%;0.91%;1.21%;1.60%;2.33%;3.01%;3.61%;4.17%;4.69%;5.17%;5.65%;6.05%;7.15%;8.70%;11.98%;14.57%;14.57%
25/03/2021;0.48%;0.48%;0.51%;0.61%;0.77%;0.96%;1.28%;1.69%;2.41%;3.08%;3.77%;4.27%;4.82%;5.29%;5.78%;6.19%;7.31%;8.91%;12.30%;15.00%;15.00%
26/03/2021;0.48%;0.50%;0.52%;0.62%;0.76%;0.96%;1.31%;1.71%;2.43%;3.08%;3.78%;4.29%;4.84%;5.27%;5.78%;6.24%;7.22%;8.84%;12.19%;14.86%;14.86%
29/03/2021;0.48%;0.49%;0.55%;0.68%;0.84%;1.04%;1.45%;1.83%;2.58%;3.27%;3.94%;4.46%;4.99%;5.48%;5.96%;6.50%;7.50%;9.19%;12.73%;15.58%;15.58%
30/03/2021;0.49%;0.49%;0.54%;0.68%;0.86%;1.09%;1.53%;1.94%;2.68%;3.35%;4.08%;4.59%;5.23%;5.67%;6.16%;6.71%;7.76%;9.53%;13.24%;16.27%;16.27%
31/03/2021;0.48%;0.48%;0.53%;0.69%;0.82%;1.04%;1.47%;1.89%;2.62%;3.28%;3.94%;4.48%;5.05%;5.59%;6.03%;6.53%;7.59%;9.27%;12.84%;15.74%;15.74%
01/04/2021;0.48%;0.48%;0.53%;0.69%;0.82%;1.04%;1.47%;1.89%;2.62%;3.28%;3.94%;4.48%;5.05%;5.59%;6.03%;6.53%;7.59%;9.27%;12.84%;15.74%;15.74%
02/04/2021;0.48%;0.48%;0.53%;0.69%;0.82%;1.04%;1.47%;1.89%;2.62%;3.28%;3.94%;4.48%;5.05%;5.59%;6.03%;6.53%;7.59%;9.27%;12.84%;15.74%;15.74%
05/04/2021;0.49%;0.48%;0.52%;0.66%;0.82%;1.07%;1.47%;1.86%;2.59%;3.21%;3.90%;4.42%;4.98%;5.49%;5.94%;6.56%;7.47%;9.12%;12.63%;15.45%;15.45%
06/04/2021;0.48%;0.48%;0.51%;0.63%;0.82%;1.03%;1.44%;1.83%;2.53%;3.15%;3.76%;4.34%;4.84%;5.37%;5.83%;6.20%;7.34%;8.95%;12.36%;15.09%;15.09%
07/04/2021;0.49%;0.48%;0.51%;0.61%;0.77%;0.97%;1.40%;1.73%;2.45%;3.04%;3.62%;4.17%;4.70%;5.22%;5.61%;6.03%;7.09%;8.62%;11.86%;14.42%;14.42%
08/04/2021;0.49%;0.48%;0.51%;0.61%;0.74%;0.92%;1.29%;1.66%;2.34%;2.93%;3.49%;4.05%;4.58%;5.05%;5.46%;5.91%;6.88%;8.34%;11.45%;13.88%;13.88%
09/04/2021;0.50%;0.48%;0.51%;0.61%;0.77%;0.96%;1.32%;1.72%;2.42%;3.01%;3.62%;4.12%;4.65%;5.14%;5.54%;5.98%;7.01%;8.50%;11.69%;14.20%;14.20%
12/04/2021;0.49%;0.48%;0.52%;0.62%;0.78%;0.97%;1.38%;1.78%;2.51%;3.11%;3.71%;4.24%;4.77%;5.26%;5.68%;6.14%;7.16%;8.72%;12.02%;14.63%;14.63%
13/04/2021;0.49%;0.48%;0.50%;0.61%;0.74%;0.93%;1.32%;1.70%;2.43%;3.03%;3.64%;4.17%;4.67%;5.16%;5.65%;6.09%;7.05%;8.55%;11.76%;14.29%;14.29%
14/04/2021;0.50%;0.48%;0.48%;0.58%;0.70%;0.88%;1.27%;1.63%;2.34%;2.97%;3.60%;4.11%;4.58%;5.13%;5.58%;5.99%;6.96%;8.43%;11.59%;14.06%;14.06%
15/04/2021;0.49%;0.49%;0.50%;0.60%;0.71%;0.87%;1.22%;1.58%;2.30%;2.97%;3.52%;4.02%;4.48%;5.02%;5.47%;5.82%;6.84%;8.29%;11.38%;13.78%;13.78%
16/04/2021;0.49%;0.49%;0.51%;0.59%;0.70%;0.86%;1.24%;1.62%;2.35%;2.97%;3.56%;4.02%;4.57%;5.04%;5.49%;5.98%;6.92%;8.38%;11.51%;13.96%;13.96%
19/04/2021;0.50%;0.50%;0.53%;0.61%;0.72%;0.89%;1.25%;1.65%;2.37%;3.01%;3.56%;4.04%;4.60%;5.12%;5.61%;6.01%;6.90%;8.36%;11.49%;13.94%;13.94%
20/04/2021;0.50%;0.48%;0.51%;0.61%;0.72%;0.89%;1.28%;1.69%;2.39%;3.05%;3.61%;4.14%;4.67%;5.19%;5.63%;6.10%;6.92%;8.32%;11.44%;13.88%;13.88%
21/04/2021;0.50%;0.48%;0.51%;0.62%;0.74%;0.90%;1.29%;1.70%;2.43%;3.08%;3.69%;4.21%;4.74%;5.25%;5.69%;6.10%;7.04%;8.35%;11.49%;13.95%;13.95%
22/04/2021;0.51%;0.47%;0.49%;0.62%;0.72%;0.91%;1.32%;1.74%;2.46%;3.11%;3.75%;4.28%;4.82%;5.33%;5.75%;6.23%;7.14%;8.48%;11.68%;14.21%;14.21%
23/04/2021;0.51%;0.49%;0.50%;0.61%;0.74%;0.88%;1.27%;1.75%;2.46%;3.12%;3.73%;4.27%;4.80%;5.29%;5.79%;6.19%;7.09%;8.42%;11.59%;14.09%;14.09%
26/04/2021;0.51%;0.50%;0.52%;0.63%;0.74%;0.91%;1.33%;1.81%;2.57%;3.24%;3.90%;4.41%;4.95%;5.47%;5.94%;6.43%;7.30%;8.66%;11.95%;14.58%;14.58%
27/04/2021;0.51%;0.49%;0.51%;0.66%;0.78%;0.98%;1.40%;1.83%;2.62%;3.31%;3.97%;4.54%;5.11%;5.68%;6.11%;6.59%;7.56%;8.85%;12.24%;14.98%;14.98%
28/04/2021;0.51%;0.48%;0.50%;0.63%;0.79%;1.00%;1.43%;1.89%;2.68%;3.38%;4.04%;4.59%;5.15%;5.70%;6.20%;6.56%;7.53%;8.82%;12.21%;14.94%;14.94%
29/04/2021;0.51%;0.47%;0.51%;0.63%;0.78%;0.98%;1.40%;1.86%;2.67%;3.39%;4.05%;4.63%;5.21%;5.79%;6.33%;6.74%;7.70%;8.99%;12.46%;15.28%;15.28%
30/04/2021;0.52%;0.48%;0.51%;0.64%;0.81%;0.97%;1.38%;1.84%;2.56%;3.31%;3.94%;4.49%;5.15%;5.70%;6.17%;6.56%;7.44%;8.81%;12.18%;14.90%;14.90%
03/05/2021;0.52%;0.50%;0.53%;0.74%;0.90%;1.10%;1.53%;1.99%;2.78%;3.46%;4.20%;4.74%;5.34%;5.91%;6.41%;6.99%;7.85%;9.32%;12.96%;15.95%;15.95%
04/05/2021;0.52%;0.51%;0.57%;0.78%;0.95%;1.15%;1.66%;2.10%;2.97%;3.63%;4.37%;4.91%;5.51%;6.07%;6.56%;7.12%;7.77%;9.23%;12.84%;15.81%;15.81%
05/05/2021;0.52%;0.51%;0.57%;0.77%;0.96%;1.18%;1.65%;2.13%;2.98%;3.63%;4.36%;4.96%;5.56%;6.15%;6.66%;7.20%;8.20%;9.66%;13.49%;16.67%;16.67%
06/05/2021;0.52%;0.51%;0.58%;0.79%;0.97%;1.19%;1.61%;2.05%;2.85%;3.55%;4.20%;4.73%;5.34%;5.89%;6.48%;7.02%;7.70%;9.28%;12.90%;15.87%;15.87%
07/05/2021;0.52%;0.51%;0.57%;0.79%;0.99%;1.19%;1.61%;2.07%;2.86%;3.56%;4.24%;4.87%;5.47%;6.03%;6.57%;7.01%;8.13%;9.58%;13.35%;16.47%;16.47%
10/05/2021;0.51%;0.50%;0.57%;0.80%;1.03%;1.22%;1.68%;2.17%;2.95%;3.66%;4.32%;4.89%;5.49%;6.06%;6.63%;7.22%;8.14%;9.58%;13.37%;16.51%;16.51%
11/05/2021;0.51%;0.49%;0.58%;0.79%;1.02%;1.25%;1.72%;2.20%;3.00%;3.71%;4.38%;4.95%;5.55%;6.12%;6.70%;7.32%;8.22%;9.69%;13.54%;16.74%;16.74%
12/05/2021;0.51%;0.50%;0.56%;0.79%;1.04%;1.28%;1.74%;2.24%;3.05%;3.76%;4.42%;5.04%;5.65%;6.24%;6.81%;7.39%;8.43%;9.94%;13.92%;17.26%;17.26%
13/05/2021;0.51%;0.50%;0.55%;0.72%;0.98%;1.20%;1.66%;2.16%;2.93%;3.64%;4.28%;4.87%;5.47%;6.03%;6.63%;7.17%;8.19%;9.65%;13.47%;16.63%;16.63%
14/05/2021;0.51%;0.49%;0.55%;0.76%;0.99%;1.21%;1.69%;2.19%;2.97%;3.67%;4.31%;4.88%;5.48%;6.05%;6.62%;7.19%;8.16%;9.62%;13.42%;16.58%;16.58%
17/05/2021;0.51%;0.49%;0.55%;0.76%;0.99%;1.21%;1.69%;2.19%;2.97%;3.67%;4.31%;4.88%;5.48%;6.05%;6.62%;7.19%;8.16%;9.62%;13.42%;16.58%;16.58%
18/05/2021;0.52%;0.49%;0.55%;0.76%;0.99%;1.22%;1.70%;2.20%;3.02%;3.68%;4.33%;4.89%;5.49%;6.01%;6.57%;7.25%;8.17%;9.62%;13.42%;16.58%;16.58%
19/05/2021;0.52%;0.52%;0.56%;0.77%;1.00%;1.26%;1.77%;2.29%;3.08%;3.77%;4.38%;5.00%;5.59%;6.17%;6.72%;7.33%;8.26%;9.74%;13.62%;16.85%;16.85%
20/05/2021;0.52%;0.54%;0.62%;0.87%;1.11%;1.38%;1.89%;2.39%;3.22%;3.90%;4.53%;5.15%;5.76%;6.36%;6.94%;7.54%;8.58%;10.14%;14.23%;17.69%;17.69%
21/05/2021;0.53%;0.55%;0.64%;0.92%;1.17%;1.47%;1.98%;2.50%;3.37%;4.03%;4.66%;5.27%;5.86%;6.46%;7.01%;7.59%;8.52%;10.07%;14.15%;17.59%;17.59%
24/05/2021;0.52%;0.54%;0.63%;0.93%;1.19%;1.49%;2.03%;2.58%;3.45%;4.08%;4.66%;5.29%;5.92%;6.52%;7.11%;7.66%;8.78%;10.39%;14.62%;18.24%;18.24%
25/05/2021;0.52%;0.52%;0.63%;0.88%;1.15%;1.46%;1.97%;2.47%;3.33%;3.98%;4.54%;5.18%;5.77%;6.35%;6.95%;7.50%;8.57%;10.13%;14.22%;17.68%;17.68%
26/05/2021;0.52%;0.52%;0.60%;0.82%;1.08%;1.37%;1.90%;2.43%;3.21%;3.87%;4.44%;5.03%;5.63%;6.16%;6.72%;7.30%;8.28%;9.77%;13.66%;16.92%;16.92%
27/05/2021;0.53%;0.52%;0.61%;0.83%;1.07%;1.37%;1.89%;2.41%;3.22%;3.85%;4.42%;5.00%;5.59%;6.14%;6.68%;7.27%;8.23%;9.70%;13.57%;16.79%;16.79%
28/05/2021;0.53%;0.52%;0.62%;0.83%;1.05%;1.33%;1.87%;2.42%;3.21%;3.83%;4.39%;4.95%;5.54%;6.09%;6.55%;7.09%;8.13%;9.54%;13.32%;16.45%;16.45%
31/05/2021;0.52%;0.51%;0.62%;0.83%;1.05%;1.33%;1.86%;2.41%;3.19%;3.81%;4.37%;4.93%;5.52%;6.06%;6.50%;7.04%;8.07%;9.47%;13.21%;16.31%;16.31%
01/06/2021;0.52%;0.50%;0.61%;0.83%;1.06%;1.33%;1.84%;2.42%;3.21%;3.82%;4.36%;4.98%;5.55%;6.08%;6.56%;7.10%;8.09%;9.53%;13.30%;16.43%;16.43%
02/06/2021;0.52%;0.52%;0.62%;0.82%;1.03%;1.28%;1.80%;2.33%;3.15%;3.74%;4.27%;4.86%;5.39%;5.95%;6.44%;7.00%;7.92%;9.32%;12.98%;16.00%;16.00%
03/06/2021;0.52%;0.52%;0.62%;0.85%;1.08%;1.32%;1.83%;2.39%;3.17%;3.81%;4.35%;4.91%;5.46%;5.99%;6.44%;6.97%;7.98%;9.41%;13.11%;16.16%;16.16%
04/06/2021;0.52%;0.53%;0.65%;0.86%;1.05%;1.32%;1.80%;2.33%;3.13%;3.70%;4.23%;4.76%;5.29%;5.80%;6.30%;6.77%;7.72%;9.08%;12.61%;15.50%;15.50%
07/06/2021;0.52%;0.53%;0.65%;0.86%;1.05%;1.32%;1.80%;2.33%;3.13%;3.70%;4.23%;4.76%;5.29%;5.80%;6.30%;6.77%;7.72%;9.08%;12.61%;15.50%;15.50%
08/06/2021;0.52%;0.52%;0.63%;0.81%;1.04%;1.28%;1.78%;2.28%;3.05%;3.63%;4.18%;4.67%;5.20%;5.69%;6.18%;6.59%;7.51%;8.83%;12.23%;14.98%;14.98%
09/06/2021;0.51%;0.52%;0.64%;0.82%;1.04%;1.27%;1.73%;2.26%;3.01%;3.60%;4.07%;4.63%;5.09%;5.57%;5.99%;6.47%;7.56%;8.88%;12.30%;15.06%;15.06%
10/06/2021;0.51%;0.52%;0.66%;0.84%;1.06%;1.30%;1.75%;2.25%;3.01%;3.63%;4.16%;4.64%;5.16%;5.61%;6.06%;6.54%;7.41%;8.75%;12.12%;14.82%;14.82%
11/06/2021;0.51%;0.53%;0.66%;0.84%;1.09%;1.33%;1.80%;2.34%;3.10%;3.68%;4.18%;4.72%;5.24%;5.75%;6.21%;6.68%;7.59%;8.93%;12.39%;15.20%;15.20%
14/06/2021;0.51%;0.53%;0.66%;0.84%;1.09%;1.33%;1.80%;2.34%;3.10%;3.68%;4.18%;4.72%;5.24%;5.75%;6.21%;6.68%;7.59%;8.93%;12.39%;15.20%;15.20%
15/06/2021;0.51%;0.53%;0.67%;0.86%;1.15%;1.41%;1.86%;2.37%;3.17%;3.74%;4.25%;4.80%;5.33%;5.81%;6.18%;6.85%;7.74%;9.10%;12.65%;15.55%;15.55%
16/06/2021;0.51%;0.52%;0.65%;0.85%;1.15%;1.42%;1.87%;2.40%;3.19%;3.75%;4.26%;4.79%;5.32%;5.81%;6.18%;6.85%;7.74%;9.10%;12.65%;15.54%;15.54%
17/06/2021;0.51%;0.53%;0.67%;0.90%;1.17%;1.47%;1.98%;2.44%;3.18%;3.81%;4.27%;4.83%;5.28%;5.82%;6.24%;6.75%;7.67%;9.03%;12.54%;15.40%;15.40%
18/06/2021;0.51%;0.54%;0.70%;0.97%;1.29%;1.56%;2.05%;2.52%;3.34%;3.86%;4.35%;4.91%;5.36%;5.91%;6.35%;6.81%;7.71%;9.08%;12.63%;15.53%;15.53%
21/06/2021;0.51%;0.54%;0.70%;1.01%;1.33%;1.63%;2.13%;2.62%;3.40%;3.93%;4.47%;4.96%;5.47%;5.99%;6.45%;6.96%;7.84%;9.24%;12.87%;15.87%;15.87%
22/06/2021;0.51%;0.52%;0.73%;1.01%;1.32%;1.63%;2.13%;2.62%;3.40%;3.97%;4.48%;4.99%;5.51%;6.03%;6.49%;7.01%;7.93%;9.35%;13.03%;16.08%;16.08%
23/06/2021;0.51%;0.52%;0.75%;1.03%;1.33%;1.65%;2.18%;2.64%;3.45%;4.02%;4.52%;5.05%;5.60%;6.07%;6.56%;7.08%;8.02%;9.46%;13.20%;16.31%;16.31%
24/06/2021;0.51%;0.56%;0.76%;1.07%;1.37%;1.71%;2.20%;2.73%;3.50%;4.06%;4.52%;5.06%;5.60%;6.06%;6.55%;7.04%;7.98%;9.45%;13.20%;16.30%;16.30%
25/06/2021;0.51%;0.62%;0.85%;1.17%;1.57%;1.91%;2.40%;2.92%;3.64%;4.17%;4.70%;5.14%;5.69%;6.14%;6.61%;7.14%;8.09%;9.56%;13.37%;16.55%;16.55%
28/06/2021;0.51%;0.62%;0.83%;1.17%;1.57%;1.91%;2.40%;2.92%;3.64%;4.17%;4.70%;5.14%;5.70%;6.14%;6.61%;7.14%;8.10%;9.56%;13.37%;16.55%;16.55%
29/06/2021;0.51%;0.52%;0.66%;1.00%;1.41%;1.79%;2.29%;2.82%;3.61%;4.16%;4.67%;5.12%;5.64%;6.10%;6.52%;7.05%;8.13%;9.39%;13.12%;16.22%;16.22%
30/06/2021;0.51%;0.53%;0.68%;1.04%;1.44%;1.81%;2.38%;2.89%;3.68%;4.25%;4.74%;5.19%;5.67%;6.14%;6.57%;7.03%;7.97%;9.47%;13.23%;16.37%;16.37%
01/07/2021;0.51%;0.52%;0.66%;1.10%;1.52%;1.92%;2.49%;3.03%;3.77%;4.34%;4.76%;5.23%;5.70%;6.19%;6.63%;7.11%;8.03%;9.57%;13.39%;16.59%;16.59%
02/07/2021;0.51%;0.53%;0.68%;1.07%;1.52%;1.92%;2.51%;3.07%;3.85%;4.39%;4.86%;5.33%;5.78%;6.23%;6.67%;7.16%;8.18%;9.71%;13.61%;16.89%;16.89%
05/07/2021;0.51%;0.53%;0.68%;1.07%;1.52%;1.92%;2.51%;3.07%;3.85%;4.39%;4.86%;5.33%;5.78%;6.23%;6.67%;7.16%;8.18%;9.71%;13.61%;16.89%;16.89%
06/07/2021;0.51%;0.52%;0.65%;1.06%;1.49%;1.90%;2.45%;2.97%;3.78%;4.31%;4.79%;5.22%;5.68%;6.12%;6.55%;7.01%;8.03%;9.52%;13.31%;16.48%;16.48%
07/07/2021;0.51%;0.52%;0.65%;1.06%;1.48%;1.90%;2.48%;2.98%;3.76%;4.31%;4.77%;5.24%;5.68%;6.12%;6.53%;7.03%;8.00%;9.45%;13.20%;16.33%;16.33%
08/07/2021;0.51%;0.49%;0.62%;1.01%;1.43%;1.84%;2.43%;2.93%;3.67%;4.23%;4.68%;5.14%;5.57%;6.02%;6.42%;6.96%;7.86%;9.32%;13.01%;16.06%;16.06%
09/07/2021;0.51%;0.51%;0.58%;0.99%;1.37%;1.78%;2.38%;2.84%;3.58%;4.12%;4.60%;5.00%;5.47%;5.92%;6.35%;6.83%;7.77%;9.21%;12.83%;15.81%;15.81%
12/07/2021;0.51%;0.50%;0.58%;0.99%;1.36%;1.76%;2.34%;2.79%;3.54%;4.10%;4.57%;5.04%;5.46%;5.92%;6.36%;6.85%;7.78%;9.21%;12.83%;15.82%;15.82%
13/07/2021;0.51%;0.50%;0.63%;1.04%;1.46%;1.83%;2.40%;2.88%;3.62%;4.22%;4.66%;5.08%;5.51%;5.98%;6.42%;6.95%;7.89%;9.34%;13.04%;16.10%;16.10%
14/07/2021;0.51%;0.51%;0.63%;1.03%;1.47%;1.83%;2.40%;2.86%;3.61%;4.18%;4.62%;5.07%;5.48%;5.95%;6.39%;6.87%;7.85%;9.25%;12.90%;15.91%;15.91%
15/07/2021;0.51%;0.51%;0.61%;0.98%;1.42%;1.79%;2.37%;2.84%;3.59%;4.14%;4.64%;5.02%;5.48%;5.87%;6.30%;6.88%;7.71%;9.13%;12.71%;15.66%;15.66%
16/07/2021;0.52%;0.51%;0.61%;0.94%;1.33%;1.72%;2.32%;2.83%;3.54%;4.16%;4.64%;5.09%;5.49%;5.93%;6.36%;6.88%;7.79%;9.22%;12.86%;15.85%;15.85%
19/07/2021;0.52%;0.50%;0.61%;0.91%;1.27%;1.66%;2.23%;2.73%;3.47%;4.04%;4.51%;4.95%;5.35%;5.77%;6.19%;6.69%;7.60%;8.95%;12.44%;15.30%;15.30%
20/07/2021;0.52%;0.50%;0.61%;0.91%;1.27%;1.66%;2.23%;2.73%;3.47%;4.04%;4.51%;4.95%;5.35%;5.77%;6.19%;6.69%;7.60%;8.95%;12.44%;15.30%;15.30%
21/07/2021;0.52%;0.50%;0.60%;0.90%;1.28%;1.67%;2.24%;2.74%;3.51%;4.06%;4.59%;5.02%;5.41%;5.84%;6.26%;6.83%;7.69%;9.06%;12.60%;15.51%;15.51%
22/07/2021;0.52%;0.50%;0.63%;0.92%;1.21%;1.61%;2.15%;2.64%;3.38%;3.93%;4.42%;4.84%;5.26%;5.70%;6.11%;6.60%;7.53%;8.87%;12.30%;15.10%;15.10%
23/07/2021;0.52%;0.50%;0.63%;0.88%;1.23%;1.64%;2.18%;2.64%;3.39%;3.93%;4.41%;4.85%;5.30%;5.73%;6.18%;6.67%;7.58%;8.98%;12.47%;15.32%;15.32%
26/07/2021;0.52%;0.50%;0.62%;0.89%;1.25%;1.61%;2.18%;2.68%;3.43%;3.96%;4.46%;4.88%;5.37%;5.76%;6.21%;6.73%;7.62%;9.01%;12.52%;15.39%;15.39%
27/07/2021;0.52%;0.53%;0.65%;0.95%;1.28%;1.64%;2.23%;2.73%;3.46%;4.01%;4.54%;4.95%;5.42%;5.87%;6.32%;6.91%;7.77%;9.16%;12.75%;15.71%;15.71%
28/07/2021;0.52%;0.54%;0.65%;0.94%;1.27%;1.62%;2.21%;2.71%;3.47%;4.02%;4.53%;4.95%;5.44%;5.86%;6.34%;6.92%;7.80%;9.19%;12.80%;15.77%;15.77%
29/07/2021;0.51%;0.53%;0.63%;0.92%;1.21%;1.57%;2.15%;2.66%;3.42%;3.95%;4.45%;4.90%;5.38%;5.82%;6.27%;6.84%;7.71%;9.09%;12.64%;15.55%;15.55%
30/07/2021;0.51%;0.53%;0.65%;0.95%;1.25%;1.59%;2.14%;2.67%;3.43%;3.96%;4.43%;4.91%;5.39%;5.84%;6.29%;6.89%;7.76%;9.15%;12.73%;15.67%;15.67%
02/08/2021;0.51%;0.51%;0.64%;0.96%;1.27%;1.64%;2.19%;2.69%;3.43%;3.94%;4.38%;4.85%;5.33%;5.72%;6.18%;6.63%;7.58%;8.96%;12.45%;15.29%;15.29%
03/08/2021;0.51%;0.52%;0.65%;0.96%;1.28%;1.66%;2.22%;2.73%;3.47%;3.97%;4.42%;4.89%;5.34%;5.75%;6.18%;6.72%;7.59%;8.97%;12.47%;15.32%;15.32%
04/08/2021;0.51%;0.52%;0.65%;0.96%;1.36%;1.73%;2.27%;2.81%;3.50%;4.01%;4.50%;4.95%;5.42%;5.80%;6.21%;6.77%;7.63%;9.03%;12.56%;15.44%;15.44%
05/08/2021;0.51%;0.53%;0.64%;1.01%;1.39%;1.81%;2.36%;2.86%;3.61%;4.09%;4.52%;4.99%;5.44%;5.88%;6.33%;6.78%;7.70%;9.12%;12.69%;15.63%;15.63%
06/08/2021;0.51%;0.54%;0.71%;1.12%;1.55%;1.97%;2.50%;2.98%;3.69%;4.19%;4.62%;4.97%;5.43%;5.86%;6.31%;6.77%;7.68%;9.10%;12.67%;15.60%;15.60%
09/08/2021;0.51%;0.54%;0.72%;1.13%;1.57%;1.95%;2.52%;3.04%;3.73%;4.26%;4.74%;5.20%;5.66%;6.13%;6.60%;7.20%;8.11%;9.62%;13.46%;16.67%;16.67%
10/08/2021;0.51%;0.54%;0.70%;1.09%;1.53%;1.91%;2.50%;2.99%;3.67%;4.23%;4.76%;5.23%;5.79%;6.22%;6.73%;7.30%;8.29%;9.84%;13.80%;17.13%;17.13%
11/08/2021;0.51%;0.54%;0.71%;1.10%;1.55%;1.93%;2.51%;3.00%;3.69%;4.24%;4.73%;5.20%;5.69%;6.17%;6.67%;7.31%;8.22%;9.75%;13.66%;16.94%;16.94%
12/08/2021;0.51%;0.54%;0.70%;1.09%;1.51%;1.90%;2.47%;2.96%;3.66%;4.25%;4.74%;5.23%;5.72%;6.22%;6.70%;7.30%;8.25%;9.79%;13.73%;17.03%;17.03%
13/08/2021;0.51%;0.54%;0.70%;1.10%;1.47%;1.86%;2.42%;2.92%;3.62%;4.19%;4.67%;5.16%;5.64%;6.12%;6.59%;7.23%;8.11%;9.62%;13.46%;16.67%;16.67%
16/08/2021;0.51%;0.54%;0.70%;1.10%;1.47%;1.86%;2.42%;2.92%;3.62%;4.19%;4.67%;5.16%;5.64%;6.12%;6.59%;7.23%;8.11%;9.62%;13.46%;16.67%;16.67%
17/08/2021;0.51%;0.55%;0.71%;1.07%;1.49%;1.85%;2.44%;2.92%;3.64%;4.20%;4.69%;5.18%;5.64%;6.15%;6.64%;7.23%;8.18%;9.71%;13.59%;16.84%;16.84%
18/08/2021;0.51%;0.54%;0.74%;1.12%;1.51%;1.89%;2.48%;3.00%;3.69%;4.25%;4.76%;5.25%;5.74%;6.27%;6.77%;7.35%;8.38%;9.95%;13.96%;17.34%;17.34%
19/08/2021;0.51%;0.54%;0.74%;1.13%;1.51%;1.88%;2.46%;2.96%;3.70%;4.25%;4.73%;5.28%;5.80%;6.28%;6.78%;7.29%;8.40%;9.98%;14.01%;17.41%;17.41%
20/08/2021;0.51%;0.54%;0.76%;1.14%;1.52%;1.90%;2.48%;2.96%;3.67%;4.24%;4.72%;5.25%;5.76%;6.26%;6.75%;7.36%;8.31%;9.87%;13.85%;17.19%;17.19%
23/08/2021;0.51%;0.54%;0.78%;1.17%;1.53%;1.88%;2.46%;2.93%;3.66%;4.20%;4.68%;5.21%;5.71%;6.22%;6.70%;7.27%;8.25%;9.79%;13.72%;17.02%;17.02%
24/08/2021;0.52%;0.54%;0.78%;1.17%;1.52%;1.89%;2.46%;2.93%;3.65%;4.20%;4.68%;5.19%;5.70%;6.20%;6.68%;7.23%;8.23%;9.72%;13.61%;16.88%;16.88%
25/08/2021;0.52%;0.54%;0.79%;1.16%;1.51%;1.86%;2.43%;2.91%;3.62%;4.17%;4.65%;5.15%;5.67%;6.17%;6.64%;7.17%;8.19%;9.67%;13.54%;16.77%;16.77%
26/08/2021;0.52%;0.54%;0.79%;1.17%;1.52%;1.87%;2.44%;2.93%;3.63%;4.17%;4.71%;5.16%;5.67%;6.18%;6.65%;7.22%;8.20%;9.69%;13.57%;16.82%;16.82%
27/08/2021;0.52%;0.55%;0.79%;1.15%;1.51%;1.80%;2.38%;2.84%;3.55%;4.11%;4.60%;5.12%;5.58%;6.08%;6.53%;7.01%;8.08%;9.53%;13.32%;16.48%;16.48%
30/08/2021;0.52%;0.53%;0.82%;1.15%;1.51%;1.80%;2.37%;2.84%;3.52%;4.10%;4.57%;5.08%;5.54%;6.03%;6.45%;6.99%;7.95%;9.42%;13.15%;16.25%;16.25%
31/08/2021;0.52%;0.56%;0.82%;1.18%;1.53%;1.83%;2.36%;2.83%;3.51%;4.04%;4.53%;5.04%;5.51%;5.98%;6.40%;6.95%;7.88%;9.34%;13.02%;16.07%;16.07%
01/09/2021;0.52%;0.57%;0.88%;1.25%;1.63%;1.94%;2.42%;2.93%;3.60%;4.13%;4.62%;5.12%;5.58%;6.08%;6.50%;7.01%;7.99%;9.47%;13.22%;16.34%;16.34%
02/09/2021;0.52%;0.56%;0.93%;1.31%;1.72%;2.04%;2.57%;3.10%;3.72%;4.26%;4.71%;5.24%;5.71%;6.22%;6.63%;7.19%;8.18%;9.67%;13.53%;16.78%;16.78%
03/09/2021;0.53%;0.57%;0.95%;1.36%;1.80%;2.06%;2.67%;3.18%;3.80%;4.35%;4.84%;5.33%;5.83%;6.33%;6.75%;7.30%;8.33%;9.86%;13.84%;17.19%;17.19%
06/09/2021;0.53%;0.63%;0.95%;1.37%;1.83%;2.18%;2.72%;3.20%;3.82%;4.37%;4.90%;5.34%;5.84%;6.34%;6.78%;7.40%;8.31%;9.84%;13.81%;17.17%;17.17%
07/09/2021;0.53%;0.66%;0.99%;1.41%;1.88%;2.22%;2.77%;3.27%;3.90%;4.45%;4.94%;5.43%;5.90%;6.39%;6.81%;7.42%;8.41%;9.95%;13.99%;17.41%;17.41%
08/09/2021;0.52%;0.67%;0.97%;1.41%;1.91%;2.27%;2.79%;3.30%;3.96%;4.51%;4.97%;5.51%;5.98%;6.47%;6.92%;7.47%;8.53%;10.14%;14.28%;17.80%;17.80%
09/09/2021;0.51%;0.66%;0.98%;1.50%;2.05%;2.38%;2.90%;3.43%;4.11%;4.68%;5.17%;5.72%;6.21%;6.72%;7.19%;7.76%;8.39%;10.00%;14.09%;17.59%;17.59%
10/09/2021;0.51%;0.66%;0.95%;1.44%;1.97%;2.34%;2.85%;3.38%;4.08%;4.63%;5.14%;5.66%;6.15%;6.63%;7.14%;7.65%;8.77%;10.50%;14.84%;18.58%;18.58%
13/09/2021;0.52%;0.66%;0.97%;1.47%;1.96%;2.32%;2.85%;3.37%;4.09%;4.63%;5.15%;5.66%;6.15%;6.65%;7.12%;7.72%;8.77%;10.45%;14.77%;18.48%;18.48%
14/09/2021;0.52%;0.65%;0.97%;1.45%;1.94%;2.29%;2.84%;3.37%;4.06%;4.63%;5.12%;5.68%;6.17%;6.67%;7.14%;7.75%;8.80%;10.49%;14.82%;18.55%;18.55%
15/09/2021;0.52%;0.65%;0.97%;1.47%;1.95%;2.30%;2.85%;3.40%;4.09%;4.64%;5.15%;5.68%;6.17%;6.67%;7.16%;7.76%;8.82%;10.52%;14.86%;18.62%;18.62%
16/09/2021;0.53%;0.65%;0.97%;1.49%;1.98%;2.33%;2.89%;3.43%;4.12%;4.68%;5.19%;5.70%;6.19%;6.72%;7.19%;7.81%;8.89%;10.61%;15.01%;18.81%;18.81%
17/09/2021;0.53%;0.70%;1.00%;1.49%;1.99%;2.36%;2.93%;3.47%;4.19%;4.73%;5.25%;5.78%;6.33%;6.82%;7.36%;8.01%;9.09%;10.85%;15.39%;19.35%;19.35%
20/09/2021;0.53%;0.74%;1.06%;1.57%;2.03%;2.42%;2.98%;3.50%;4.23%;4.79%;5.31%;5.84%;6.35%;6.89%;7.43%;8.06%;9.19%;10.98%;15.59%;19.63%;19.63%
21/09/2021;0.53%;0.75%;1.03%;1.57%;2.03%;2.39%;2.94%;3.49%;4.20%;4.76%;5.26%;5.83%;6.34%;6.86%;7.39%;7.97%;9.15%;10.92%;15.50%;19.50%;19.50%
22/09/2021;0.54%;0.78%;1.09%;1.61%;2.08%;2.47%;3.01%;3.54%;4.24%;4.77%;5.27%;5.82%;6.34%;6.85%;7.38%;7.98%;9.14%;10.92%;15.49%;19.49%;19.49%
23/09/2021;0.54%;0.77%;1.12%;1.65%;2.15%;2.51%;3.09%;3.63%;4.32%;4.88%;5.38%;5.95%;6.49%;7.03%;7.53%;8.17%;9.38%;11.22%;15.98%;20.17%;20.17%
24/09/2021;0.54%;0.77%;1.17%;1.71%;2.22%;2.59%;3.17%;3.70%;4.38%;4.94%;5.49%;6.02%;6.57%;7.17%;7.70%;8.35%;9.47%;11.35%;16.19%;20.47%;20.47%
27/09/2021;0.54%;0.83%;1.17%;1.74%;2.24%;2.63%;3.22%;3.75%;4.43%;5.00%;5.52%;6.10%;6.65%;7.22%;7.78%;8.46%;9.61%;11.51%;16.44%;20.83%;20.83%
28/09/2021;0.54%;0.85%;1.19%;1.75%;2.31%;2.70%;3.28%;3.85%;4.49%;5.06%;5.62%;6.17%;6.78%;7.30%;7.87%;8.53%;9.76%;11.70%;16.75%;21.26%;21.26%
29/09/2021;0.54%;0.82%;1.17%;1.73%;2.28%;2.67%;3.27%;3.83%;4.47%;5.06%;5.60%;6.17%;6.71%;7.30%;7.90%;8.56%;9.80%;11.75%;16.82%;21.36%;21.36%
30/09/2021;0.55%;0.87%;1.19%;1.75%;2.30%;2.71%;3.27%;3.80%;4.47%;5.05%;5.58%;6.13%;6.69%;7.28%;7.85%;8.50%;9.74%;11.68%;16.71%;21.20%;21.20%
01/10/2021;0.77%;0.82%;1.16%;1.71%;2.23%;2.65%;3.23%;3.74%;4.40%;4.94%;5.46%;5.98%;6.55%;7.15%;7.71%;8.33%;9.55%;11.44%;16.32%;20.65%;20.65%
04/10/2021;0.79%;0.87%;1.22%;1.79%;2.32%;2.72%;3.33%;3.88%;4.49%;5.04%;5.58%;6.14%;6.71%;7.27%;7.82%;8.45%;9.69%;11.62%;16.61%;21.07%;21.07%
05/10/2021;0.78%;0.87%;1.28%;1.86%;2.44%;2.88%;3.47%;4.08%;4.70%;5.23%;5.82%;6.28%;6.81%;7.42%;8.05%;8.60%;10.01%;11.97%;17.19%;21.90%;21.90%
06/10/2021;0.78%;0.89%;1.27%;1.86%;2.42%;2.89%;3.51%;4.05%;4.69%;5.21%;5.81%;6.25%;6.83%;7.37%;7.93%;8.57%;9.85%;11.73%;16.81%;21.38%;21.38%
07/10/2021;0.78%;0.90%;1.24%;1.82%;2.39%;2.82%;3.45%;3.99%;4.61%;5.16%;5.71%;6.19%;6.77%;7.22%;7.81%;8.45%;9.67%;11.60%;16.59%;21.06%;21.06%
08/10/2021;0.76%;0.93%;1.26%;1.86%;2.46%;2.92%;3.53%;4.07%;4.73%;5.30%;5.82%;6.30%;6.82%;7.34%;7.89%;8.54%;9.81%;11.78%;16.89%;21.47%;21.47%
11/10/2021;0.77%;0.94%;1.27%;1.87%;2.47%;2.93%;3.54%;4.08%;4.74%;5.31%;5.82%;6.31%;6.83%;7.35%;7.90%;8.54%;9.81%;11.78%;16.89%;21.48%;21.48%
12/10/2021;0.76%;0.97%;1.29%;1.89%;2.50%;2.95%;3.55%;4.08%;4.75%;5.30%;5.82%;6.27%;6.85%;7.37%;7.94%;8.51%;9.84%;11.82%;16.95%;21.57%;21.57%
13/10/2021;0.77%;0.98%;1.30%;1.88%;2.47%;2.93%;3.53%;4.04%;4.72%;5.27%;5.78%;6.30%;6.84%;7.35%;7.90%;8.45%;9.83%;11.74%;16.84%;21.41%;21.41%
14/10/2021;0.77%;0.99%;1.30%;1.91%;2.50%;2.94%;3.53%;4.02%;4.66%;5.19%;5.69%;6.20%;6.71%;7.22%;7.74%;8.34%;9.57%;11.48%;16.42%;20.81%;20.81%
15/10/2021;0.78%;0.98%;1.26%;1.85%;2.45%;2.90%;3.52%;4.00%;4.66%;5.18%;5.67%;6.17%;6.68%;7.17%;7.68%;8.26%;9.60%;11.51%;16.45%;20.86%;20.86%
18/10/2021;0.78%;0.98%;1.26%;1.85%;2.45%;2.90%;3.52%;4.00%;4.66%;5.18%;5.67%;6.17%;6.68%;7.17%;7.68%;8.26%;9.60%;11.51%;16.45%;20.86%;20.86%
19/10/2021;0.78%;1.00%;1.30%;1.88%;2.49%;2.96%;3.55%;4.09%;4.74%;5.18%;5.71%;6.11%;6.66%;7.06%;7.56%;8.16%;9.29%;11.08%;15.79%;19.95%;19.95%
20/10/2021;0.76%;1.02%;1.32%;1.94%;2.53%;3.06%;3.64%;4.13%;4.78%;5.30%;5.79%;6.24%;6.73%;7.20%;7.72%;8.35%;9.48%;11.37%;16.25%;20.60%;20.60%
21/10/2021;0.76%;1.04%;1.33%;1.97%;2.59%;3.13%;3.79%;4.26%;4.87%;5.39%;5.92%;6.33%;6.84%;7.32%;7.85%;8.42%;9.64%;11.53%;16.51%;20.98%;20.98%
22/10/2021;0.76%;1.05%;1.35%;1.88%;2.69%;3.26%;3.85%;4.37%;4.99%;5.51%;6.04%;6.47%;6.95%;7.44%;7.96%;8.50%;9.70%;11.71%;16.81%;21.40%;21.40%
25/10/2021;0.76%;1.08%;1.35%;2.03%;2.69%;3.29%;3.91%;4.39%;4.97%;5.52%;6.02%;6.46%;6.98%;7.42%;7.94%;8.46%;9.64%;11.40%;16.33%;20.75%;20.75%
26/10/2021;0.76%;1.10%;1.36%;2.02%;2.68%;3.31%;3.95%;4.44%;5.05%;5.55%;6.04%;6.47%;6.97%;7.44%;7.88%;8.38%;9.54%;11.27%;16.14%;20.49%;20.49%
27/10/2021;0.77%;1.15%;1.37%;2.03%;2.69%;3.29%;3.94%;4.42%;5.03%;5.49%;5.95%;6.34%;6.83%;7.18%;7.70%;8.17%;9.33%;11.00%;15.71%;19.88%;19.88%
28/10/2021;0.77%;1.12%;1.39%;2.01%;2.74%;3.36%;4.02%;4.48%;5.05%;5.51%;6.00%;6.33%;6.87%;7.25%;7.66%;8.19%;9.23%;10.90%;15.56%;19.68%;19.68%
29/10/2021;0.77%;1.15%;1.43%;2.08%;2.78%;3.37%;4.06%;4.55%;5.08%;5.51%;5.90%;6.34%;6.78%;7.17%;7.64%;8.09%;9.26%;10.93%;15.59%;19.73%;19.73%
01/11/2021;0.77%;1.15%;1.43%;2.08%;2.78%;3.37%;4.06%;4.55%;5.08%;5.51%;5.90%;6.34%;6.78%;7.17%;7.64%;8.09%;9.26%;10.93%;15.59%;19.73%;19.73%
02/11/2021;1.25%;1.27%;1.60%;2.22%;2.87%;3.46%;4.16%;4.56%;5.11%;5.52%;5.85%;6.34%;6.69%;7.09%;7.57%;7.97%;9.07%;10.65%;15.15%;19.13%;19.13%
03/11/2021;1.25%;1.27%;1.65%;2.36%;3.06%;3.67%;4.38%;4.78%;5.30%;5.69%;6.13%;6.51%;6.90%;7.39%;7.71%;8.19%;9.19%;10.61%;15.13%;19.15%;19.15%
04/11/2021;1.26%;1.26%;1.68%;2.46%;3.15%;3.79%;4.48%;4.97%;5.49%;5.89%;6.23%;6.65%;7.05%;7.46%;7.91%;8.31%;9.42%;10.97%;15.70%;19.93%;19.93%
05/11/2021;1.25%;1.28%;1.68%;2.45%;3.17%;3.78%;4.45%;4.90%;5.47%;5.85%;6.16%;6.62%;7.00%;7.39%;7.81%;8.22%;9.26%;10.82%;15.46%;19.59%;19.59%
08/11/2021;1.25%;1.28%;1.60%;2.34%;3.02%;3.64%;4.32%;4.71%;5.28%;5.73%;6.05%;6.47%;6.85%;7.26%;7.71%;8.08%;9.16%;10.68%;15.24%;19.27%;19.27%
09/11/2021;1.25%;1.32%;1.63%;2.22%;2.89%;3.47%;4.18%;4.53%;5.11%;5.51%;5.82%;6.24%;6.63%;7.01%;7.42%;7.79%;8.80%;10.27%;14.58%;18.34%;18.34%
10/11/2021;1.26%;1.28%;1.66%;2.23%;2.85%;3.46%;4.12%;4.55%;5.13%;5.53%;5.89%;6.28%;6.67%;7.06%;7.48%;7.83%;8.90%;10.40%;14.77%;18.61%;18.61%
11/11/2021;1.27%;1.28%;1.65%;2.22%;2.85%;3.44%;4.13%;4.55%;5.10%;5.51%;5.89%;6.26%;6.65%;7.03%;7.45%;7.84%;8.80%;10.25%;14.54%;18.29%;18.29%
12/11/2021;1.26%;1.28%;1.67%;2.22%;2.84%;3.42%;4.12%;4.60%;5.15%;5.61%;6.01%;6.38%;6.78%;7.20%;7.67%;8.06%;9.04%;10.74%;15.30%;19.34%;19.34%
15/11/2021;1.26%;1.28%;1.67%;2.22%;2.84%;3.42%;4.12%;4.60%;5.15%;5.61%;6.01%;6.38%;6.78%;7.20%;7.67%;8.06%;9.04%;10.74%;15.30%;19.34%;19.34%
16/11/2021;1.27%;1.30%;1.74%;2.24%;2.92%;3.56%;4.26%;4.75%;5.30%;5.77%;6.22%;6.61%;7.03%;7.51%;7.95%;8.45%;9.33%;11.13%;15.93%;20.23%;20.23%
17/11/2021;1.26%;1.31%;1.74%;2.29%;2.93%;3.57%;4.32%;4.80%;5.34%;5.85%;6.27%;6.67%;7.05%;7.46%;7.89%;8.43%;9.34%;10.91%;15.60%;19.79%;19.79%
18/11/2021;1.27%;1.32%;1.74%;2.30%;2.96%;3.60%;4.36%;4.85%;5.41%;5.94%;6.38%;6.81%;7.22%;7.42%;7.85%;8.39%;9.29%;10.87%;15.55%;19.74%;19.74%
19/11/2021;1.27%;1.32%;1.74%;2.28%;2.95%;3.61%;4.36%;4.83%;5.45%;5.95%;6.38%;6.76%;7.22%;7.64%;8.08%;8.51%;9.57%;11.20%;16.07%;20.45%;20.45%
22/11/2021;1.27%;1.32%;1.76%;2.28%;2.94%;3.59%;4.39%;4.87%;5.51%;6.02%;6.42%;6.85%;7.32%;7.75%;8.20%;8.65%;9.73%;11.40%;16.39%;20.91%;20.91%
23/11/2021;1.25%;1.32%;1.80%;2.32%;2.99%;3.64%;4.45%;4.95%;5.55%;6.02%;6.38%;6.76%;7.17%;7.67%;8.20%;8.76%;9.74%;11.41%;16.40%;20.93%;20.93%
24/11/2021;1.27%;1.35%;1.83%;2.33%;2.99%;3.60%;4.46%;5.01%;5.64%;6.11%;6.56%;6.97%;7.39%;7.85%;8.35%;8.88%;9.96%;11.67%;16.84%;21.55%;21.55%
25/11/2021;1.27%;1.34%;1.81%;2.34%;2.99%;3.59%;4.46%;5.00%;5.63%;6.11%;6.56%;6.98%;7.38%;7.84%;8.35%;8.86%;9.95%;11.67%;16.83%;21.54%;21.54%
26/11/2021;1.28%;1.41%;1.79%;2.28%;2.86%;3.40%;4.25%;4.78%;5.42%;5.92%;6.42%;6.79%;7.22%;7.66%;8.18%;8.66%;9.77%;11.39%;16.36%;20.87%;20.87%
29/11/2021;1.28%;1.46%;1.82%;2.32%;2.96%;3.47%;4.37%;4.90%;5.56%;6.07%;6.53%;6.94%;7.36%;7.82%;8.35%;8.81%;9.95%;11.62%;16.74%;21.41%;21.41%
30/11/2021;1.27%;1.50%;1.81%;2.28%;2.86%;3.41%;4.28%;4.80%;5.47%;5.96%;6.40%;6.81%;7.22%;7.60%;8.08%;8.56%;9.62%;11.21%;16.09%;20.48%;20.48%
01/12/2021;1.27%;1.50%;1.83%;2.31%;2.86%;3.37%;4.22%;4.71%;5.34%;5.83%;6.25%;6.64%;7.02%;7.43%;7.88%;8.32%;9.36%;10.89%;15.57%;19.75%;19.75%
02/12/2021;1.27%;1.50%;1.87%;2.35%;2.85%;3.38%;4.20%;4.66%;5.24%;5.70%;6.10%;6.66%;7.04%;7.45%;7.89%;8.34%;9.38%;10.91%;15.59%;19.77%;19.77%
03/12/2021;1.27%;1.52%;1.92%;2.41%;2.94%;3.41%;4.23%;4.72%;5.29%;5.75%;6.15%;6.55%;6.96%;7.37%;7.84%;8.32%;9.32%;11.00%;15.73%;19.95%;19.95%
06/12/2021;1.27%;1.61%;1.99%;2.55%;3.03%;3.56%;4.32%;4.80%;5.39%;5.83%;6.24%;6.60%;7.03%;7.42%;7.89%;8.38%;9.41%;11.16%;15.98%;20.30%;20.30%
07/12/2021;1.27%;1.58%;2.02%;2.55%;3.07%;3.54%;4.27%;4.72%;5.31%;5.76%;6.15%;6.54%;6.95%;7.38%;7.82%;8.33%;9.36%;10.88%;15.54%;19.71%;19.71%
08/12/2021;1.27%;1.58%;2.02%;2.55%;3.07%;3.54%;4.27%;4.72%;5.31%;5.76%;6.15%;6.54%;6.95%;7.38%;7.82%;8.33%;9.36%;10.88%;15.54%;19.71%;19.71%
09/12/2021;1.27%;1.62%;2.03%;2.55%;3.06%;3.56%;4.27%;4.67%;5.24%;5.70%;6.03%;6.52%;6.85%;7.21%;7.71%;8.12%;9.22%;10.72%;15.28%;19.33%;19.33%
10/12/2021;1.27%;1.64%;2.02%;2.60%;3.10%;3.57%;4.20%;4.65%;5.20%;5.64%;5.99%;6.39%;6.73%;7.15%;7.60%;8.06%;9.07%;10.53%;15.00%;18.93%;18.93%
13/12/2021;1.27%;1.71%;2.07%;2.69%;3.23%;3.70%;4.30%;4.75%;5.30%;5.73%;6.05%;6.50%;6.89%;7.31%;7.77%;8.18%;9.30%;10.80%;15.42%;19.53%;19.53%
14/12/2021;1.26%;1.78%;2.09%;2.83%;3.44%;3.87%;4.48%;5.02%;5.54%;5.89%;6.27%;6.63%;7.03%;7.46%;7.91%;8.35%;9.45%;11.00%;15.74%;20.00%;20.00%
15/12/2021;1.26%;1.80%;2.13%;2.78%;3.43%;3.88%;4.48%;4.95%;5.47%;5.88%;6.23%;6.60%;6.98%;7.39%;7.83%;8.32%;9.40%;10.93%;15.64%;19.84%;19.84%
16/12/2021;1.26%;1.78%;2.20%;2.79%;3.43%;3.86%;4.42%;4.91%;5.42%;5.82%;6.14%;6.51%;6.88%;7.27%;7.70%;8.17%;9.45%;10.99%;15.72%;19.94%;19.94%
17/12/2021;1.25%;1.81%;2.18%;2.85%;3.49%;3.97%;4.57%;4.98%;5.48%;5.84%;6.16%;6.52%;6.87%;7.26%;7.67%;8.09%;9.12%;10.60%;15.12%;19.13%;19.13%
20/12/2021;1.72%;1.72%;2.11%;2.81%;3.44%;3.92%;4.51%;4.90%;5.43%;5.82%;6.13%;6.49%;6.86%;7.27%;7.65%;8.11%;9.11%;10.58%;15.09%;19.08%;19.08%
21/12/2021;1.71%;1.72%;2.13%;2.81%;3.44%;3.96%;4.52%;4.90%;5.36%;5.75%;6.10%;6.41%;6.78%;7.30%;7.60%;8.07%;9.07%;10.53%;15.01%;18.96%;18.96%
22/12/2021;1.71%;1.71%;2.13%;2.80%;3.43%;3.97%;4.56%;4.90%;5.34%;5.76%;6.11%;6.45%;6.80%;7.15%;7.56%;8.02%;9.02%;10.47%;14.91%;18.83%;18.83%
23/12/2021;1.71%;1.70%;2.13%;2.82%;3.43%;3.96%;4.54%;4.89%;5.33%;5.76%;6.10%;6.44%;6.79%;7.15%;7.56%;8.02%;9.02%;10.47%;14.91%;18.83%;18.83%
24/12/2021;1.72%;1.71%;2.13%;2.78%;3.44%;3.97%;4.53%;4.84%;5.31%;5.72%;6.06%;6.40%;6.73%;7.10%;7.50%;7.96%;8.95%;10.39%;14.78%;18.64%;18.64%
27/12/2021;1.72%;1.72%;2.16%;2.84%;3.46%;3.98%;4.57%;4.87%;5.33%;5.72%;6.06%;6.40%;6.73%;7.01%;7.51%;7.97%;8.86%;10.41%;14.81%;18.68%;18.68%
28/12/2021;1.71%;1.73%;2.17%;2.84%;3.46%;3.99%;4.57%;4.82%;5.32%;5.70%;5.98%;6.34%;6.66%;7.01%;7.43%;7.83%;8.83%;10.20%;14.49%;18.24%;18.24%
29/12/2021;1.71%;1.77%;2.21%;2.89%;3.52%;4.02%;4.55%;4.89%;5.32%;5.73%;6.08%;6.36%;6.69%;7.06%;7.48%;7.95%;8.89%;10.23%;14.54%;18.33%;18.33%
30/12/2021;1.71%;1.79%;2.26%;2.94%;3.54%;4.06%;4.59%;4.91%;5.33%;5.72%;6.06%;6.32%;6.70%;6.99%;7.43%;7.88%;8.78%;10.21%;14.50%;18.26%;18.26%
31/12/2021;1.71%;1.79%;2.26%;2.94%;3.54%;4.06%;4.59%;4.91%;5.33%;5.72%;6.06%;6.32%;6.70%;6.99%;7.43%;7.88%;8.78%;10.21%;14.50%;18.26%;18.26%
03/01/2022;1.71%;1.86%;2.30%;3.05%;3.67%;4.18%;4.69%;5.02%;5.44%;5.80%;6.18%;6.46%;6.87%;7.18%;7.63%;8.10%;9.04%;10.41%;14.84%;18.75%;18.75%
04/01/2022;1.70%;1.86%;2.35%;3.18%;3.85%;4.36%;4.87%;5.17%;5.62%;6.01%;6.40%;6.72%;7.06%;7.44%;7.88%;8.38%;9.38%;10.83%;15.51%;19.70%;19.70%
05/01/2022;1.71%;1.91%;2.36%;3.21%;3.91%;4.42%;4.97%;5.30%;5.71%;6.13%;6.51%;6.81%;7.17%;7.58%;8.02%;8.52%;9.57%;11.07%;15.89%;20.23%;20.23%
06/01/2022;1.71%;1.98%;2.41%;3.26%;3.96%;4.50%;5.12%;5.43%;5.90%;6.28%;6.68%;7.10%;7.50%;7.87%;8.31%;8.72%;10.02%;11.62%;16.78%;21.50%;21.50%
07/01/2022;1.72%;1.99%;2.40%;3.32%;4.01%;4.59%;5.19%;5.59%;6.13%;6.57%;7.00%;7.36%;7.71%;8.14%;8.60%;9.01%;10.11%;11.77%;17.04%;21.92%;21.92%
10/01/2022;1.72%;1.99%;2.40%;3.32%;4.01%;4.59%;5.19%;5.59%;6.13%;6.57%;7.00%;7.36%;7.71%;8.14%;8.60%;9.01%;10.11%;11.77%;17.04%;21.92%;21.92%
11/01/2022;1.72%;2.07%;2.46%;3.41%;4.08%;4.65%;5.22%;5.67%;6.24%;6.75%;7.14%;7.53%;7.90%;8.33%;8.72%;9.15%;10.37%;12.08%;17.55%;22.65%;22.65%
12/01/2022;1.72%;2.11%;2.49%;3.38%;4.12%;4.67%;5.27%;5.72%;6.22%;6.79%;7.19%;7.50%;7.95%;8.31%;8.73%;9.28%;10.45%;12.18%;17.72%;22.88%;22.88%
13/01/2022;1.72%;2.11%;2.54%;3.42%;4.14%;4.66%;5.26%;5.68%;6.25%;6.75%;7.21%;7.55%;8.01%;8.40%;8.85%;9.44%;10.40%;12.13%;17.65%;22.81%;22.81%
14/01/2022;1.72%;2.13%;2.55%;3.45%;4.14%;4.69%;5.30%;5.73%;6.31%;6.81%;7.26%;7.65%;8.11%;8.54%;9.01%;9.54%;10.80%;12.62%;18.44%;23.92%;23.92%
17/01/2022;1.73%;2.18%;2.61%;3.52%;4.20%;4.75%;5.35%;5.75%;6.35%;6.87%;7.29%;7.69%;8.14%;8.64%;9.08%;9.71%;10.92%;12.76%;18.68%;24.28%;24.28%
18/01/2022;1.77%;2.22%;2.62%;3.57%;4.23%;4.83%;5.49%;5.95%;6.52%;7.04%;7.53%;8.03%;8.56%;9.12%;9.65%;10.32%;11.64%;13.66%;20.19%;26.48%;26.48%
19/01/2022;1.74%;2.24%;2.62%;3.54%;4.23%;4.79%;5.44%;5.87%;6.47%;7.00%;7.46%;7.95%;8.51%;9.03%;9.64%;10.21%;11.62%;13.63%;20.11%;26.35%;26.35%
20/01/2022;1.75%;2.26%;2.69%;3.52%;4.17%;4.74%;5.39%;5.80%;6.36%;6.85%;7.37%;7.80%;8.32%;8.92%;9.43%;10.12%;11.38%;13.39%;19.71%;25.76%;25.76%
21/01/2022;1.74%;2.32%;2.68%;3.54%;4.11%;4.66%;5.30%;5.64%;6.20%;6.68%;7.17%;7.59%;8.09%;8.66%;9.14%;9.79%;11.11%;13.03%;19.10%;24.84%;24.84%
24/01/2022;1.73%;2.37%;2.75%;3.60%;4.16%;4.70%;5.36%;5.75%;6.31%;6.80%;7.26%;7.73%;8.22%;8.79%;9.32%;9.97%;11.24%;13.20%;19.39%;25.28%;25.28%
25/01/2022;1.73%;2.39%;2.76%;3.60%;4.09%;4.66%;5.30%;5.68%;6.28%;6.71%;7.16%;7.66%;8.21%;8.69%;9.29%;9.89%;11.08%;12.98%;19.02%;24.75%;24.75%
26/01/2022;1.73%;2.43%;2.76%;3.57%;4.10%;4.64%;5.32%;5.71%;6.22%;6.66%;7.14%;7.59%;8.10%;8.59%;9.16%;9.75%;11.01%;12.86%;18.82%;24.45%;24.45%
27/01/2022;1.73%;2.47%;2.83%;3.71%;4.24%;4.77%;5.46%;5.89%;6.39%;6.87%;7.28%;7.77%;8.28%;8.78%;9.28%;9.91%;11.09%;12.98%;19.04%;24.81%;24.81%
28/01/2022;1.73%;2.46%;2.80%;3.68%;4.24%;4.78%;5.47%;5.90%;6.34%;6.77%;7.25%;7.71%;8.19%;8.81%;9.31%;9.94%;11.11%;13.00%;19.08%;24.85%;24.85%
31/01/2022;2.68%;2.69%;3.04%;3.91%;4.45%;4.93%;5.54%;5.84%;6.33%;6.66%;7.08%;7.55%;8.04%;8.51%;8.95%;9.54%;10.65%;12.41%;18.11%;23.45%;23.45%
01/02/2022;2.68%;2.69%;3.11%;3.96%;4.50%;4.97%;5.53%;5.82%;6.19%;6.63%;6.97%;7.36%;7.80%;8.20%;8.68%;9.13%;10.81%;12.57%;18.32%;23.71%;23.71%
02/02/2022;2.68%;2.69%;3.14%;3.97%;4.51%;4.98%;5.56%;5.87%;6.28%;6.79%;7.18%;7.49%;7.83%;8.12%;8.71%;9.30%;10.74%;12.50%;18.23%;23.59%;23.59%
03/02/2022;2.69%;2.70%;3.20%;4.05%;4.60%;5.08%;5.62%;6.00%;6.45%;6.86%;7.23%;7.64%;8.04%;8.49%;9.01%;9.53%;10.82%;12.59%;18.39%;23.86%;23.86%
04/02/2022;2.69%;2.70%;3.28%;4.16%;4.70%;5.19%;5.70%;6.08%;6.52%;6.91%;7.30%;7.66%;8.10%;8.49%;8.94%;9.48%;10.69%;12.44%;18.17%;23.55%;23.55%
07/02/2022;2.69%;2.84%;3.61%;4.64%;5.19%;5.64%;6.00%;6.38%;6.79%;6.98%;7.54%;7.88%;8.31%;8.69%;9.17%;9.57%;10.94%;12.76%;18.70%;24.35%;24.35%
08/02/2022;2.68%;2.91%;3.87%;5.00%;5.49%;5.93%;6.26%;6.52%;6.86%;7.14%;7.62%;7.95%;8.34%;8.73%;9.11%;9.62%;10.79%;12.64%;18.53%;24.12%;24.12%
09/02/2022;2.68%;2.97%;4.06%;5.39%;5.88%;6.32%;6.64%;6.95%;7.30%;7.58%;8.07%;8.40%;8.79%;9.17%;9.54%;10.03%;10.47%;12.31%;18.08%;23.58%;23.58%
10/02/2022;2.68%;2.90%;4.12%;5.49%;6.01%;6.51%;6.74%;7.16%;7.34%;7.67%;8.04%;8.48%;8.94%;9.37%;9.81%;10.33%;11.66%;13.70%;20.33%;26.80%;26.80%
11/02/2022;2.68%;2.75%;3.79%;5.17%;6.03%;6.52%;6.82%;7.21%;7.53%;7.90%;8.35%;8.70%;9.17%;9.65%;10.17%;10.79%;12.14%;14.25%;21.30%;28.24%;28.24%
14/02/2022;2.68%;2.79%;3.78%;5.26%;6.12%;6.61%;7.09%;7.37%;7.68%;8.04%;8.45%;8.92%;9.39%;9.75%;10.40%;10.78%;12.39%;14.56%;21.83%;29.06%;29.06%
15/02/2022;2.68%;2.77%;3.81%;5.24%;6.10%;6.67%;7.12%;7.40%;7.63%;8.01%;8.41%;8.83%;9.30%;9.79%;10.29%;10.83%;12.37%;14.54%;21.78%;28.99%;28.99%
16/02/2022;2.68%;2.79%;3.72%;5.12%;5.95%;6.54%;6.99%;7.24%;7.45%;7.82%;8.19%;8.60%;9.06%;9.54%;10.03%;10.56%;12.58%;14.75%;22.08%;29.35%;29.35%
17/02/2022;2.67%;2.82%;3.84%;5.09%;6.00%;6.53%;6.91%;7.17%;7.43%;7.67%;8.04%;8.57%;9.05%;9.52%;10.02%;10.38%;11.94%;13.99%;20.82%;27.53%;27.53%
18/02/2022;2.67%;2.76%;3.72%;5.05%;5.95%;6.49%;6.89%;7.09%;7.39%;7.56%;7.95%;8.45%;8.92%;9.37%;9.85%;10.19%;11.81%;13.81%;20.52%;27.06%;27.06%
21/02/2022;2.68%;2.77%;3.74%;5.06%;5.97%;6.50%;6.89%;7.10%;7.31%;7.57%;7.95%;8.35%;8.82%;9.27%;9.75%;10.26%;11.61%;13.57%;20.12%;26.49%;26.49%
22/02/2022;2.68%;2.84%;3.85%;5.14%;6.06%;6.56%;6.95%;7.24%;7.44%;7.72%;8.11%;8.45%;8.95%;9.36%;9.85%;10.39%;11.78%;13.79%;20.50%;27.06%;27.06%
23/02/2022;2.68%;2.81%;3.85%;5.22%;6.12%;6.69%;7.07%;7.39%;7.61%;7.90%;8.31%;8.67%;9.20%;9.64%;10.16%;10.73%;11.59%;13.59%;20.21%;26.70%;26.70%
24/02/2022;2.69%;2.80%;3.90%;5.24%;6.13%;6.69%;7.07%;7.37%;7.64%;8.01%;8.44%;8.81%;9.28%;9.80%;10.35%;10.78%;12.41%;14.52%;21.76%;28.96%;28.96%
25/02/2022;2.68%;2.78%;3.88%;5.16%;6.00%;6.62%;7.08%;7.33%;7.57%;7.95%;8.31%;8.63%;9.16%;9.67%;10.22%;10.70%;12.18%;14.30%;21.37%;28.35%;28.35%
28/02/2022;2.67%;2.81%;3.93%;5.16%;5.98%;6.59%;7.07%;7.33%;7.66%;7.96%;8.50%;8.91%;9.40%;9.84%;10.33%;11.18%;12.16%;14.30%;21.41%;28.46%;28.46%
01/03/2022;2.67%;2.80%;3.90%;5.04%;5.84%;6.46%;6.99%;7.28%;7.59%;7.85%;8.34%;8.71%;9.21%;9.72%;10.34%;10.90%;12.08%;14.19%;21.19%;28.12%;28.12%
02/03/2022;2.67%;2.84%;4.02%;5.06%;5.88%;6.51%;6.96%;7.34%;7.65%;8.04%;8.39%;8.87%;9.29%;9.78%;10.36%;11.10%;12.24%;14.13%;21.13%;28.06%;28.06%
03/03/2022;2.67%;2.95%;4.13%;5.15%;5.89%;6.43%;6.91%;7.23%;7.53%;7.91%;8.25%;8.90%;9.32%;9.81%;10.39%;11.13%;12.26%;14.16%;21.16%;28.10%;28.10%
04/03/2022;2.67%;2.95%;4.20%;5.30%;5.97%;6.55%;6.97%;7.30%;7.63%;8.02%;8.32%;8.83%;9.29%;9.79%;10.34%;10.82%;12.10%;14.16%;21.16%;28.08%;28.08%
07/03/2022;2.67%;3.07%;4.47%;5.75%;6.43%;6.99%;7.28%;7.70%;7.98%;8.26%;8.66%;9.14%;9.63%;10.15%;10.79%;11.29%;12.55%;14.75%;22.20%;29.69%;29.69%
08/03/2022;2.68%;3.07%;4.55%;5.88%;6.53%;7.12%;7.45%;7.81%;8.03%;8.38%;8.81%;9.32%;9.83%;10.36%;10.91%;11.52%;12.82%;15.09%;22.80%;30.60%;30.60%
09/03/2022;2.68%;3.16%;4.55%;5.91%;6.58%;7.12%;7.49%;7.71%;8.05%;8.34%;8.75%;9.19%;9.69%;10.25%;10.74%;11.28%;12.55%;14.75%;22.21%;29.70%;29.70%
10/03/2022;2.66%;3.34%;4.67%;6.06%;6.72%;7.28%;7.63%;7.85%;8.15%;8.44%;8.78%;9.24%;9.74%;10.27%;10.87%;11.42%;12.71%;14.96%;22.58%;30.26%;30.26%
11/03/2022;2.64%;3.33%;4.65%;6.13%;6.77%;7.37%;7.68%;8.03%;8.31%;8.53%;8.96%;9.33%;9.78%;10.37%;10.96%;11.47%;12.91%;15.21%;23.03%;30.94%;30.94%
14/03/2022;2.61%;3.43%;4.72%;6.15%;6.86%;7.35%;7.72%;7.93%;8.27%;8.55%;8.91%;9.26%;9.74%;10.26%;10.80%;11.37%;12.66%;14.90%;22.50%;30.16%;30.16%
15/03/2022;2.53%;3.43%;4.69%;6.10%;6.76%;7.25%;7.61%;7.85%;8.11%;8.32%;8.57%;9.07%;9.54%;9.98%;10.46%;11.02%;12.25%;14.38%;21.57%;28.76%;28.76%
16/03/2022;2.62%;3.45%;4.72%;6.15%;6.84%;7.35%;7.72%;7.98%;8.26%;8.49%;8.63%;9.00%;9.45%;9.91%;10.40%;10.93%;12.09%;14.18%;21.26%;28.30%;28.30%
17/03/2022;2.67%;3.54%;4.74%;6.14%;6.90%;7.46%;7.83%;8.08%;8.23%;8.37%;8.48%;8.87%;9.18%;9.67%;10.05%;10.53%;11.73%;13.68%;20.41%;27.03%;27.03%
18/03/2022;2.67%;3.61%;4.74%;6.16%;6.94%;7.44%;7.81%;8.05%;8.15%;8.36%;8.56%;8.81%;9.14%;9.54%;9.95%;10.37%;11.51%;13.47%;20.05%;26.51%;26.51%
21/03/2022;2.67%;3.61%;4.74%;6.16%;6.94%;7.44%;7.81%;8.05%;8.15%;8.36%;8.56%;8.81%;9.14%;9.54%;9.95%;10.37%;11.51%;13.47%;20.05%;26.51%;26.51%
22/03/2022;2.67%;3.75%;4.93%;6.43%;7.22%;7.78%;8.10%;8.38%;8.56%;8.66%;8.92%;9.14%;9.45%;9.96%;10.20%;10.85%;11.82%;13.88%;20.78%;27.65%;27.65%
23/03/2022;2.67%;3.78%;4.91%;6.48%;7.29%;7.88%;8.26%;8.54%;8.75%;8.89%;9.08%;9.47%;9.81%;10.13%;10.69%;11.29%;12.33%;14.29%;21.53%;28.80%;28.80%
24/03/2022;2.68%;3.81%;4.93%;6.47%;7.26%;7.85%;8.39%;8.72%;8.96%;9.20%;9.37%;9.68%;10.07%;10.50%;11.05%;11.49%;12.88%;15.00%;22.74%;30.64%;30.64%
25/03/2022;2.68%;3.89%;4.92%;6.51%;7.34%;7.95%;8.45%;8.81%;9.08%;9.32%;9.55%;9.88%;10.34%;10.76%;11.30%;11.90%;13.19%;15.50%;23.65%;32.01%;32.01%
28/03/2022;2.67%;4.00%;4.95%;6.46%;7.23%;7.76%;8.26%;8.60%;8.93%;9.05%;9.26%;9.65%;10.03%;10.49%;11.01%;11.48%;12.70%;14.87%;22.53%;30.30%;30.30%
29/03/2022;2.64%;4.01%;4.92%;6.37%;7.06%;7.58%;8.04%;8.37%;8.62%;8.66%;8.76%;9.13%;9.47%;9.89%;10.37%;11.81%;13.02%;15.21%;23.01%;30.89%;30.89%
30/03/2022;2.66%;3.95%;4.87%;6.19%;6.83%;7.33%;7.79%;8.08%;8.36%;8.62%;8.89%;9.21%;9.58%;9.95%;10.34%;10.71%;11.94%;13.90%;20.81%;27.68%;27.68%
31/03/2022;2.68%;3.92%;4.96%;6.09%;6.71%;7.11%;7.54%;7.82%;8.07%;8.26%;8.54%;8.79%;9.00%;9.49%;9.86%;10.25%;11.33%;13.19%;19.58%;25.80%;25.80%
01/04/2022;3.61%;3.67%;4.49%;5.64%;6.22%;6.69%;7.04%;7.35%;7.68%;7.96%;8.38%;8.61%;9.06%;9.41%;9.89%;10.52%;11.45%;13.26%;19.67%;25.91%;25.91%
04/04/2022;3.61%;3.66%;4.49%;5.59%;6.13%;6.50%;6.88%;7.03%;7.28%;7.64%;7.96%;8.38%;8.78%;9.21%;9.66%;10.32%;11.15%;12.91%;19.06%;24.99%;24.99%
05/04/2022;3.61%;3.87%;4.60%;5.79%;6.37%;6.83%;7.13%;7.34%;7.49%;7.81%;8.12%;8.48%;8.89%;9.29%;9.83%;10.34%;11.28%;13.09%;19.36%;25.44%;25.44%
06/04/2022;3.61%;3.87%;4.62%;5.75%;6.34%;6.76%;7.13%;7.29%;7.49%;7.83%;8.12%;8.49%;8.76%;9.21%;9.63%;10.02%;11.05%;12.81%;18.90%;24.77%;24.77%
07/04/2022;3.59%;3.96%;4.59%;5.76%;6.36%;6.81%;7.24%;7.37%;7.65%;7.97%;8.20%;8.63%;9.02%;9.42%;9.84%;10.00%;11.30%;13.12%;19.42%;25.55%;25.55%
08/04/2022;3.59%;3.97%;4.64%;5.81%;6.45%;6.93%;7.40%;7.63%;7.89%;8.19%;8.59%;8.91%;9.43%;9.92%;10.43%;10.83%;11.87%;13.85%;20.69%;27.46%;27.46%
11/04/2022;3.59%;4.01%;4.68%;5.86%;6.51%;7.06%;7.49%;7.80%;8.04%;8.32%;8.67%;9.11%;9.47%;9.93%;10.49%;10.99%;12.13%;14.17%;21.24%;28.28%;28.28%
12/04/2022;3.59%;4.08%;4.73%;5.81%;6.42%;6.85%;7.34%;7.59%;7.87%;8.19%;8.57%;8.90%;9.29%;9.74%;10.12%;10.73%;11.84%;13.76%;20.52%;27.19%;27.19%
13/04/2022;3.60%;4.14%;4.73%;5.77%;6.34%;6.83%;7.30%;7.52%;7.88%;8.17%;8.45%;8.85%;9.21%;9.66%;10.10%;10.65%;11.70%;13.57%;20.22%;26.74%;26.74%
14/04/2022;3.60%;4.14%;4.73%;5.77%;6.34%;6.83%;7.30%;7.52%;7.88%;8.17%;8.45%;8.85%;9.21%;9.66%;10.10%;10.65%;11.70%;13.57%;20.22%;26.74%;26.74%
15/04/2022;3.60%;4.14%;4.73%;5.77%;6.34%;6.83%;7.30%;7.52%;7.88%;8.17%;8.45%;8.85%;9.21%;9.66%;10.10%;10.65%;11.70%;13.57%;20.22%;26.74%;26.74%
18/04/2022;3.61%;4.23%;4.80%;5.85%;6.45%;6.97%;7.43%;7.75%;8.09%;8.40%;8.77%;9.15%;9.56%;10.02%;10.53%;11.20%;12.21%;14.22%;21.33%;28.42%;28.42%
19/04/2022;3.61%;4.26%;4.85%;5.91%;6.53%;7.02%;7.47%;7.86%;8.25%;8.56%;8.90%;9.27%;9.71%;10.19%;10.71%;11.38%;12.44%;14.51%;21.84%;29.21%;29.21%
20/04/2022;3.62%;4.29%;4.83%;5.85%;6.54%;7.01%;7.49%;7.80%;8.23%;8.51%;8.92%;9.24%;9.60%;10.05%;10.57%;11.22%;12.27%;14.24%;21.38%;28.51%;28.51%
21/04/2022;3.62%;4.36%;4.83%;5.86%;6.57%;7.12%;7.57%;7.83%;8.33%;8.64%;8.93%;9.40%;9.78%;10.24%;10.75%;11.23%;12.47%;14.56%;21.92%;29.32%;29.32%
22/04/2022;3.62%;4.47%;4.90%;5.89%;6.90%;7.18%;7.64%;7.98%;8.43%;8.79%;9.12%;9.54%;9.94%;10.39%;10.99%;11.29%;12.60%;14.74%;22.26%;29.84%;29.84%
25/04/2022;3.61%;4.52%;4.91%;5.96%;6.65%;7.19%;7.62%;7.92%;8.41%;8.74%;9.11%;9.51%;9.92%;10.40%;10.86%;11.53%;12.71%;14.80%;22.36%;30.01%;30.01%
26/04/2022;3.60%;4.57%;4.93%;5.96%;6.72%;7.23%;7.69%;8.01%;8.43%;8.82%;9.26%;9.61%;10.04%;10.49%;11.00%;11.60%;12.85%;15.04%;22.78%;30.64%;30.64%
27/04/2022;3.61%;4.58%;4.97%;6.03%;6.73%;7.23%;7.73%;8.03%;8.55%;8.86%;9.36%;9.67%;10.13%;10.54%;11.15%;11.71%;12.98%;15.15%;22.98%;30.96%;30.96%
28/04/2022;3.62%;4.57%;5.00%;6.03%;6.74%;7.25%;7.76%;8.12%;8.62%;8.97%;9.48%;9.89%;10.33%;10.84%;11.34%;12.09%;13.36%;15.63%;23.82%;32.23%;32.23%
29/04/2022;3.62%;4.60%;5.07%;6.10%;6.82%;7.38%;7.89%;8.21%;8.70%;9.16%;9.60%;9.99%;10.49%;11.01%;11.53%;12.35%;13.55%;15.94%;24.40%;33.12%;33.12%
02/05/2022;4.55%;4.57%;5.10%;6.09%;6.87%;7.41%;7.90%;8.27%;8.82%;9.28%;9.86%;10.25%;10.81%;11.35%;11.94%;12.61%;14.04%;16.56%;25.49%;34.82%;34.82%
03/05/2022;4.56%;4.58%;5.09%;6.06%;6.79%;7.34%;7.90%;8.22%;8.78%;9.26%;9.81%;10.18%;10.81%;11.24%;11.87%;12.60%;13.90%;16.39%;25.19%;34.36%;34.36%
04/05/2022;4.55%;4.58%;5.09%;6.08%;6.81%;7.35%;7.91%;8.27%;8.77%;9.30%;9.79%;10.32%;10.83%;11.41%;12.05%;12.77%;14.23%;16.72%;25.78%;35.26%;35.26%
05/05/2022;4.55%;4.57%;5.11%;6.10%;6.79%;7.37%;7.88%;8.28%;8.87%;9.35%;9.94%;10.41%;10.99%;11.53%;12.17%;12.88%;14.33%;16.93%;26.16%;35.86%;35.86%
06/05/2022;4.53%;4.59%;5.26%;6.34%;7.08%;7.54%;8.13%;8.45%;8.98%;9.47%;10.10%;10.56%;11.11%;11.73%;12.37%;13.27%;14.57%;17.25%;26.76%;36.81%;36.81%
09/05/2022;4.53%;4.59%;5.35%;6.46%;7.17%;7.74%;8.21%;8.60%;9.10%;9.74%;10.14%;10.77%;11.23%;11.99%;12.65%;13.35%;14.99%;17.74%;27.66%;38.23%;38.23%
10/05/2022;4.50%;4.59%;5.32%;6.46%;7.18%;7.66%;8.22%;8.56%;9.12%;9.59%;10.12%;10.66%;11.25%;11.79%;12.53%;13.24%;14.72%;17.40%;27.04%;37.28%;37.28%
11/05/2022;4.52%;4.57%;5.33%;6.47%;7.25%;7.73%;8.27%;8.68%;9.11%;9.60%;10.23%;10.76%;11.37%;11.93%;12.59%;13.33%;14.98%;17.57%;27.36%;37.78%;37.78%
12/05/2022;4.52%;4.58%;5.31%;6.45%;7.22%;7.70%;8.24%;8.54%;9.04%;9.56%;10.03%;10.65%;11.27%;11.89%;12.57%;13.34%;14.94%;17.79%;27.70%;38.26%;38.26%
13/05/2022;4.54%;4.61%;5.35%;6.50%;7.22%;7.72%;8.29%;8.57%;9.10%;9.61%;10.19%;10.73%;11.34%;11.99%;12.72%;13.65%;15.21%;17.97%;28.08%;38.86%;38.86%
16/05/2022;4.54%;4.58%;5.40%;6.52%;7.23%;7.75%;8.26%;8.56%;9.07%;9.57%;10.13%;10.79%;11.40%;12.08%;12.78%;13.39%;15.23%;18.14%;28.36%;39.28%;39.28%
17/05/2022;4.55%;4.60%;5.45%;6.62%;7.35%;7.86%;8.38%;8.69%;9.20%;9.70%;10.27%;10.92%;11.53%;12.20%;12.88%;13.91%;15.03%;17.93%;28.04%;38.86%;38.86%
18/05/2022;4.55%;4.59%;5.48%;6.62%;7.35%;7.84%;8.36%;8.66%;9.15%;9.70%;10.28%;10.93%;11.51%;12.20%;13.03%;13.73%;15.55%;18.55%;29.10%;40.46%;40.46%
19/05/2022;4.55%;4.59%;5.46%;6.62%;7.30%;7.72%;8.21%;8.56%;9.05%;9.54%;10.04%;10.63%;11.25%;11.86%;12.57%;13.37%;15.03%;17.77%;27.67%;38.22%;38.22%
20/05/2022;4.55%;4.59%;5.51%;6.62%;7.23%;7.66%;8.16%;8.31%;8.80%;9.29%;9.74%;10.31%;10.89%;11.50%;12.15%;12.84%;14.35%;17.02%;26.30%;36.04%;36.04%
23/05/2022;4.55%;4.59%;5.58%;6.65%;7.26%;7.64%;8.05%;8.31%;8.71%;9.11%;9.55%;10.14%;10.59%;11.16%;11.83%;12.51%;13.78%;16.29%;25.01%;34.07%;34.07%
24/05/2022;4.55%;4.59%;5.61%;6.59%;7.25%;7.57%;8.04%;8.17%;8.56%;8.91%;9.36%;9.83%;10.39%;11.00%;11.64%;12.12%;13.66%;16.18%;24.76%;33.63%;33.63%
25/05/2022;4.55%;4.58%;5.68%;6.65%;7.21%;7.53%;7.93%;8.10%;8.48%;8.86%;9.30%;9.74%;10.32%;10.78%;11.52%;12.24%;13.51%;15.98%;24.41%;33.09%;33.09%
26/05/2022;4.55%;4.58%;5.73%;6.59%;7.20%;7.51%;7.90%;8.10%;8.46%;8.81%;9.27%;9.73%;10.22%;10.79%;11.37%;12.01%;13.39%;15.84%;24.15%;32.70%;32.70%
27/05/2022;4.56%;4.59%;5.75%;6.65%;7.26%;7.59%;7.99%;8.26%;8.61%;9.02%;9.40%;9.83%;10.34%;10.88%;11.45%;12.27%;13.61%;16.12%;24.66%;33.49%;33.49%
30/05/2022;4.56%;4.59%;5.75%;6.65%;7.26%;7.59%;7.99%;8.26%;8.61%;9.02%;9.40%;9.83%;10.34%;10.88%;11.45%;12.27%;13.61%;16.12%;24.66%;33.49%;33.49%
31/05/2022;4.55%;4.69%;5.77%;6.75%;7.28%;7.55%;7.83%;7.98%;8.35%;8.62%;8.87%;9.33%;9.80%;10.29%;10.88%;11.38%;12.72%;14.98%;22.63%;30.37%;30.37%
01/06/2022;4.57%;4.73%;5.88%;6.82%;7.38%;7.68%;7.95%;8.12%;8.45%;8.78%;9.11%;9.63%;10.08%;10.56%;11.07%;11.84%;13.00%;15.29%;23.20%;31.26%;31.26%
02/06/2022;4.57%;4.79%;5.92%;6.84%;7.39%;7.79%;7.94%;8.13%;8.46%;8.82%;9.09%;9.68%;10.05%;10.63%;11.17%;11.89%;13.18%;15.51%;23.58%;31.83%;31.83%
03/06/2022;4.57%;4.83%;5.91%;6.84%;7.40%;7.76%;7.97%;8.14%;8.47%;8.75%;9.09%;9.48%;9.90%;10.45%;10.99%;11.72%;12.94%;15.21%;23.06%;31.03%;31.03%
06/06/2022;4.58%;4.87%;5.98%;6.92%;7.48%;7.88%;8.19%;8.38%;8.71%;9.01%;9.51%;9.97%;10.44%;10.99%;11.60%;12.35%;13.68%;16.16%;24.76%;33.66%;33.66%
07/06/2022;4.59%;4.96%;6.04%;7.04%;7.69%;8.08%;8.41%;8.66%;9.00%;9.41%;9.82%;10.30%;10.86%;11.44%;11.99%;12.72%;14.45%;17.14%;26.52%;36.38%;36.38%
08/06/2022;4.58%;5.00%;6.07%;7.06%;7.73%;8.16%;8.49%;8.81%;9.15%;9.58%;9.99%;10.55%;10.99%;11.69%;12.29%;13.00%;14.62%;17.36%;26.95%;37.10%;37.10%
09/06/2022;4.58%;5.06%;6.10%;7.08%;7.76%;8.22%;8.66%;8.95%;9.34%;9.83%;10.19%;10.70%;11.15%;11.87%;12.57%;13.29%;14.86%;17.71%;27.60%;38.14%;38.14%
10/06/2022;4.58%;5.08%;6.07%;7.08%;7.76%;8.21%;8.63%;8.97%;9.43%;9.85%;10.26%;10.71%;11.32%;11.92%;12.62%;13.36%;15.13%;18.05%;28.22%;39.08%;39.08%
13/06/2022;4.59%;5.19%;6.16%;7.23%;7.91%;8.44%;8.96%;9.29%;9.77%;10.13%;10.65%;11.20%;11.76%;12.38%;12.99%;13.80%;15.58%;18.66%;29.39%;41.02%;41.02%
14/06/2022;4.58%;5.25%;6.22%;7.27%;8.00%;8.46%;8.99%;9.41%;9.76%;10.22%;10.66%;11.27%;11.84%;12.56%;13.08%;14.01%;15.67%;18.78%;29.63%;41.43%;41.43%
15/06/2022;4.55%;5.24%;6.21%;7.22%;7.90%;8.46%;8.86%;9.15%;9.56%;9.97%;10.27%;10.89%;11.49%;12.10%;12.72%;13.55%;15.18%;18.11%;28.36%;39.37%;39.37%
16/06/2022;4.56%;5.34%;6.25%;7.21%;7.90%;8.38%;8.76%;9.07%;9.41%;9.89%;10.25%;10.68%;11.21%;11.80%;12.37%;13.04%;14.74%;17.55%;27.34%;37.74%;37.74%
17/06/2022;4.57%;5.39%;6.20%;7.22%;7.85%;8.25%;8.67%;8.82%;9.22%;9.52%;9.81%;10.25%;10.79%;11.63%;12.00%;12.57%;14.26%;16.92%;26.16%;35.88%;35.88%
20/06/2022;4.57%;5.39%;6.20%;7.22%;7.85%;8.25%;8.67%;8.82%;9.22%;9.52%;9.81%;10.25%;10.79%;11.63%;12.00%;12.57%;14.26%;16.92%;26.16%;35.88%;35.88%
21/06/2022;4.56%;5.50%;6.40%;7.35%;8.05%;8.46%;8.89%;9.16%;9.55%;9.92%;10.27%;10.73%;11.28%;11.93%;12.74%;13.42%;15.11%;18.02%;28.18%;39.09%;39.09%
22/06/2022;4.56%;5.55%;6.49%;7.46%;8.03%;8.51%;8.89%;9.21%;9.56%;9.89%;10.32%;10.77%;11.24%;12.05%;12.75%;13.42%;15.28%;18.23%;28.56%;39.65%;39.65%
23/06/2022;4.56%;5.60%;6.56%;7.53%;8.12%;8.50%;8.88%;9.09%;9.45%;9.78%;10.05%;10.52%;11.10%;11.61%;12.25%;12.95%;14.79%;17.61%;27.38%;37.79%;37.79%
24/06/2022;4.57%;5.65%;6.57%;7.49%;8.09%;8.55%;8.96%;9.20%;9.50%;9.83%;10.16%;10.63%;11.15%;11.74%;12.54%;13.26%;14.93%;17.79%;27.74%;38.38%;38.38%
27/06/2022;4.57%;5.65%;6.57%;7.49%;8.09%;8.55%;8.96%;9.20%;9.50%;9.83%;10.16%;10.63%;11.15%;11.74%;12.54%;13.26%;14.93%;17.79%;27.74%;38.38%;38.38%
28/06/2022;4.57%;5.80%;6.70%;7.65%;8.25%;8.66%;8.96%;9.26%;9.59%;9.90%;10.23%;10.70%;11.25%;11.87%;12.50%;13.17%;14.98%;17.85%;27.86%;38.57%;38.57%
29/06/2022;4.57%;5.75%;6.62%;7.66%;8.27%;8.71%;9.06%;9.24%;9.57%;9.90%;10.25%;10.70%;11.25%;11.85%;12.48%;13.33%;14.92%;17.78%;27.74%;38.40%;38.40%
30/06/2022;4.55%;5.63%;6.55%;7.61%;8.24%;8.70%;9.00%;9.27%;9.57%;9.82%;10.21%;10.59%;11.14%;11.73%;12.44%;13.19%;14.75%;17.57%;27.37%;37.80%;37.80%
01/07/2022;5.93%;6.20%;6.90%;7.85%;8.39%;8.72%;8.97%;9.12%;9.42%;9.68%;9.95%;10.44%;10.97%;11.55%;12.15%;12.97%;14.48%;17.21%;26.71%;36.76%;36.76%
04/07/2022;5.93%;6.20%;6.90%;7.85%;8.39%;8.72%;8.97%;9.12%;9.42%;9.68%;9.95%;10.44%;10.97%;11.55%;12.15%;12.97%;14.48%;17.21%;26.71%;36.76%;36.76%
05/07/2022;5.94%;6.25%;7.02%;7.99%;8.46%;8.79%;8.94%;9.12%;9.37%;9.55%;9.81%;10.30%;10.73%;11.39%;11.94%;12.46%;14.21%;16.86%;26.04%;35.70%;35.70%
06/07/2022;5.94%;6.24%;7.00%;7.97%;8.49%;8.84%;9.08%;9.24%;9.50%;9.77%;10.12%;10.47%;10.91%;11.59%;12.30%;12.90%;14.51%;17.26%;26.80%;36.90%;36.90%
07/07/2022;5.95%;6.32%;7.08%;7.95%;8.54%;9.03%;9.21%;9.49%;9.82%;10.04%;10.50%;10.77%;11.34%;11.95%;12.71%;13.59%;15.00%;17.92%;28.04%;38.91%;38.91%
08/07/2022;5.94%;6.35%;7.13%;8.15%;8.72%;9.17%;9.39%;9.69%;10.01%;10.18%;10.60%;10.92%;11.54%;11.86%;12.63%;13.50%;14.92%;17.83%;27.91%;38.73%;38.73%
11/07/2022;5.94%;6.50%;7.23%;8.35%;9.01%;9.56%;9.77%;10.14%;10.52%;10.78%;11.30%;11.72%;12.46%;12.90%;13.83%;14.89%;14.06%;16.93%;26.54%;36.96%;36.96%
12/07/2022;5.94%;6.60%;7.35%;8.45%;9.11%;9.66%;9.87%;10.26%;10.64%;10.89%;11.40%;11.86%;12.65%;13.15%;14.14%;15.30%;13.88%;16.74%;26.24%;36.57%;36.57%
13/07/2022;5.94%;6.62%;7.29%;8.40%;9.13%;9.56%;9.83%;10.10%;10.36%;10.72%;11.21%;11.66%;12.28%;12.98%;13.73%;14.57%;16.55%;19.95%;31.88%;45.09%;45.09%
14/07/2022;5.94%;6.68%;7.48%;8.71%;9.56%;10.02%;10.35%;10.81%;11.12%;11.55%;12.09%;12.56%;13.20%;13.93%;14.67%;15.52%;15.57%;18.92%;30.25%;42.91%;42.91%
15/07/2022;5.93%;6.72%;7.49%;8.65%;9.43%;9.94%;10.28%;10.53%;10.90%;11.33%;11.71%;12.37%;13.09%;13.84%;14.67%;15.33%;17.80%;21.64%;35.17%;50.48%;50.48%
18/07/2022;5.92%;6.79%;7.49%;8.59%;9.34%;9.85%;10.19%;10.32%;10.69%;10.99%;11.52%;12.02%;12.68%;13.45%;14.10%;15.05%;17.33%;20.98%;33.85%;48.31%;48.31%
19/07/2022;5.92%;6.87%;7.54%;8.63%;9.39%;9.84%;10.17%;10.43%;10.80%;11.19%;11.62%;12.16%;12.74%;13.51%;14.30%;15.09%;17.25%;20.78%;33.52%;47.84%;47.84%
20/07/2022;5.92%;6.87%;7.54%;8.63%;9.39%;9.84%;10.17%;10.43%;10.80%;11.19%;11.62%;12.16%;12.74%;13.51%;14.30%;15.09%;17.25%;20.78%;33.52%;47.84%;47.84%
21/07/2022;5.93%;6.98%;7.59%;8.66%;9.35%;9.83%;10.23%;10.48%;10.85%;11.23%;11.73%;12.20%;12.88%;13.62%;14.42%;15.37%;17.28%;20.96%;33.88%;48.45%;48.45%
22/07/2022;5.94%;7.01%;7.63%;8.54%;9.21%;9.64%;10.03%;10.21%;10.49%;10.85%;11.18%;11.80%;12.49%;13.12%;13.81%;14.52%;16.59%;20.02%;32.04%;45.36%;45.36%
25/07/2022;5.92%;7.14%;7.69%;8.65%;9.30%;9.82%;10.07%;10.24%;10.60%;10.83%;11.24%;11.76%;12.45%;13.08%;13.77%;14.68%;16.50%;19.92%;31.86%;45.12%;45.12%
26/07/2022;5.93%;7.13%;7.71%;8.64%;9.31%;9.64%;10.03%;10.13%;10.50%;10.87%;11.23%;11.75%;12.23%;12.97%;13.61%;14.63%;16.34%;19.70%;31.44%;44.44%;44.44%
27/07/2022;5.91%;7.22%;7.65%;8.59%;9.26%;9.52%;9.88%;10.03%;10.33%;10.69%;11.04%;11.55%;12.13%;12.73%;13.39%;14.23%;16.02%;19.27%;30.61%;43.07%;43.07%
28/07/2022;5.90%;7.15%;7.57%;8.40%;8.93%;9.20%;9.50%;9.52%;9.87%;10.19%;10.54%;11.01%;11.55%;12.10%;12.69%;13.55%;15.08%;18.03%;28.26%;39.27%;39.27%
29/07/2022;5.88%;7.16%;7.58%;8.30%;8.79%;9.10%;9.24%;9.26%;9.54%;9.66%;9.97%;10.53%;11.00%;11.58%;12.19%;12.83%;14.43%;17.16%;26.63%;36.64%;36.64%
01/08/2022;7.30%;7.33%;7.68%;8.41%;8.79%;8.95%;9.07%;8.99%;9.17%;9.31%;9.51%;10.02%;10.49%;11.03%;11.62%;12.35%;13.75%;16.28%;25.00%;34.09%;34.09%
02/08/2022;7.31%;7.33%;7.73%;8.41%;8.85%;9.01%;9.04%;8.99%;9.26%;9.43%;9.76%;10.05%;10.53%;11.07%;11.67%;12.49%;13.76%;16.30%;25.05%;34.19%;34.19%
03/08/2022;7.31%;7.33%;7.75%;8.41%;8.79%;9.03%;9.18%;9.11%;9.23%;9.63%;9.88%;10.35%;10.80%;11.33%;11.92%;12.76%;14.15%;16.79%;25.94%;35.56%;35.56%
04/08/2022;7.31%;7.33%;7.72%;8.45%;8.77%;8.99%;9.08%;8.97%;9.14%;9.42%;9.64%;10.07%;10.48%;11.08%;11.54%;12.34%;13.65%;16.16%;24.80%;33.78%;33.78%
05/08/2022;7.31%;7.33%;7.90%;8.65%;8.99%;9.19%;9.26%;9.27%;9.42%;9.73%;9.91%;10.44%;10.87%;11.42%;12.02%;12.79%;14.28%;16.97%;26.28%;36.09%;36.09%
08/08/2022;7.31%;7.33%;7.83%;8.61%;9.04%;9.25%;9.28%;9.24%;9.42%;9.73%;10.01%;10.43%;10.86%;11.41%;12.01%;13.02%;14.24%;16.92%;26.20%;36.01%;36.01%
09/08/2022;7.31%;7.33%;7.90%;8.64%;9.07%;9.27%;9.34%;9.45%;9.58%;9.90%;10.20%;10.63%;11.11%;11.67%;12.29%;13.37%;14.60%;17.40%;27.08%;37.40%;37.40%
10/08/2022;7.31%;7.33%;7.83%;8.65%;8.99%;9.14%;9.18%;9.18%;9.32%;9.58%;9.87%;10.41%;10.79%;11.40%;12.00%;12.71%;14.30%;16.98%;26.27%;36.07%;36.07%
11/08/2022;7.30%;7.34%;7.86%;8.67%;9.02%;9.18%;9.22%;9.25%;9.37%;9.64%;9.87%;10.35%;10.85%;11.42%;12.05%;12.93%;14.30%;16.92%;26.20%;35.96%;35.96%
12/08/2022;7.30%;7.34%;7.84%;8.65%;8.99%;9.14%;9.23%;9.23%;9.39%;9.66%;9.86%;10.41%;10.92%;11.50%;12.10%;12.90%;14.41%;17.13%;26.55%;36.52%;36.52%
15/08/2022;7.30%;7.34%;7.84%;8.65%;8.99%;9.14%;9.23%;9.23%;9.39%;9.66%;9.86%;10.41%;10.92%;11.50%;12.10%;12.90%;14.41%;17.13%;26.55%;36.52%;36.52%
16/08/2022;7.31%;7.34%;7.90%;8.70%;9.02%;9.17%;9.23%;9.20%;9.36%;9.62%;9.89%;10.33%;10.83%;11.37%;11.96%;12.55%;14.18%;16.84%;26.03%;35.70%;35.70%
17/08/2022;7.31%;7.34%;7.94%;8.65%;9.07%;9.23%;9.34%;9.35%;9.47%;9.75%;10.15%;10.54%;10.97%;11.53%;12.14%;12.98%;14.39%;17.11%;26.55%;36.56%;36.56%
18/08/2022;7.31%;7.34%;8.02%;8.78%;9.18%;9.34%;9.40%;9.52%;9.75%;9.93%;10.29%;10.64%;11.12%;11.72%;12.46%;13.00%;14.55%;17.21%;26.75%;36.90%;36.90%
19/08/2022;7.31%;7.35%;8.07%;8.84%;9.31%;9.51%;9.68%;9.74%;9.95%;10.25%;10.61%;11.13%;11.67%;12.32%;12.97%;13.83%;15.38%;18.28%;28.76%;40.09%;40.09%
22/08/2022;7.32%;7.34%;8.26%;8.99%;9.56%;9.79%;9.95%;10.14%;10.38%;10.66%;11.01%;11.56%;12.14%;12.81%;13.61%;14.38%;16.30%;19.47%;31.00%;43.71%;43.71%
23/08/2022;7.31%;7.34%;8.17%;8.94%;9.41%;9.62%;9.78%;10.01%;10.15%;10.42%;10.86%;11.29%;11.89%;12.49%;13.22%;14.08%;15.78%;18.80%;29.72%;41.66%;41.66%
24/08/2022;7.31%;7.34%;8.19%;8.93%;9.44%;9.64%;9.85%;10.05%;10.30%;10.52%;10.85%;11.40%;11.99%;12.61%;13.33%;14.20%;15.93%;18.99%;30.09%;42.25%;42.25%
25/08/2022;7.31%;7.34%;8.20%;8.90%;9.43%;9.68%;9.82%;9.96%;10.21%;10.31%;10.74%;11.14%;11.69%;12.32%;13.00%;13.84%;15.49%;18.51%;29.16%;40.73%;40.73%
26/08/2022;7.31%;7.35%;8.22%;8.95%;9.49%;9.76%;9.93%;9.95%;10.20%;10.30%;10.73%;11.14%;11.69%;12.31%;13.00%;13.83%;15.49%;18.50%;29.15%;40.72%;40.72%
29/08/2022;7.31%;7.36%;8.26%;8.99%;9.56%;9.77%;9.95%;10.25%;10.40%;10.74%;10.99%;11.43%;12.04%;12.67%;13.35%;14.23%;15.97%;19.14%;30.36%;42.70%;42.70%
30/08/2022;7.30%;7.34%;8.36%;9.10%;9.63%;9.92%;10.08%;10.37%;10.62%;10.78%;11.04%;11.64%;12.27%;12.88%;13.62%;14.52%;16.27%;19.45%;31.00%;43.75%;43.75%
31/08/2022;7.30%;7.34%;8.35%;9.05%;9.56%;9.88%;10.10%;10.33%;10.58%;10.73%;11.07%;11.56%;12.13%;12.59%;13.44%;14.33%;15.99%;19.09%;30.32%;42.67%;42.67%
01/09/2022;7.31%;7.42%;8.36%;9.12%;9.61%;9.96%;10.16%;10.47%;10.69%;10.98%;11.22%;11.70%;12.31%;12.91%;13.69%;14.48%;16.28%;19.50%;31.08%;43.91%;43.91%
02/09/2022;7.30%;7.45%;8.31%;9.07%;9.52%;9.88%;10.11%;10.37%;10.64%;10.87%;11.10%;11.65%;12.25%;12.84%;13.62%;14.23%;16.20%;19.37%;30.85%;43.49%;43.49%
05/09/2022;7.31%;7.50%;8.37%;9.13%;9.57%;9.94%;10.15%;10.37%;10.64%;10.86%;11.10%;11.64%;12.24%;12.84%;13.61%;14.23%;16.19%;19.36%;30.83%;43.48%;41.22%
06/09/2022;7.31%;7.62%;8.68%;9.38%;9.89%;10.29%;10.49%;10.81%;11.12%;11.34%;11.63%;12.19%;12.85%;13.46%;14.26%;15.16%;17.15%;20.64%;33.32%;47.59%;44.89%
07/09/2022;7.30%;7.63%;8.60%;9.35%;9.79%;10.26%;10.43%;10.64%;10.84%;11.02%;11.37%;11.87%;12.50%;13.08%;13.81%;14.66%;16.61%;19.91%;31.89%;45.22%;42.79%
08/09/2022;7.30%;7.78%;8.76%;9.46%;10.00%;10.33%;10.49%;10.64%;10.93%;11.27%;11.43%;11.91%;12.54%;13.14%;14.00%;15.00%;16.64%;19.98%;32.04%;45.51%;43.10%
09/09/2022;7.30%;7.81%;8.68%;9.45%;9.97%;10.28%;10.52%;10.65%;10.87%;11.18%;11.38%;11.89%;12.52%;13.08%;13.69%;14.54%;16.66%;19.98%;32.01%;45.40%;42.94%
12/09/2022;7.30%;7.83%;8.86%;9.57%;10.07%;10.42%;10.50%;10.64%;10.93%;11.20%;11.50%;11.89%;12.42%;13.04%;13.77%;14.70%;16.55%;19.93%;31.94%;45.32%;42.88%
13/09/2022;7.28%;7.94%;9.02%;9.71%;10.20%;10.59%;10.66%;10.83%;11.14%;11.44%;11.76%;12.17%;12.73%;13.37%;14.14%;14.90%;16.81%;20.30%;32.68%;46.57%;44.05%
14/09/2022;7.29%;8.00%;8.89%;9.68%;10.23%;10.59%;10.69%;10.81%;11.13%;11.41%;11.58%;12.08%;12.60%;13.18%;13.98%;14.70%;16.74%;20.19%;32.44%;46.15%;43.65%
15/09/2022;7.31%;7.99%;8.89%;9.69%;10.24%;10.66%;10.71%;10.85%;11.21%;11.43%;11.74%;12.07%;12.57%;13.18%;13.86%;14.79%;16.65%;20.10%;32.27%;45.90%;43.46%
16/09/2022;7.31%;8.06%;8.88%;9.65%;10.17%;10.59%;10.71%;10.86%;11.14%;11.43%;11.71%;12.09%;12.58%;13.16%;13.81%;14.69%;16.59%;20.01%;32.12%;45.63%;43.22%
19/09/2022;7.31%;8.15%;8.97%;9.74%;10.23%;10.58%;10.74%;10.87%;11.12%;11.38%;11.65%;12.09%;12.59%;13.17%;13.81%;14.57%;16.61%;20.03%;32.15%;45.69%;43.25%
20/09/2022;7.32%;8.17%;8.98%;9.79%;10.28%;10.70%;10.82%;11.03%;11.18%;11.44%;11.79%;12.15%;12.69%;13.32%;13.84%;14.79%;16.63%;20.08%;32.27%;45.92%;43.51%
21/09/2022;7.32%;8.20%;9.02%;9.83%;10.38%;10.69%;10.82%;10.95%;11.09%;11.34%;11.62%;12.05%;12.52%;13.06%;13.73%;14.66%;16.48%;19.86%;31.84%;45.19%;42.84%
22/09/2022;7.33%;8.22%;9.03%;9.76%;10.22%;10.58%;10.80%;10.84%;11.15%;11.26%;11.57%;11.97%;12.44%;12.97%;13.64%;14.55%;16.36%;19.71%;31.53%;44.70%;42.40%
23/09/2022;7.34%;8.27%;9.01%;9.77%;10.32%;10.64%;10.85%;11.00%;11.17%;11.35%;11.75%;12.12%;12.59%;13.17%;13.83%;14.62%;16.62%;20.05%;32.20%;45.77%;43.35%
26/09/2022;7.32%;8.38%;9.16%;9.92%;10.54%;10.94%;11.07%;11.30%;11.43%;11.69%;12.14%;12.50%;12.90%;13.56%;14.30%;15.13%;17.11%;20.56%;33.24%;47.58%;45.03%
27/09/2022;7.31%;8.43%;9.13%;9.86%;10.39%;10.83%;11.01%;11.16%;11.37%;11.63%;12.00%;12.51%;12.99%;13.58%;14.26%;15.12%;17.26%;20.73%;33.55%;48.05%;45.39%
28/09/2022;7.31%;8.48%;9.18%;9.81%;10.37%;10.67%;10.89%;11.05%;11.36%;11.61%;11.98%;12.35%;12.87%;13.50%;13.98%;15.01%;17.11%;20.54%;33.16%;47.39%;44.81%
29/09/2022;7.31%;8.52%;9.26%;9.90%;10.30%;10.67%;10.94%;11.05%;11.31%;11.61%;12.04%;12.45%;12.91%;13.45%;14.22%;15.06%;17.07%;20.66%;33.37%;47.73%;45.10%
30/09/2022;8.20%;8.37%;9.02%;9.72%;10.13%;10.59%;10.85%;10.92%;11.20%;11.55%;12.05%;12.45%;12.90%;13.45%;14.21%;15.88%;18.00%;21.81%;35.55%;51.14%;47.87%
03/10/2022;8.21%;8.44%;8.99%;9.63%;9.94%;10.29%;10.60%;10.71%;10.97%;11.37%;11.73%;12.35%;12.88%;13.54%;14.24%;15.21%;17.17%;20.83%;33.67%;48.13%;45.34%
04/10/2022;8.23%;8.44%;8.99%;9.62%;9.89%;10.23%;10.55%;10.60%;10.83%;11.25%;11.64%;12.12%;12.69%;13.32%;13.97%;15.22%;16.86%;20.35%;32.74%;46.64%;44.06%
05/10/2022;8.23%;8.44%;9.09%;9.66%;10.05%;10.37%;10.56%;10.76%;11.07%;11.54%;12.05%;12.55%;12.99%;13.72%;14.51%;15.51%;17.32%;20.88%;33.81%;48.45%;45.72%
06/10/2022;8.23%;8.50%;9.11%;9.83%;10.13%;10.44%;10.74%;11.01%;11.27%;11.84%;12.32%;12.91%;13.34%;14.22%;15.28%;16.42%;17.76%;21.52%;35.12%;50.69%;47.77%
07/10/2022;8.23%;8.59%;9.12%;9.75%;10.13%;10.39%;10.71%;10.97%;11.39%;11.80%;12.38%;13.01%;13.65%;14.34%;15.09%;16.50%;18.36%;22.27%;36.55%;52.96%;49.60%
10/10/2022;8.23%;8.61%;9.13%;9.76%;10.14%;10.39%;10.71%;10.98%;11.39%;11.80%;12.38%;13.00%;13.65%;14.34%;15.08%;16.49%;18.35%;22.26%;36.53%;52.97%;49.59%
11/10/2022;8.23%;8.56%;9.13%;9.74%;10.09%;10.52%;10.81%;11.13%;11.59%;12.04%;12.64%;13.24%;13.95%;14.60%;15.55%;16.89%;18.82%;22.89%;37.82%;55.14%;51.47%
12/10/2022;8.23%;8.60%;9.14%;9.80%;10.22%;10.59%;11.00%;11.38%;11.73%;12.34%;12.96%;13.61%;14.33%;15.21%;16.26%;17.40%;19.89%;24.28%;40.59%;59.79%;55.30%
13/10/2022;8.25%;8.59%;9.14%;9.80%;10.28%;10.64%;11.05%;11.43%;11.85%;12.44%;13.22%;13.97%;14.69%;15.61%;16.71%;17.87%;20.48%;22.68%;34.45%;50.49%;48.72%
14/10/2022;8.24%;8.69%;9.28%;9.97%;10.42%;10.80%;11.20%;11.79%;12.24%;12.87%;13.70%;14.70%;15.55%;16.64%;17.87%;19.44%;22.39%;24.94%;38.54%;57.53%;54.91%
17/10/2022;8.24%;8.69%;9.28%;9.97%;10.42%;10.80%;11.20%;11.79%;12.24%;12.87%;13.70%;14.70%;15.55%;16.64%;17.87%;19.44%;22.39%;24.94%;38.54%;57.53%;54.91%
18/10/2022;8.24%;8.85%;9.45%;9.98%;10.41%;10.70%;11.08%;11.52%;12.08%;12.86%;13.73%;14.73%;15.61%;16.56%;17.67%;19.16%;22.06%;24.56%;37.86%;56.37%;53.92%
19/10/2022;8.24%;9.05%;9.67%;10.31%;10.69%;11.04%;11.48%;11.93%;12.71%;13.44%;14.25%;15.20%;15.97%;17.06%;18.34%;19.66%;22.72%;25.41%;39.51%;59.34%;56.63%
20/10/2022;8.24%;9.34%;10.00%;10.66%;11.10%;11.37%;11.76%;12.29%;13.15%;13.98%;14.75%;15.75%;16.59%;17.75%;19.06%;20.54%;23.82%;26.80%;42.13%;64.02%;60.71%
21/10/2022;8.23%;9.05%;9.84%;10.53%;11.00%;11.30%;11.84%;12.36%;13.17%;13.93%;14.72%;15.73%;16.57%;17.73%;19.04%;21.20%;24.60%;27.66%;43.69%;66.63%;62.77%
24/10/2022;8.24%;9.17%;9.91%;10.62%;11.02%;11.33%;11.83%;12.26%;13.20%;13.87%;14.87%;15.59%;16.42%;17.57%;18.86%;20.33%;23.57%;26.48%;41.58%;63.04%;59.88%
25/10/2022;8.23%;9.16%;9.79%;10.50%;10.81%;11.18%;11.48%;11.70%;12.46%;13.22%;13.84%;14.82%;15.74%;16.73%;17.91%;19.29%;22.21%;27.58%;42.96%;64.70%;60.32%
26/10/2022;8.25%;9.17%;9.76%;10.42%;10.67%;10.91%;11.13%;11.24%;11.74%;12.31%;12.94%;13.66%;14.45%;15.35%;16.41%;17.66%;20.19%;24.78%;37.76%;55.59%;52.53%
27/10/2022;8.24%;9.21%;9.81%;10.48%;10.76%;11.00%;11.23%;11.37%;11.74%;12.15%;13.05%;13.71%;14.42%;15.32%;16.38%;17.99%;20.57%;25.27%;38.60%;56.97%;53.65%
28/10/2022;8.22%;9.15%;9.75%;10.41%;10.73%;10.96%;11.27%;11.50%;11.86%;12.39%;12.84%;13.53%;14.32%;15.24%;16.31%;17.76%;20.20%;24.86%;37.89%;55.76%;52.66%
31/10/2022;9.09%;9.15%;9.66%;10.32%;10.71%;11.02%;11.35%;11.72%;12.12%;12.68%;13.10%;13.87%;14.83%;15.81%;16.92%;18.01%;20.57%;25.34%;38.84%;57.53%;54.27%
01/11/2022;9.10%;9.15%;9.69%;10.44%;10.79%;11.20%;11.50%;12.09%;12.56%;13.03%;13.65%;14.47%;15.43%;16.40%;17.67%;19.07%;21.72%;26.92%;41.77%;62.63%;58.62%
02/11/2022;9.08%;9.24%;9.79%;10.54%;10.89%;11.30%;11.60%;12.32%;12.81%;13.32%;13.97%;14.83%;15.81%;16.82%;18.15%;18.68%;21.34%;26.49%;41.12%;61.71%;58.09%
03/11/2022;9.08%;9.16%;9.78%;10.58%;11.03%;11.49%;11.94%;12.51%;13.04%;13.65%;14.37%;15.21%;16.18%;17.35%;18.68%;20.31%;23.22%;29.01%;45.72%;69.61%;64.45%
04/11/2022;9.08%;9.17%;9.91%;10.84%;11.23%;11.64%;12.13%;12.70%;13.26%;13.84%;14.55%;15.19%;16.17%;17.29%;18.50%;19.88%;23.02%;28.53%;44.91%;68.34%;63.55%
07/11/2022;9.08%;9.17%;9.91%;10.84%;11.23%;11.64%;12.13%;12.70%;13.26%;13.84%;14.55%;15.19%;16.17%;17.29%;18.50%;19.88%;23.02%;28.53%;44.91%;68.34%;63.55%
08/11/2022;9.06%;9.15%;9.81%;10.54%;11.09%;11.49%;11.94%;12.31%;12.90%;13.45%;13.98%;14.70%;15.60%;16.60%;17.77%;19.15%;22.06%;27.42%;42.72%;64.36%;60.13%
09/11/2022;9.07%;9.15%;9.66%;10.49%;10.97%;11.30%;11.65%;12.01%;12.57%;13.04%;13.37%;14.25%;15.12%;16.10%;17.17%;18.57%;21.27%;26.29%;40.59%;60.57%;56.89%
10/11/2022;9.06%;9.15%;9.67%;10.33%;10.65%;10.89%;11.40%;11.21%;11.73%;12.10%;12.45%;13.01%;13.78%;14.65%;15.58%;16.83%;19.11%;23.34%;35.18%;51.19%;48.72%
11/11/2022;9.05%;8.94%;9.44%;10.10%;10.42%;10.65%;11.16%;11.29%;11.67%;12.03%;12.27%;12.89%;13.67%;14.50%;15.45%;16.63%;18.93%;23.09%;34.71%;50.42%;48.01%
14/11/2022;9.05%;8.94%;9.44%;10.10%;10.42%;10.65%;11.16%;11.29%;11.67%;12.03%;12.27%;12.89%;13.67%;14.50%;15.45%;16.63%;18.93%;23.09%;34.71%;50.42%;48.01%
15/11/2022;9.08%;9.15%;9.73%;10.24%;10.55%;10.75%;10.90%;10.98%;11.31%;11.64%;11.96%;12.37%;13.11%;13.88%;14.76%;15.87%;18.00%;21.84%;32.50%;46.71%;44.70%
16/11/2022;9.10%;9.15%;9.79%;10.38%;10.60%;10.80%;11.00%;11.09%;11.30%;11.68%;11.84%;12.43%;13.05%;13.81%;14.69%;15.84%;17.86%;21.66%;32.19%;46.21%;44.28%
17/11/2022;9.11%;9.25%;9.94%;10.59%;10.86%;11.08%;11.31%;11.36%;11.55%;11.84%;12.23%;12.68%;13.42%;14.23%;15.15%;16.08%;18.53%;22.56%;33.76%;48.82%;46.61%
18/11/2022;9.08%;9.27%;9.92%;10.64%;10.92%;11.14%;11.31%;11.41%;11.63%;11.91%;12.24%;12.73%;13.45%;14.26%;15.21%;16.31%;18.49%;22.53%;33.75%;48.81%;46.64%
21/11/2022;9.10%;9.28%;9.94%;10.69%;10.94%;11.23%;11.38%;11.46%;11.77%;12.06%;12.46%;12.98%;13.75%;14.62%;15.58%;16.76%;19.27%;23.51%;35.47%;51.70%;49.14%
22/11/2022;9.09%;9.34%;9.92%;10.58%;10.86%;11.05%;11.20%;11.43%;11.71%;12.03%;12.44%;12.86%;13.57%;14.39%;15.25%;16.43%;18.70%;22.57%;33.87%;49.09%;46.93%
23/11/2022;9.09%;9.37%;9.95%;10.54%;10.84%;11.02%;11.19%;11.24%;11.53%;11.79%;12.09%;12.67%;13.38%;14.14%;14.94%;15.78%;18.33%;22.28%;33.27%;48.00%;45.87%
24/11/2022;9.09%;9.36%;9.94%;10.53%;10.84%;11.02%;11.19%;11.24%;11.53%;11.80%;12.09%;12.67%;13.38%;14.15%;14.95%;15.79%;18.33%;22.29%;33.28%;48.02%;45.89%
25/11/2022;9.06%;9.42%;9.93%;10.46%;10.79%;11.05%;11.25%;11.26%;11.52%;11.82%;12.19%;12.65%;13.37%;14.20%;15.04%;16.21%;18.17%;22.10%;33.00%;47.62%;45.60%
28/11/2022;9.07%;9.43%;10.01%;10.42%;10.72%;10.95%;11.13%;11.26%;11.51%;11.82%;12.23%;12.65%;13.36%;14.19%;14.92%;16.06%;18.20%;22.13%;33.04%;47.67%;45.62%
29/11/2022;9.07%;9.49%;10.03%;10.49%;10.79%;10.97%;11.12%;11.15%;11.39%;11.68%;12.02%;12.47%;13.27%;14.03%;14.67%;15.86%;17.95%;21.80%;32.45%;46.67%;44.71%
30/11/2022;9.05%;9.51%;10.02%;10.46%;10.73%;10.97%;11.15%;11.13%;11.37%;11.65%;11.98%;12.44%;13.20%;13.98%;14.62%;15.73%;17.80%;21.59%;32.09%;46.08%;44.20%
01/12/2022;9.09%;9.53%;9.95%;10.36%;10.56%;10.70%;10.77%;10.67%;10.75%;11.06%;11.43%;11.82%;12.52%;13.23%;13.80%;16.37%;18.44%;22.29%;33.05%;47.39%;45.02%
02/12/2022;9.09%;9.56%;10.03%;10.34%;10.44%;10.52%;10.54%;10.39%;10.57%;10.76%;10.86%;11.28%;11.88%;12.54%;13.16%;14.13%;15.85%;19.00%;27.57%;38.60%;37.28%
05/12/2022;9.10%;9.71%;10.06%;10.42%;10.60%;10.60%;10.60%;10.54%;10.65%;10.85%;10.96%;11.30%;11.81%;12.47%;12.99%;13.91%;15.61%;18.70%;27.10%;37.89%;36.65%
06/12/2022;9.09%;9.75%;10.11%;10.49%;10.62%;10.60%;10.57%;10.54%;10.55%;10.72%;10.92%;11.27%;11.80%;12.46%;13.18%;14.22%;15.89%;19.03%;27.62%;38.71%;37.37%
07/12/2022;9.08%;9.75%;10.13%;10.50%;10.72%;10.74%;10.75%;10.66%;10.70%;10.91%;11.13%;11.45%;12.00%;12.64%;13.23%;14.31%;15.92%;19.11%;27.78%;39.00%;37.69%
08/12/2022;9.08%;9.75%;10.13%;10.50%;10.72%;10.74%;10.75%;10.66%;10.70%;10.91%;11.13%;11.45%;12.00%;12.64%;13.23%;14.31%;15.92%;19.11%;27.78%;39.00%;37.69%
09/12/2022;9.10%;9.74%;10.15%;10.74%;10.94%;10.99%;10.95%;11.05%;11.09%;11.39%;11.64%;12.01%;12.61%;13.31%;13.97%;15.06%;16.83%;20.33%;29.92%;42.49%;40.95%
12/12/2022;9.10%;9.79%;10.22%;10.65%;10.96%;11.05%;11.07%;11.14%;11.22%;11.64%;12.06%;12.41%;13.02%;13.84%;14.63%;15.71%;17.68%;21.44%;31.85%;45.69%;43.84%
13/12/2022;9.10%;9.82%;10.31%;10.64%;10.82%;10.92%;10.90%;10.88%;10.96%;11.38%;11.78%;12.05%;12.66%;13.36%;14.28%;15.29%;17.18%;20.59%;30.37%;43.24%;41.63%
14/12/2022;9.09%;9.83%;10.23%;10.59%;10.79%;10.92%;10.93%;10.93%;10.96%;11.40%;11.74%;12.08%;12.73%;13.40%;14.28%;15.00%;16.85%;20.19%;29.71%;42.20%;40.73%
15/12/2022;9.09%;9.85%;10.14%;10.53%;10.64%;10.70%;10.64%;10.69%;10.79%;11.10%;11.44%;11.80%;12.28%;13.05%;13.74%;14.75%;16.60%;19.99%;29.27%;41.40%;39.88%
16/12/2022;9.09%;9.85%;10.18%;10.49%;10.55%;10.59%;10.58%;10.55%;10.69%;11.00%;11.32%;11.74%;12.31%;13.00%;13.73%;14.72%;16.57%;19.94%;29.18%;41.22%;39.71%
19/12/2022;9.97%;10.04%;10.35%;10.69%;10.79%;10.88%;10.77%;10.64%;10.73%;10.98%;11.31%;11.74%;12.26%;12.96%;13.68%;14.47%;16.54%;19.89%;29.11%;41.12%;39.60%
20/12/2022;9.96%;10.03%;10.40%;10.70%;10.88%;10.88%;10.75%;10.68%;10.67%;10.88%;11.16%;11.55%;12.08%;12.75%;13.42%;14.39%;16.18%;19.43%;28.32%;39.87%;38.47%
21/12/2022;9.97%;10.03%;10.43%;10.76%;10.96%;10.97%;10.79%;10.68%;10.65%;10.86%;11.07%;11.50%;12.02%;12.68%;13.35%;14.21%;16.11%;19.32%;28.13%;39.54%;38.16%
22/12/2022;9.97%;10.04%;10.47%;10.82%;10.95%;10.95%;10.78%;10.65%;10.55%;10.81%;11.00%;11.39%;11.88%;12.54%;13.22%;14.10%;15.82%;18.97%;27.54%;38.60%;37.31%
23/12/2022;9.97%;10.04%;10.48%;10.78%;10.95%;10.90%;10.75%;10.51%;10.55%;10.76%;10.91%;11.30%;11.81%;12.43%;13.14%;13.91%;15.73%;18.84%;27.31%;38.21%;36.93%
26/12/2022;9.95%;10.03%;10.48%;10.78%;10.95%;10.90%;10.74%;10.51%;10.54%;10.75%;10.90%;11.29%;11.80%;12.43%;13.14%;13.90%;15.72%;18.83%;27.30%;38.20%;36.92%
27/12/2022;9.95%;10.03%;10.52%;10.80%;11.06%;11.05%;10.90%;10.79%;10.77%;10.96%;11.16%;11.54%;12.10%;12.81%;13.53%;14.42%;16.16%;19.35%;23.74%;33.24%;33.08%
28/12/2022;9.95%;10.08%;10.51%;10.87%;11.10%;11.10%;11.06%;10.95%;11.04%;11.26%;11.45%;11.86%;12.45%;13.18%;13.96%;14.85%;16.47%;19.18%;23.65%;33.21%;33.20%
29/12/2022;9.94%;10.14%;10.53%;10.87%;11.15%;11.19%;11.09%;11.08%;11.07%;11.26%;11.44%;11.85%;12.58%;13.21%;14.00%;14.97%;16.41%;19.87%;24.52%;34.52%;34.38%
30/12/2022;9.94%;10.14%;10.53%;10.87%;11.15%;11.19%;11.09%;11.08%;11.07%;11.26%;11.44%;11.85%;12.58%;13.21%;14.00%;14.97%;16.41%;19.87%;24.52%;34.52%;34.38%
02/01/2023;9.92%;10.18%;10.54%;10.90%;11.17%;11.20%;11.10%;11.17%;11.17%;11.40%;11.69%;12.05%;12.82%;13.52%;14.22%;15.19%;16.68%;20.24%;25.05%;35.42%;35.28%
03/01/2023;9.89%;10.16%;10.68%;11.01%;11.25%;11.25%;11.20%;11.20%;11.23%;11.39%;11.65%;12.01%;12.64%;13.41%;14.22%;15.20%;16.76%;19.94%;24.68%;34.86%;34.78%
04/01/2023;9.90%;10.18%;10.69%;11.20%;11.47%;11.45%;11.34%;11.46%;11.49%;11.68%;11.95%;12.41%;13.08%;13.77%;14.53%;15.31%;17.36%;20.55%;26.12%;37.14%;36.93%
05/01/2023;9.91%;10.27%;10.84%;11.39%;11.70%;11.78%;11.69%;11.79%;11.75%;12.10%;12.36%;12.78%;13.41%;14.10%;14.98%;16.00%;18.00%;21.42%;27.41%;39.26%;39.02%
06/01/2023;9.91%;10.33%;10.81%;11.28%;11.46%;11.63%;11.65%;11.63%;11.51%;11.80%;12.03%;12.51%;13.02%;13.83%;14.70%;15.69%;17.54%;20.97%;26.70%;38.07%;37.81%
09/01/2023;9.91%;10.33%;10.81%;11.28%;11.46%;11.63%;11.65%;11.63%;11.51%;11.80%;12.03%;12.51%;13.02%;13.83%;14.70%;15.69%;17.54%;20.97%;26.70%;38.07%;37.81%
10/01/2023;9.92%;10.31%;10.78%;11.26%;11.52%;11.68%;11.67%;11.66%;11.58%;11.76%;11.98%;12.31%;12.93%;13.58%;14.35%;15.24%;17.00%;20.29%;25.76%;36.56%;36.39%
11/01/2023;9.93%;10.30%;10.71%;11.09%;11.31%;11.54%;11.52%;11.35%;11.35%;11.16%;11.49%;11.84%;12.40%;12.91%;13.61%;14.46%;16.05%;19.03%;23.94%;33.59%;33.46%
12/01/2023;9.90%;10.34%;10.68%;11.08%;11.30%;11.42%;11.33%;11.05%;10.84%;10.97%;10.85%;11.26%;11.72%;12.27%;12.87%;13.65%;15.08%;17.78%;22.14%;30.68%;30.56%
13/01/2023;9.93%;10.38%;10.68%;11.10%;11.28%;11.44%;11.29%;10.99%;10.81%;10.76%;10.84%;11.09%;11.47%;12.06%;12.61%;13.56%;14.72%;17.32%;21.52%;29.69%;29.59%
16/01/2023;9.89%;10.40%;10.69%;11.10%;11.28%;11.44%;11.28%;10.98%;10.80%;10.75%;10.84%;11.08%;11.46%;12.06%;12.60%;13.56%;14.71%;17.31%;21.50%;29.69%;29.58%
17/01/2023;9.90%;10.47%;10.79%;11.10%;11.43%;11.47%;11.38%;11.12%;10.82%;10.92%;11.08%;11.31%;11.77%;12.45%;13.01%;14.06%;15.36%;18.13%;22.64%;31.48%;31.35%
18/01/2023;9.92%;10.46%;10.80%;11.14%;11.42%;11.50%;11.39%;11.18%;10.83%;10.90%;11.15%;11.50%;12.09%;12.62%;13.33%;14.31%;15.78%;18.65%;23.36%;32.61%;32.46%
19/01/2023;9.92%;10.48%;10.80%;11.16%;11.50%;11.61%;11.45%;11.17%;10.82%;10.99%;11.21%;11.58%;12.12%;12.75%;13.41%;14.42%;15.76%;18.66%;23.37%;32.65%;32.51%
20/01/2023;9.92%;10.44%;10.82%;11.18%;11.50%;11.60%;11.48%;11.21%;10.92%;11.23%;11.56%;11.98%;12.46%;13.09%;14.03%;14.82%;16.48%;19.57%;24.67%;34.73%;34.54%
23/01/2023;9.94%;10.59%;10.85%;11.26%;11.48%;11.61%;11.51%;11.35%;11.05%;11.31%;11.71%;12.15%;12.74%;13.46%;14.30%;15.31%;16.84%;20.05%;25.37%;35.90%;35.70%
24/01/2023;9.95%;10.58%;10.88%;11.16%;11.40%;11.47%;11.38%;11.06%;10.87%;11.00%;11.21%;11.71%;12.28%;12.89%;13.65%;14.41%;16.27%;19.20%;26.18%;34.49%;40.68%
25/01/2023;9.96%;10.53%;10.84%;11.13%;11.40%;11.46%;11.38%;11.10%;10.80%;10.86%;11.12%;11.70%;12.25%;12.91%;13.63%;14.54%;16.17%;19.14%;24.09%;33.96%;39.97%
26/01/2023;9.98%;10.62%;10.87%;11.12%;11.35%;11.31%;11.20%;10.93%;10.69%;10.80%;10.86%;11.36%;11.90%;12.53%;13.29%;13.96%;15.79%;18.64%;23.29%;31.60%;42.84%
27/01/2023;9.98%;10.57%;10.83%;11.11%;11.30%;11.21%;11.10%;10.82%;10.61%;10.72%;10.95%;11.48%;12.03%;12.71%;13.49%;14.43%;16.01%;18.92%;23.69%;32.22%;43.79%
30/01/2023;10.65%;10.68%;10.95%;11.16%;11.25%;11.24%;11.00%;10.76%;10.55%;10.72%;11.01%;11.46%;12.05%;12.76%;13.46%;14.46%;15.90%;18.80%;23.52%;31.98%;43.44%
31/01/2023;10.62%;10.68%;10.95%;11.26%;11.34%;11.29%;10.91%;10.52%;10.40%;10.51%;10.77%;11.22%;11.79%;12.44%;13.16%;14.09%;15.49%;18.26%;22.75%;30.78%;41.61%
01/02/2023;10.64%;10.68%;10.94%;11.25%;11.19%;11.19%;10.75%;10.23%;10.06%;10.22%;10.43%;10.76%;11.25%;11.87%;12.54%;13.49%;14.93%;17.50%;21.65%;29.05%;38.95%
02/02/2023;10.65%;10.69%;10.93%;11.23%;11.16%;10.95%;10.53%;9.90%;9.58%;9.70%;9.90%;10.37%;10.75%;11.38%;11.80%;12.57%;13.91%;16.21%;19.84%;26.31%;34.85%
03/02/2023;10.64%;10.69%;10.96%;11.20%;11.24%;11.05%;10.46%;9.88%;9.54%;9.68%;9.86%;10.30%;10.74%;11.29%;11.80%;12.50%;13.95%;16.25%;19.89%;26.36%;34.91%
06/02/2023;10.65%;10.69%;10.95%;11.23%;11.26%;11.13%;10.56%;10.01%;9.64%;9.74%;9.99%;10.32%;10.76%;11.32%;11.83%;12.46%;14.06%;16.39%;20.08%;26.66%;35.36%
07/02/2023;10.65%;10.69%;10.94%;11.21%;11.20%;11.16%;10.58%;10.01%;9.61%;9.73%;10.01%;10.38%;10.83%;11.40%;11.94%;12.66%;14.09%;16.44%;20.15%;26.78%;35.54%
08/02/2023;10.67%;10.69%;10.93%;11.33%;11.32%;11.27%;10.76%;10.29%;9.89%;9.93%;10.19%;10.54%;11.01%;11.64%;12.05%;12.88%;14.16%;16.55%;20.35%;27.11%;36.07%
09/02/2023;10.67%;10.70%;10.97%;11.25%;11.33%;11.30%;10.81%;10.43%;10.01%;9.87%;10.12%;10.52%;10.95%;11.46%;11.99%;12.85%;14.20%;16.60%;20.40%;27.17%;36.14%
10/02/2023;10.67%;10.70%;11.01%;11.28%;11.50%;11.44%;11.08%;10.70%;10.26%;10.25%;10.44%;10.72%;11.17%;11.77%;12.27%;13.10%;14.54%;17.04%;21.05%;28.16%;37.65%
13/02/2023;10.67%;10.68%;10.97%;11.31%;11.48%;11.41%;11.09%;10.72%;10.29%;10.31%;10.56%;10.78%;11.34%;11.76%;12.61%;13.19%;14.77%;17.33%;21.45%;28.78%;38.57%
14/02/2023;10.69%;10.69%;11.00%;11.26%;11.51%;11.46%;11.14%;10.89%;10.38%;10.36%;10.72%;11.06%;11.55%;12.07%;12.65%;13.62%;15.03%;17.67%;21.94%;29.32%;39.44%
15/02/2023;10.69%;10.70%;11.06%;11.45%;11.64%;11.62%;11.37%;11.11%;10.77%;10.82%;11.26%;11.48%;11.96%;12.49%;13.12%;14.27%;15.55%;18.37%;22.97%;30.93%;41.92%
16/02/2023;10.67%;10.72%;11.07%;11.43%;11.52%;11.53%;11.26%;10.98%;10.77%;10.83%;11.23%;11.52%;12.06%;12.65%;13.32%;14.33%;15.86%;18.76%;23.47%;31.66%;43.02%
17/02/2023;10.65%;10.70%;11.07%;11.41%;11.63%;11.62%;11.38%;11.24%;11.00%;11.16%;11.48%;11.97%;12.57%;13.30%;14.08%;14.87%;16.77%;19.36%;25.44%;34.87%;47.81%
20/02/2023;10.65%;10.69%;11.09%;11.47%;11.61%;11.59%;11.48%;11.45%;11.30%;11.48%;11.79%;12.33%;12.96%;13.76%;14.46%;15.48%;17.32%;20.66%;27.32%;37.79%;52.26%
21/02/2023;10.67%;10.70%;11.06%;11.41%;11.72%;11.71%;11.58%;11.48%;11.37%;11.71%;12.08%;12.59%;13.20%;13.95%;14.70%;15.74%;17.71%;21.17%;28.10%;39.04%;54.22%
22/02/2023;10.68%;10.70%;11.07%;11.37%;11.55%;11.57%;11.37%;11.19%;11.03%;11.28%;11.76%;12.26%;12.91%;13.57%;14.31%;15.01%;17.12%;20.38%;26.87%;37.04%;51.08%
23/02/2023;10.67%;10.71%;11.10%;11.38%;11.54%;11.58%;11.28%;11.12%;10.90%;11.01%;11.40%;12.03%;12.65%;13.28%;13.97%;14.78%;16.74%;19.87%;26.09%;35.81%;49.15%
24/02/2023;10.63%;10.72%;11.16%;11.45%;11.67%;11.67%;11.51%;11.41%;11.18%;11.39%;11.83%;12.38%;13.06%;13.77%;14.55%;15.50%;17.37%;20.72%;27.40%;37.92%;52.45%
27/02/2023;10.60%;10.72%;11.14%;11.40%;11.65%;11.66%;11.47%;11.38%;11.17%;11.31%;11.82%;12.29%;12.94%;13.61%;14.38%;15.40%;17.13%;20.43%;25.90%;35.75%;49.30%
28/02/2023;10.50%;10.70%;11.13%;11.50%;11.74%;11.77%;11.63%;11.59%;11.46%;11.69%;12.06%;12.71%;13.41%;14.10%;14.67%;15.64%;18.03%;21.57%;27.97%;38.92%;54.14%
01/03/2023;10.47%;10.67%;11.15%;11.48%;11.77%;11.87%;11.72%;11.72%;11.55%;11.77%;12.24%;12.79%;13.49%;14.21%;14.86%;15.72%;17.97%;21.78%;28.04%;39.08%;54.42%
02/03/2023;10.45%;10.70%;11.14%;11.46%;11.69%;11.80%;11.72%;11.67%;11.65%;11.88%;12.20%;12.78%;13.46%;14.18%;14.89%;15.75%;17.94%;21.50%;27.08%;40.94%;56.90%
03/03/2023;10.48%;10.71%;11.13%;11.40%;11.55%;11.58%;11.60%;11.48%;11.32%;11.41%;11.67%;12.38%;13.01%;13.68%;14.31%;15.23%;17.19%;20.50%;26.00%;38.93%;53.65%
06/03/2023;10.52%;10.73%;11.09%;11.35%;11.46%;11.53%;11.40%;11.23%;10.99%;11.05%;11.30%;11.74%;12.32%;12.91%;13.50%;14.71%;16.03%;19.00%;23.88%;35.25%;48.04%
07/03/2023;10.62%;10.72%;11.13%;11.37%;11.41%;11.55%;11.40%;11.14%;11.00%;11.07%;11.22%;11.81%;12.26%;12.92%;13.60%;14.22%;16.18%;19.17%;24.08%;35.56%;48.46%
08/03/2023;10.52%;10.80%;11.14%;11.39%;11.55%;11.53%;11.34%;11.14%;10.85%;10.91%;11.19%;11.55%;12.04%;12.63%;13.30%;14.17%;15.87%;18.76%;23.49%;34.55%;46.92%
09/03/2023;10.43%;10.82%;11.17%;11.49%;11.69%;11.66%;11.47%;11.15%;10.87%;10.93%;11.21%;11.58%;12.07%;12.67%;13.35%;14.16%;15.84%;18.75%;23.48%;34.53%;46.89%
10/03/2023;10.39%;10.82%;11.16%;11.46%;11.55%;11.52%;11.27%;10.98%;10.75%;10.81%;11.19%;11.57%;12.01%;12.63%;13.52%;14.23%;15.91%;18.81%;23.56%;34.66%;47.05%
13/03/2023;10.37%;10.86%;11.09%;11.37%;11.46%;11.38%;10.97%;10.56%;10.36%;10.42%;10.80%;11.09%;11.70%;12.26%;12.92%;13.78%;15.47%;18.14%;22.57%;32.94%;44.44%
14/03/2023;10.42%;10.84%;11.07%;11.32%;11.43%;11.33%;11.12%;10.66%;10.45%;10.64%;10.86%;11.38%;11.92%;12.51%;13.21%;14.12%;15.90%;18.76%;23.43%;34.39%;46.63%
15/03/2023;10.45%;10.87%;10.98%;10.94%;10.94%;10.91%;10.57%;10.28%;10.11%;10.36%;10.65%;11.15%;11.66%;12.22%;12.89%;13.85%;15.57%;18.31%;22.76%;33.22%;44.80%
16/03/2023;10.55%;10.89%;11.09%;11.28%;11.11%;11.01%;10.57%;10.30%;10.27%;10.30%;10.70%;11.24%;11.84%;12.45%;13.16%;14.12%;15.73%;18.76%;22.99%;33.65%;45.48%
17/03/2023;10.56%;10.85%;11.03%;11.14%;11.00%;10.73%;10.31%;10.08%;9.98%;9.90%;10.17%;10.76%;11.42%;11.99%;12.65%;13.59%;15.10%;17.91%;21.79%;31.59%;42.37%
20/03/2023;10.56%;10.85%;11.03%;11.14%;11.00%;10.73%;10.31%;10.08%;9.98%;9.90%;10.17%;10.76%;11.42%;11.99%;12.65%;13.59%;15.10%;17.91%;21.79%;31.59%;42.37%
21/03/2023;10.56%;10.89%;11.02%;11.22%;11.11%;10.89%;10.37%;9.95%;9.76%;9.89%;10.22%;10.64%;11.24%;12.02%;12.67%;13.37%;14.85%;17.60%;21.38%;30.91%;41.38%
22/03/2023;10.56%;10.87%;10.96%;11.11%;11.05%;10.81%;10.28%;9.76%;9.51%;9.66%;9.85%;10.33%;10.89%;11.50%;12.08%;13.00%;14.45%;16.99%;20.52%;29.45%;39.18%
23/03/2023;10.52%;10.88%;11.07%;11.22%;11.08%;10.79%;10.20%;9.66%;9.35%;9.41%;9.60%;10.09%;10.58%;11.16%;11.71%;12.53%;13.97%;16.39%;20.43%;29.17%;38.60%
24/03/2023;10.55%;10.83%;11.03%;11.19%;11.03%;10.74%;10.16%;9.64%;9.33%;9.24%;9.53%;9.87%;10.39%;10.90%;11.44%;12.36%;13.60%;15.92%;19.78%;28.11%;37.05%
27/03/2023;10.57%;10.88%;11.06%;11.22%;11.09%;10.74%;10.16%;9.64%;9.39%;9.36%;9.64%;9.93%;10.46%;10.99%;11.53%;12.38%;13.74%;16.09%;20.02%;28.52%;37.66%
28/03/2023;10.58%;10.85%;11.11%;11.27%;11.15%;10.93%;10.26%;9.87%;9.51%;9.43%;9.64%;10.08%;10.58%;11.12%;11.70%;12.59%;13.96%;16.38%;20.43%;29.19%;38.65%
29/03/2023;10.63%;10.89%;11.13%;11.20%;11.13%;10.91%;10.26%;9.80%;9.40%;9.30%;9.63%;10.02%;10.51%;11.04%;11.55%;12.47%;13.82%;16.20%;20.17%;28.77%;38.02%
30/03/2023;10.63%;10.94%;11.11%;11.22%;11.13%;10.91%;10.26%;9.72%;9.28%;9.24%;9.49%;9.88%;10.36%;10.87%;11.47%;12.22%;13.62%;15.94%;19.79%;28.14%;37.10%
31/03/2023;10.82%;10.94%;11.11%;11.25%;11.15%;10.92%;10.22%;9.75%;9.25%;9.21%;9.49%;9.81%;10.19%;10.85%;11.42%;12.16%;13.49%;15.78%;19.59%;27.79%;36.59%
03/04/2023;10.82%;10.93%;11.11%;11.25%;11.14%;10.81%;10.28%;9.65%;9.22%;9.13%;9.38%;9.60%;10.06%;10.55%;11.06%;11.95%;13.08%;15.27%;18.89%;26.66%;34.95%
04/04/2023;10.85%;10.94%;11.10%;11.24%;11.14%;10.90%;10.20%;9.68%;9.12%;9.12%;9.29%;9.65%;10.03%;10.62%;11.12%;11.98%;13.24%;15.46%;19.11%;27.01%;35.42%
05/04/2023;10.86%;10.96%;11.13%;11.31%;11.23%;10.99%;10.29%;9.64%;9.26%;9.26%;9.51%;9.73%;10.20%;10.76%;11.19%;12.13%;13.29%;15.53%;18.01%;25.41%;33.30%
06/04/2023;10.86%;10.96%;11.13%;11.31%;11.23%;10.99%;10.29%;9.64%;9.26%;9.26%;9.51%;9.73%;10.20%;10.76%;11.19%;12.13%;13.29%;15.53%;18.01%;25.41%;33.30%
07/04/2023;10.86%;10.96%;11.13%;11.31%;11.23%;10.99%;10.29%;9.64%;9.26%;9.26%;9.51%;9.73%;10.20%;10.76%;11.19%;12.13%;13.29%;15.53%;18.01%;25.41%;33.30%
10/04/2023;10.85%;10.95%;11.14%;11.39%;11.38%;11.21%;10.52%;9.92%;9.56%;9.54%;9.73%;10.07%;10.50%;11.04%;11.60%;12.68%;13.84%;16.24%;20.26%;28.93%;38.30%
11/04/2023;10.83%;10.95%;11.10%;11.31%;11.32%;11.17%;10.50%;9.95%;9.67%;9.59%;9.85%;10.20%;10.64%;11.15%;11.71%;12.73%;13.98%;16.41%;20.51%;29.34%;38.91%
12/04/2023;10.84%;10.96%;11.10%;11.31%;11.27%;11.16%;10.51%;9.97%;9.55%;9.51%;9.83%;10.13%;10.59%;11.10%;11.66%;12.52%;13.93%;16.34%;20.39%;29.13%;38.58%
13/04/2023;10.82%;10.96%;11.10%;11.30%;11.23%;11.09%;10.40%;9.94%;9.61%;9.45%;9.69%;10.04%;10.46%;10.99%;11.51%;12.35%;13.73%;16.09%;20.03%;28.55%;37.71%
14/04/2023;10.85%;10.99%;11.13%;11.31%;11.30%;11.18%;10.55%;10.12%;9.57%;9.51%;9.75%;10.06%;10.43%;11.05%;11.57%;12.42%;13.77%;16.11%;20.14%;28.72%;37.95%
17/04/2023;10.86%;10.98%;11.12%;11.35%;11.36%;11.29%;10.68%;10.25%;9.78%;9.71%;10.02%;10.35%;10.83%;11.37%;11.88%;12.94%;14.20%;16.71%;20.95%;30.09%;40.02%
18/04/2023;10.86%;11.02%;11.11%;11.37%;11.37%;11.27%;10.71%;10.19%;9.73%;9.76%;9.92%;10.28%;10.74%;11.28%;11.92%;12.83%;14.17%;16.59%;21.00%;30.14%;40.07%
19/04/2023;10.86%;11.01%;11.15%;11.33%;11.38%;11.27%;10.80%;10.32%;9.77%;9.73%;9.95%;10.39%;10.85%;11.38%;11.94%;12.94%;14.24%;16.75%;21.00%;30.17%;40.14%
20/04/2023;10.86%;11.01%;11.11%;11.33%;11.33%;11.16%;10.62%;10.13%;9.59%;9.50%;9.77%;10.09%;10.58%;11.10%;11.59%;12.65%;13.81%;16.21%;20.22%;28.87%;38.20%
21/04/2023;10.86%;11.02%;11.11%;11.31%;11.32%;11.11%;10.51%;10.00%;9.54%;9.55%;9.65%;9.98%;10.48%;11.19%;11.78%;12.30%;14.10%;16.54%;20.64%;29.52%;39.10%
24/04/2023;10.87%;11.03%;11.14%;11.30%;11.25%;10.99%;10.37%;9.83%;9.31%;9.31%;9.43%;9.84%;10.32%;10.81%;11.33%;12.14%;13.50%;15.79%;19.61%;27.83%;36.66%
25/04/2023;10.88%;11.01%;11.09%;11.30%;11.25%;11.00%;10.36%;9.79%;9.22%;9.08%;9.37%;9.73%;10.18%;10.68%;11.22%;12.05%;13.34%;15.59%;19.32%;27.36%;35.95%
26/04/2023;10.88%;11.03%;11.11%;11.32%;11.38%;11.16%;10.47%;9.91%;9.45%;9.36%;9.58%;9.96%;10.40%;10.95%;11.55%;12.30%;13.79%;16.15%;20.10%;28.65%;37.85%
27/04/2023;10.89%;11.06%;11.20%;11.44%;11.47%;11.37%;10.77%;10.31%;9.76%;9.79%;10.15%;10.47%;11.02%;11.58%;12.33%;13.23%;14.65%;17.40%;21.54%;31.09%;41.53%
28/04/2023;10.89%;11.07%;11.20%;11.40%;11.42%;11.35%;10.83%;10.33%;9.86%;9.85%;10.12%;10.50%;11.01%;11.56%;12.19%;13.21%;14.55%;17.16%;21.57%;31.12%;41.55%
01/05/2023;10.89%;11.07%;11.20%;11.40%;11.42%;11.35%;10.83%;10.33%;9.86%;9.85%;10.12%;10.50%;11.01%;11.56%;12.19%;13.21%;14.55%;17.16%;21.57%;31.12%;41.55%
02/05/2023;11.09%;11.12%;11.30%;11.55%;11.57%;11.52%;10.99%;10.52%;10.04%;9.99%;10.31%;10.76%;11.30%;11.87%;12.46%;13.62%;15.17%;17.91%;22.63%;32.91%;44.23%
03/05/2023;11.09%;11.14%;11.29%;11.54%;11.52%;11.31%;10.86%;10.24%;9.84%;9.79%;10.10%;10.54%;11.05%;11.63%;12.29%;13.30%;14.74%;17.38%;21.87%;31.61%;42.27%
04/05/2023;11.09%;11.14%;11.30%;11.51%;11.48%;11.24%;10.68%;10.05%;9.61%;9.69%;9.85%;10.21%;10.68%;11.36%;11.85%;12.84%;14.10%;16.57%;20.73%;29.70%;39.43%
05/05/2023;11.08%;11.14%;11.29%;11.50%;11.47%;11.18%;10.57%;9.84%;9.29%;9.42%;9.58%;9.95%;10.46%;11.03%;11.61%;12.63%;13.86%;16.24%;20.24%;28.87%;38.16%
08/05/2023;11.09%;11.14%;11.28%;11.50%;11.50%;11.26%;10.64%;9.99%;9.37%;9.44%;9.67%;9.97%;10.45%;11.02%;11.63%;12.67%;13.89%;16.29%;20.31%;29.00%;38.38%
09/05/2023;11.08%;11.15%;11.28%;11.50%;11.50%;11.29%;10.60%;10.03%;9.43%;9.37%;9.57%;10.04%;10.56%;11.12%;11.73%;12.73%;14.03%;16.46%;20.54%;29.37%;38.92%
10/05/2023;11.09%;11.14%;11.27%;11.48%;11.46%;11.26%;10.51%;10.00%;9.40%;9.32%;9.53%;9.94%;10.51%;11.09%;11.67%;12.47%;14.02%;16.44%;20.49%;29.27%;38.75%
11/05/2023;11.09%;11.14%;11.26%;11.46%;11.45%;11.23%;10.51%;9.90%;9.35%;9.23%;9.41%;9.76%;10.29%;10.85%;11.41%;12.32%;13.83%;16.19%;20.13%;28.65%;37.82%
12/05/2023;11.09%;11.15%;11.26%;11.44%;11.42%;11.18%;10.49%;9.87%;9.35%;9.15%;9.30%;9.69%;10.15%;10.70%;11.28%;12.28%;13.44%;15.71%;19.48%;27.63%;36.32%
15/05/2023;11.09%;11.14%;11.20%;11.39%;11.36%;11.13%;10.44%;9.80%;9.22%;9.07%;9.15%;9.49%;9.96%;10.45%;11.01%;11.94%;13.09%;15.27%;18.87%;26.63%;34.89%
16/05/2023;11.09%;11.15%;11.25%;11.42%;11.36%;11.18%;10.45%;9.78%;9.16%;9.09%;9.24%;9.59%;10.07%;10.53%;11.09%;11.94%;13.17%;15.37%;19.01%;26.87%;35.24%
17/05/2023;11.09%;11.15%;11.25%;11.43%;11.40%;11.22%;10.51%;9.85%;9.22%;9.06%;9.24%;9.58%;10.09%;10.52%;11.17%;12.11%;13.28%;15.42%;19.09%;26.99%;35.43%
18/05/2023;11.10%;11.15%;11.26%;11.45%;11.46%;11.33%;10.63%;10.04%;9.43%;9.30%;9.60%;9.88%;10.36%;10.91%;11.52%;12.34%;13.75%;16.11%;19.53%;27.78%;36.64%
19/05/2023;11.11%;11.16%;11.26%;11.44%;11.44%;11.32%;10.72%;10.14%;9.59%;9.57%;9.75%;10.09%;10.55%;11.09%;11.67%;12.63%;13.96%;16.39%;20.46%;29.25%;38.75%
22/05/2023;11.11%;11.16%;11.26%;11.44%;11.44%;11.32%;10.72%;10.14%;9.59%;9.57%;9.75%;10.09%;10.55%;11.09%;11.67%;12.63%;13.96%;16.39%;20.46%;29.25%;38.75%
23/05/2023;11.12%;11.15%;11.25%;11.44%;11.47%;11.41%;10.78%;10.29%;9.68%;9.63%;9.79%;10.18%;10.71%;11.26%;11.89%;12.73%;14.22%;16.72%;20.92%;30.02%;39.90%
24/05/2023;11.11%;11.15%;11.25%;11.42%;11.41%;11.30%;10.76%;10.19%;9.68%;9.55%;9.73%;10.15%;10.61%;11.15%;11.76%;12.75%;14.09%;16.41%;20.62%;29.52%;39.15%
25/05/2023;11.11%;11.15%;11.27%;11.44%;11.41%;11.31%;10.78%;10.22%;9.66%;9.62%;9.88%;10.12%;10.58%;11.10%;11.69%;12.78%;13.93%;16.37%;20.39%;29.16%;38.65%
26/05/2023;11.15%;11.16%;11.26%;11.43%;11.42%;11.31%;10.83%;10.23%;9.69%;9.68%;9.87%;10.20%;10.66%;11.21%;11.77%;12.72%;14.07%;16.54%;20.46%;29.29%;38.87%
29/05/2023;11.13%;11.15%;11.27%;11.45%;11.44%;11.26%;10.72%;10.12%;9.56%;9.58%;9.65%;9.96%;10.39%;10.94%;11.48%;12.43%;13.74%;16.10%;20.06%;28.59%;37.79%
30/05/2023;11.11%;11.15%;11.27%;11.41%;11.36%;11.22%;10.66%;10.04%;9.53%;9.47%;9.57%;9.88%;10.30%;10.84%;11.37%;12.27%;13.55%;15.86%;19.73%;28.05%;36.99%
31/05/2023;11.11%;11.15%;11.27%;11.37%;11.31%;11.17%;10.57%;9.94%;9.47%;9.41%;9.58%;9.92%;10.34%;10.83%;11.37%;12.05%;13.53%;15.83%;19.67%;27.95%;36.83%
01/06/2023;11.14%;11.16%;11.28%;11.38%;11.28%;11.06%;10.51%;9.93%;9.39%;9.34%;9.50%;9.83%;10.24%;10.72%;11.26%;12.06%;13.35%;15.62%;19.37%;27.45%;36.11%
02/06/2023;11.11%;11.15%;11.28%;11.38%;11.28%;11.08%;10.51%;9.91%;9.36%;9.31%;9.49%;9.76%;10.18%;10.66%;11.23%;11.93%;13.27%;15.52%;19.23%;27.23%;35.76%
05/06/2023;11.11%;11.15%;11.27%;11.38%;11.25%;11.01%;10.39%;9.79%;9.19%;9.12%;9.21%;9.52%;9.93%;10.39%;10.89%;11.72%;12.92%;15.07%;18.51%;26.06%;34.08%
06/06/2023;11.07%;11.15%;11.27%;11.36%;11.24%;10.94%;10.32%;9.74%;9.10%;9.04%;9.17%;9.40%;9.81%;10.28%;10.77%;11.63%;12.76%;14.86%;18.31%;25.73%;33.58%
07/06/2023;11.08%;11.15%;11.27%;11.33%;11.20%;10.88%;10.27%;9.67%;9.08%;8.98%;9.12%;9.42%;9.84%;10.29%;10.69%;11.54%;12.80%;14.89%;18.25%;25.63%;33.44%
08/06/2023;11.08%;11.14%;11.26%;11.28%;11.09%;10.78%;10.01%;9.31%;8.75%;8.69%;8.77%;9.10%;9.51%;9.93%;10.38%;11.11%;12.37%;14.26%;17.45%;24.32%;31.51%
09/06/2023;11.09%;11.15%;11.23%;11.21%;10.99%;10.68%;9.95%;9.16%;8.58%;8.58%;8.58%;8.99%;9.41%;9.82%;10.26%;10.92%;12.15%;14.06%;17.16%;23.86%;30.84%
12/06/2023;11.09%;11.15%;11.23%;11.21%;10.99%;10.68%;9.95%;9.16%;8.58%;8.58%;8.58%;8.99%;9.41%;9.82%;10.26%;10.92%;12.15%;14.06%;17.16%;23.86%;30.84%
13/06/2023;11.11%;11.14%;11.23%;11.17%;10.88%;10.62%;9.83%;9.08%;8.51%;8.45%;8.52%;8.71%;9.12%;9.53%;9.98%;10.70%;11.78%;13.88%;16.45%;22.76%;29.31%
14/06/2023;11.12%;11.22%;11.31%;11.25%;10.97%;10.65%;9.86%;9.19%;8.63%;8.58%;8.66%;8.86%;9.27%;9.70%;10.17%;10.60%;11.70%;13.79%;16.37%;22.65%;29.17%
15/06/2023;11.13%;11.15%;11.25%;11.27%;11.04%;10.71%;9.99%;9.29%;8.65%;8.52%;8.68%;8.88%;9.24%;9.66%;10.12%;10.82%;11.89%;13.75%;16.76%;23.22%;29.93%
16/06/2023;11.14%;11.15%;11.25%;11.28%;10.98%;10.72%;9.96%;9.24%;8.64%;8.48%;8.54%;8.74%;9.11%;9.50%;9.95%;10.81%;11.66%;13.46%;16.37%;22.62%;29.09%
19/06/2023;11.14%;11.15%;11.25%;11.28%;10.98%;10.72%;9.96%;9.24%;8.64%;8.48%;8.54%;8.74%;9.11%;9.50%;9.95%;10.81%;11.66%;13.46%;16.37%;22.62%;29.09%
20/06/2023;11.13%;11.13%;11.20%;11.23%;10.92%;10.51%;9.75%;9.05%;8.37%;8.24%;8.36%;8.56%;8.91%;9.29%;9.72%;10.50%;11.40%;13.14%;15.91%;21.89%;28.04%
21/06/2023;11.12%;11.14%;11.23%;11.25%;10.91%;10.50%;9.68%;8.98%;8.24%;8.14%;8.25%;8.45%;8.73%;9.17%;9.51%;10.17%;11.12%;12.79%;15.44%;21.15%;26.99%
22/06/2023;11.09%;11.15%;11.24%;11.19%;10.84%;10.43%;9.62%;8.97%;8.22%;8.12%;8.23%;8.42%;8.70%;9.13%;9.48%;10.17%;11.12%;12.79%;15.42%;21.12%;26.94%
23/06/2023;11.09%;11.15%;11.20%;11.14%;10.79%;10.34%;9.57%;8.87%;8.20%;8.04%;8.15%;8.30%;8.65%;9.03%;9.47%;10.17%;11.09%;12.74%;15.37%;21.02%;26.78%
26/06/2023;11.07%;11.14%;11.22%;11.14%;10.73%;10.19%;9.41%;8.64%;8.00%;7.88%;7.97%;8.15%;8.49%;8.86%;9.31%;9.91%;10.89%;12.49%;15.01%;20.46%;25.99%
27/06/2023;11.07%;11.13%;11.22%;11.12%;10.72%;10.19%;9.33%;8.60%;7.93%;7.77%;7.85%;7.99%;8.34%;8.69%;9.11%;9.77%;10.66%;12.21%;14.64%;19.89%;25.18%
28/06/2023;11.07%;11.13%;11.23%;11.15%;10.75%;10.26%;9.27%;8.58%;7.90%;7.71%;7.75%;7.82%;8.14%;8.50%;9.01%;9.81%;10.38%;11.87%;14.19%;19.22%;24.25%
29/06/2023;11.07%;11.14%;11.25%;11.19%;10.78%;10.36%;9.46%;8.74%;8.02%;7.89%;7.84%;8.04%;8.37%;8.75%;9.20%;9.82%;10.74%;12.31%;14.77%;20.09%;25.46%
30/06/2023;11.07%;11.14%;11.25%;11.15%;10.78%;10.31%;9.35%;8.61%;7.89%;7.72%;7.64%;7.79%;8.11%;8.39%;8.87%;9.48%;10.33%;11.80%;14.08%;19.04%;24.00%
03/07/2023;11.07%;11.14%;11.25%;11.15%;10.78%;10.31%;9.35%;8.61%;7.89%;7.72%;7.64%;7.79%;8.11%;8.39%;8.87%;9.48%;10.33%;11.80%;14.08%;19.04%;24.00%
04/07/2023;11.06%;11.13%;11.24%;11.14%;10.76%;10.30%;9.33%;8.58%;7.87%;7.70%;7.62%;7.78%;8.10%;8.38%;8.86%;9.47%;10.32%;11.79%;14.07%;19.02%;23.98%
05/07/2023;11.07%;11.11%;11.24%;11.11%;10.72%;10.27%;9.33%;8.55%;7.83%;7.63%;7.67%;7.84%;8.10%;8.39%;8.87%;9.49%;10.35%;11.82%;14.11%;19.08%;24.07%
06/07/2023;11.08%;11.17%;11.31%;11.18%;10.80%;10.42%;9.52%;8.80%;8.15%;7.97%;8.02%;8.22%;8.51%;8.91%;9.52%;10.03%;10.97%;12.60%;15.16%;20.70%;26.33%
07/07/2023;11.07%;11.12%;11.23%;11.13%;10.76%;10.31%;9.40%;8.70%;8.01%;7.79%;7.85%;8.06%;8.36%;8.78%;9.38%;9.94%;10.86%;12.45%;14.95%;20.36%;25.85%
10/07/2023;11.07%;11.13%;11.23%;11.06%;10.67%;10.20%;9.24%;8.50%;7.84%;7.67%;7.68%;7.83%;8.14%;8.50%;9.07%;9.65%;10.52%;12.03%;14.39%;19.50%;24.64%
11/07/2023;11.07%;11.13%;11.23%;11.08%;10.70%;10.27%;9.30%;8.52%;7.84%;7.69%;7.81%;8.03%;8.31%;8.63%;9.21%;9.72%;10.61%;12.15%;14.55%;19.76%;25.01%
12/07/2023;11.07%;11.13%;11.23%;11.07%;10.71%;10.22%;9.31%;8.60%;7.93%;7.70%;7.83%;8.06%;8.37%;8.74%;9.16%;9.82%;10.72%;12.28%;14.72%;20.02%;25.37%
13/07/2023;11.08%;11.13%;11.23%;11.06%;10.70%;10.22%;9.33%;8.62%;8.02%;7.74%;7.79%;8.00%;8.31%;8.73%;9.23%;9.88%;10.80%;12.37%;14.84%;20.18%;25.60%
14/07/2023;11.08%;11.14%;11.23%;11.02%;10.66%;10.21%;9.39%;8.81%;8.13%;7.82%;8.03%;8.24%;8.58%;8.94%;9.46%;10.12%;11.01%;12.64%;15.22%;20.79%;26.45%
17/07/2023;11.09%;11.13%;11.23%;11.00%;10.62%;10.18%;9.39%;8.77%;8.16%;7.94%;7.98%;8.26%;8.55%;8.95%;9.40%;10.09%;11.03%;12.67%;15.26%;20.85%;26.54%
18/07/2023;11.08%;11.11%;11.22%;10.96%;10.57%;10.08%;9.30%;8.64%;8.04%;7.86%;7.92%;8.15%;8.44%;8.83%;9.33%;10.05%;10.93%;12.53%;15.06%;20.54%;26.11%
19/07/2023;11.10%;11.13%;11.21%;10.94%;10.53%;10.05%;9.21%;8.58%;7.98%;7.88%;7.84%;8.23%;8.54%;8.91%;9.39%;9.97%;10.98%;12.59%;15.13%;20.64%;26.24%
20/07/2023;11.10%;11.13%;11.21%;10.94%;10.53%;10.05%;9.21%;8.58%;7.98%;7.88%;7.84%;8.23%;8.54%;8.91%;9.39%;9.97%;10.98%;12.59%;15.13%;20.64%;26.24%
21/07/2023;11.11%;11.15%;11.23%;10.93%;10.49%;10.05%;9.14%;8.53%;7.92%;7.82%;7.87%;8.13%;8.45%;8.81%;9.28%;9.94%;10.83%;12.42%;14.91%;20.30%;25.75%
24/07/2023;11.12%;11.14%;11.21%;10.95%;10.59%;10.10%;9.26%;8.65%;8.13%;7.87%;8.04%;8.45%;8.71%;9.26%;9.73%;10.34%;11.30%;12.99%;15.69%;21.52%;27.49%
25/07/2023;11.12%;11.15%;11.22%;10.95%;10.49%;10.03%;9.16%;8.65%;8.10%;8.03%;8.10%;8.51%;8.76%;9.31%;9.79%;10.42%;11.39%;13.10%;15.84%;21.75%;27.82%
26/07/2023;11.11%;11.15%;11.22%;10.94%;10.46%;10.04%;9.11%;8.63%;8.18%;7.99%;8.18%;8.45%;8.77%;9.14%;9.61%;10.26%;11.21%;12.89%;15.56%;21.32%;27.21%
27/07/2023;11.08%;11.14%;11.22%;10.97%;10.50%;10.07%;9.17%;8.70%;8.18%;8.11%;8.24%;8.63%;8.92%;9.25%;9.91%;10.48%;11.47%;13.20%;15.98%;21.98%;28.15%
28/07/2023;11.07%;11.13%;11.23%;10.97%;10.50%;10.13%;9.22%;8.73%;8.29%;8.18%;8.31%;8.73%;9.02%;9.35%;10.03%;10.67%;11.68%;13.47%;16.34%;22.53%;28.92%
31/07/2023;11.06%;10.99%;11.09%;10.80%;10.28%;9.75%;8.86%;8.31%;8.07%;8.02%;8.14%;8.57%;8.84%;9.14%;9.86%;10.56%;11.54%;13.28%;16.07%;22.10%;28.29%
01/08/2023;11.08%;11.15%;11.16%;10.86%;10.33%;9.82%;8.96%;8.44%;8.07%;8.13%;8.24%;8.66%;8.94%;9.25%;9.96%;10.60%;11.59%;13.35%;16.16%;22.26%;28.53%
02/08/2023;11.09%;11.14%;11.17%;10.89%;10.36%;9.86%;8.99%;8.54%;8.18%;8.25%;8.52%;8.98%;9.27%;9.60%;10.36%;11.06%;12.13%;14.02%;17.07%;23.69%;30.57%
03/08/2023;11.10%;11.14%;11.14%;10.91%;10.38%;9.91%;9.09%;8.65%;8.33%;8.38%;8.60%;9.06%;9.36%;9.69%;10.45%;11.23%;12.32%;14.25%;17.40%;24.20%;31.29%
04/08/2023;11.08%;11.14%;11.15%;10.88%;10.43%;9.89%;9.01%;8.56%;8.20%;8.25%;8.47%;8.93%;9.24%;9.73%;10.31%;10.99%;12.04%;13.91%;16.94%;23.47%;30.27%
07/08/2023;11.08%;11.14%;11.15%;10.88%;10.43%;9.89%;9.01%;8.56%;8.20%;8.25%;8.47%;8.93%;9.24%;9.73%;10.31%;10.99%;12.04%;13.91%;16.94%;23.47%;30.27%
08/08/2023;11.09%;11.14%;11.18%;10.94%;10.47%;9.93%;8.95%;8.44%;8.14%;8.16%;8.31%;8.76%;9.05%;9.52%;10.07%;10.78%;11.80%;13.61%;16.52%;22.82%;29.34%
09/08/2023;11.09%;11.13%;11.21%;11.02%;10.59%;10.11%;9.16%;8.61%;8.24%;8.24%;8.43%;8.92%;9.26%;9.62%;10.20%;10.85%;11.89%;13.73%;16.70%;23.12%;29.77%
10/08/2023;11.10%;11.15%;11.22%;11.03%;10.67%;10.15%;9.20%;8.66%;8.29%;8.23%;8.45%;8.96%;9.32%;9.82%;10.40%;11.04%;12.10%;14.00%;17.05%;23.66%;30.54%
11/08/2023;11.10%;11.14%;11.20%;11.06%;10.71%;10.20%;9.25%;8.72%;8.35%;8.34%;8.60%;9.05%;9.45%;9.99%;10.47%;11.16%;12.25%;14.18%;17.32%;24.09%;31.14%
14/08/2023;11.08%;11.13%;11.20%;10.99%;10.65%;10.14%;9.19%;8.65%;8.30%;8.28%;8.47%;8.93%;9.36%;9.80%;10.35%;11.01%;12.07%;13.96%;17.01%;23.60%;30.46%
15/08/2023;11.08%;11.13%;11.16%;10.92%;10.58%;10.07%;9.13%;8.63%;8.21%;8.24%;8.44%;8.72%;9.17%;9.65%;10.28%;11.03%;12.08%;13.96%;16.99%;23.56%;30.39%
16/08/2023;11.11%;11.14%;11.19%;10.95%;10.59%;10.08%;9.16%;8.65%;8.24%;8.27%;8.52%;8.89%;9.31%;9.77%;10.53%;11.07%;12.14%;14.04%;17.11%;23.76%;30.69%
17/08/2023;11.12%;11.16%;11.22%;10.98%;10.65%;10.13%;9.29%;8.79%;8.43%;8.45%;8.68%;9.05%;9.49%;9.96%;10.74%;10.98%;12.05%;13.95%;17.03%;23.65%;30.55%
18/08/2023;11.12%;11.15%;11.20%;10.95%;10.61%;10.13%;9.29%;8.74%;8.44%;8.47%;8.75%;9.12%;9.57%;10.11%;10.77%;11.60%;12.69%;14.84%;18.19%;25.46%;33.11%
21/08/2023;11.12%;11.15%;11.20%;10.95%;10.61%;10.13%;9.29%;8.74%;8.44%;8.47%;8.75%;9.12%;9.57%;10.11%;10.77%;11.60%;12.69%;14.84%;18.19%;25.46%;33.11%
22/08/2023;11.11%;11.15%;11.16%;10.94%;10.64%;10.15%;9.30%;8.85%;8.51%;8.61%;8.90%;9.33%;9.75%;10.33%;11.04%;11.82%;13.05%;15.23%;18.74%;26.36%;34.42%
23/08/2023;11.14%;11.13%;11.17%;10.88%;10.56%;10.05%;9.12%;8.66%;8.35%;8.35%;8.60%;9.06%;9.53%;10.08%;10.65%;11.43%;12.72%;14.86%;18.19%;25.44%;33.06%
24/08/2023;11.15%;11.15%;11.18%;10.89%;10.53%;10.03%;9.09%;8.60%;8.29%;8.29%;8.59%;8.95%;9.37%;9.98%;10.54%;11.33%;12.57%;14.61%;17.85%;24.90%;32.28%
25/08/2023;11.13%;11.14%;11.17%;10.88%;10.52%;10.06%;9.10%;8.63%;8.26%;8.33%;8.66%;9.02%;9.50%;10.03%;10.71%;11.49%;12.57%;14.69%;17.97%;25.10%;32.57%
28/08/2023;11.06%;11.13%;11.17%;10.87%;10.51%;10.05%;9.04%;8.52%;8.20%;8.19%;8.42%;8.83%;9.30%;9.81%;10.47%;11.28%;12.33%;14.37%;17.53%;24.39%;31.55%
29/08/2023;11.03%;11.11%;11.16%;10.85%;10.48%;9.98%;9.04%;8.53%;8.11%;8.15%;8.38%;8.79%;9.29%;9.83%;10.38%;11.16%;12.31%;14.35%;17.48%;24.31%;31.42%
30/08/2023;11.05%;11.12%;11.15%;10.79%;10.42%;9.92%;9.00%;8.47%;8.08%;8.04%;8.33%;8.69%;9.15%;9.67%;10.37%;11.11%;12.31%;14.32%;17.43%;24.22%;31.28%
31/08/2023;11.05%;11.12%;11.15%;10.81%;10.42%;9.94%;9.08%;8.54%;8.16%;8.24%;8.42%;8.75%;9.22%;9.75%;10.46%;11.31%;12.53%;14.61%;17.81%;24.82%;32.14%
01/09/2023;11.08%;11.12%;11.16%;10.88%;10.48%;10.01%;9.10%;8.65%;8.29%;8.40%;8.61%;9.01%;9.48%;10.05%;10.77%;11.54%;12.81%;14.97%;18.33%;25.66%;33.35%
04/09/2023;11.10%;11.12%;11.16%;10.87%;10.47%;9.99%;9.09%;8.64%;8.28%;8.39%;8.60%;9.00%;9.48%;10.04%;10.76%;11.53%;12.80%;14.95%;18.32%;25.64%;33.34%
05/09/2023;11.06%;11.11%;11.16%;10.90%;10.54%;10.14%;9.28%;8.81%;8.52%;8.62%;8.83%;9.34%;9.85%;10.41%;11.00%;11.94%;13.29%;15.57%;19.18%;27.04%;35.39%
06/09/2023;11.08%;11.11%;11.17%;10.91%;10.53%;10.14%;9.34%;8.94%;8.61%;8.78%;9.05%;9.50%;10.02%;10.57%;11.18%;11.83%;13.18%;15.46%;19.07%;26.89%;35.20%
07/09/2023;11.09%;11.10%;11.14%;10.88%;10.49%;10.10%;9.26%;8.81%;8.54%;8.65%;8.89%;9.34%;9.92%;10.46%;11.03%;11.88%;13.22%;15.50%;19.09%;26.89%;35.17%
08/09/2023;11.06%;11.11%;11.21%;11.07%;10.74%;10.33%;9.50%;8.99%;8.71%;8.76%;9.01%;9.43%;9.84%;10.51%;11.16%;11.99%;13.66%;16.03%;19.80%;28.03%;36.80%
11/09/2023;11.02%;11.10%;11.20%;11.07%;10.79%;10.42%;9.59%;9.16%;8.84%;8.89%;9.04%;9.59%;10.08%;10.69%;11.28%;12.19%;13.90%;16.35%;20.25%;28.78%;37.91%
12/09/2023;10.97%;11.05%;11.18%;11.08%;10.85%;10.46%;9.67%;9.22%;8.89%;8.89%;9.28%;9.73%;10.36%;10.97%;11.58%;12.37%;14.13%;16.65%;20.68%;29.50%;39.00%
13/09/2023;11.02%;11.07%;11.17%;11.04%;10.75%;10.39%;9.54%;9.14%;8.79%;8.91%;9.09%;9.65%;10.19%;10.75%;11.35%;12.06%;13.76%;16.17%;20.02%;28.43%;37.42%
14/09/2023;11.05%;11.07%;11.16%;11.02%;10.74%;10.40%;9.57%;9.21%;8.90%;8.90%;9.19%;9.61%;10.14%;10.70%;11.30%;12.28%;14.01%;16.48%;20.42%;29.06%;38.32%
15/09/2023;11.08%;11.02%;11.11%;10.92%;10.68%;10.25%;9.43%;8.96%;8.68%;8.64%;8.98%;9.37%;9.89%;10.43%;11.00%;11.77%;13.40%;15.71%;19.37%;27.34%;35.79%
18/09/2023;11.09%;10.99%;11.07%;10.89%;10.64%;10.21%;9.36%;8.95%;8.63%;8.58%;8.96%;9.22%;9.83%;10.50%;11.01%;11.93%;13.59%;15.94%;19.65%;27.79%;36.45%
19/09/2023;11.07%;11.10%;11.10%;10.97%;10.68%;10.27%;9.41%;9.03%;8.76%;8.84%;9.05%;9.51%;10.04%;10.62%;11.29%;12.04%;13.72%;16.13%;19.94%;28.28%;37.19%
20/09/2023;11.11%;11.13%;11.10%;10.95%;10.67%;10.24%;9.38%;8.96%;8.69%;8.77%;9.11%;9.56%;10.11%;10.75%;11.40%;12.02%;13.71%;16.10%;19.92%;28.25%;37.14%
21/09/2023;11.12%;11.12%;11.11%;10.98%;10.66%;10.30%;9.46%;9.06%;8.85%;8.99%;9.44%;9.91%;10.45%;11.14%;11.80%;12.83%;14.66%;17.30%;21.55%;30.92%;41.04%
22/09/2023;11.11%;11.10%;11.13%;10.92%;10.65%;10.30%;9.47%;9.13%;8.93%;9.09%;9.53%;9.97%;10.63%;11.23%;11.90%;13.19%;15.09%;17.84%;22.30%;32.15%;42.83%
25/09/2023;11.07%;11.11%;11.12%;10.99%;10.68%;10.36%;9.50%;9.20%;9.06%;9.22%;9.60%;10.20%;10.85%;11.53%;12.35%;13.04%;14.93%;17.68%;22.13%;31.92%;42.58%
26/09/2023;11.06%;11.12%;11.13%;11.02%;10.74%;10.40%;9.60%;9.37%;9.27%;9.43%;9.85%;10.38%;11.11%;11.80%;12.59%;13.59%;15.59%;18.52%;23.30%;33.88%;45.49%
27/09/2023;11.09%;11.10%;11.14%;11.11%;10.86%;10.56%;9.86%;9.68%;9.57%;9.83%;10.44%;10.89%;11.61%;12.42%;13.27%;14.47%;16.86%;20.37%;25.90%;38.29%;52.08%
28/09/2023;11.09%;11.08%;11.12%;11.00%;10.80%;10.50%;9.80%;9.55%;9.42%;9.64%;10.01%;10.69%;11.37%;12.15%;12.86%;13.89%;16.16%;19.45%;24.58%;36.02%;48.66%
29/09/2023;11.09%;11.07%;11.01%;10.87%;10.63%;10.33%;9.63%;9.33%;9.15%;9.42%;9.86%;10.47%;11.12%;11.76%;12.55%;13.68%;15.89%;19.07%;24.01%;35.03%;47.10%
02/10/2023;11.10%;11.06%;11.09%;10.99%;10.75%;10.46%;9.79%;9.44%;9.45%;9.71%;10.05%;10.85%;11.56%;12.31%;13.17%;14.19%;16.53%;19.92%;25.26%;37.19%;50.42%
03/10/2023;11.09%;11.06%;11.13%;11.00%;10.89%;10.66%;10.03%;9.83%;9.83%;10.10%;10.46%;11.15%;11.88%;12.71%;13.63%;14.87%;17.37%;21.03%;26.86%;39.97%;54.66%
04/10/2023;11.09%;11.16%;11.24%;11.11%;10.89%;10.66%;9.99%;9.72%;9.76%;9.93%;10.39%;11.07%;11.79%;12.59%;13.49%;14.39%;16.80%;20.30%;25.84%;38.22%;52.02%
05/10/2023;11.11%;11.09%;11.16%;11.12%;10.97%;10.72%;10.12%;9.90%;9.93%;10.13%;10.55%;11.10%;11.82%;12.59%;13.50%;14.61%;16.84%;20.33%;25.91%;38.38%;52.29%
06/10/2023;11.12%;11.11%;11.17%;11.18%;11.04%;10.82%;10.22%;10.02%;10.02%;10.36%;10.78%;11.34%;12.09%;12.89%;13.83%;14.93%;17.24%;20.87%;26.73%;39.81%;54.47%
09/10/2023;11.09%;11.08%;11.17%;11.17%;11.04%;10.83%;10.23%;9.92%;9.94%;10.23%;10.67%;11.26%;12.05%;12.85%;13.78%;14.86%;17.15%;20.74%;26.54%;39.47%;53.98%
10/10/2023;11.07%;11.07%;11.14%;11.13%;10.96%;10.67%;10.04%;9.75%;9.67%;9.99%;10.50%;11.09%;11.86%;12.66%;13.53%;14.51%;16.73%;20.19%;25.71%;38.03%;51.78%
11/10/2023;11.08%;11.07%;11.11%;11.07%;10.92%;10.64%;10.01%;9.64%;9.54%;9.83%;10.07%;10.82%;11.41%;12.19%;13.02%;14.09%;16.14%;19.39%;24.55%;36.02%;48.71%
12/10/2023;11.09%;11.06%;11.17%;11.13%;10.91%;10.67%;10.10%;9.66%;9.58%;9.81%;10.12%;10.76%;11.54%;12.22%;13.06%;14.09%;16.13%;19.39%;24.56%;36.03%;48.71%
13/10/2023;11.09%;11.08%;11.17%;11.09%;10.91%;10.66%;10.04%;9.60%;9.51%;9.78%;10.14%;10.64%;11.27%;12.13%;12.95%;13.89%;16.04%;19.27%;24.37%;35.68%;48.19%
16/10/2023;11.09%;11.08%;11.17%;11.09%;10.91%;10.66%;10.04%;9.60%;9.51%;9.78%;10.14%;10.64%;11.27%;12.13%;12.95%;13.89%;16.04%;19.27%;24.37%;35.68%;48.19%
17/10/2023;11.09%;11.07%;11.19%;11.09%;10.97%;10.70%;10.09%;9.73%;9.64%;9.91%;10.32%;10.85%;11.55%;12.36%;13.20%;14.19%;16.34%;19.67%;24.96%;36.73%;49.80%
18/10/2023;11.09%;11.07%;11.16%;11.10%;11.00%;10.74%;10.21%;9.86%;9.80%;10.05%;10.45%;11.13%;11.72%;12.67%;13.54%;14.57%;16.81%;20.28%;25.84%;38.25%;52.11%
19/10/2023;11.10%;11.11%;11.20%;11.09%;10.94%;10.71%;10.14%;9.73%;9.68%;10.03%;10.35%;11.06%;11.42%;12.39%;13.43%;14.06%;16.19%;19.49%;24.73%;36.35%;49.25%
20/10/2023;11.11%;11.07%;11.16%;11.08%;10.93%;10.68%;10.06%;9.66%;9.52%;9.77%;10.23%;10.79%;11.41%;12.28%;13.12%;14.06%;16.22%;19.51%;24.72%;36.29%;49.09%
23/10/2023;11.13%;11.06%;11.15%;11.02%;10.87%;10.61%;10.02%;9.63%;9.54%;9.79%;10.21%;10.80%;11.40%;12.25%;13.11%;14.15%;16.25%;19.54%;24.76%;36.37%;49.24%
24/10/2023;11.14%;11.05%;11.15%;11.06%;10.90%;10.63%;10.05%;9.71%;9.56%;9.84%;10.37%;10.93%;11.67%;12.49%;13.32%;14.44%;16.60%;20.00%;25.43%;37.51%;50.97%
25/10/2023;11.11%;11.09%;11.15%;11.06%;10.87%;10.68%;10.05%;9.72%;9.59%;9.87%;10.37%;10.98%;11.71%;12.50%;13.42%;14.49%;16.67%;20.09%;25.55%;37.72%;51.28%
26/10/2023;11.10%;11.07%;11.13%;11.05%;10.88%;10.60%;9.97%;9.52%;9.50%;9.73%;10.26%;10.80%;11.47%;12.26%;13.12%;14.09%;16.28%;19.57%;24.80%;36.42%;49.30%
27/10/2023;11.07%;11.04%;11.16%;11.07%;10.89%;10.66%;10.04%;9.65%;9.47%;9.65%;10.02%;10.55%;11.19%;11.96%;12.80%;13.79%;15.91%;19.09%;24.10%;35.23%;47.50%
30/10/2023;11.06%;11.01%;11.13%;11.01%;10.87%;10.57%;9.97%;9.57%;9.33%;9.52%;9.89%;10.49%;11.18%;11.92%;12.71%;13.81%;15.70%;18.82%;23.74%;34.62%;46.59%
31/10/2023;11.03%;11.02%;11.10%;10.96%;10.71%;10.46%;9.85%;9.40%;9.19%;9.34%;9.78%;10.35%;11.03%;11.77%;12.58%;13.54%;15.47%;18.60%;23.40%;34.02%;45.66%
01/11/2023;11.02%;11.02%;11.10%;11.01%;10.76%;10.46%;9.80%;9.33%;9.09%;9.20%;9.57%;10.11%;10.74%;11.46%;12.24%;12.66%;14.44%;17.29%;21.59%;31.03%;41.27%
02/11/2023;11.05%;11.11%;11.13%;11.03%;10.80%;10.43%;9.74%;9.22%;8.93%;9.03%;9.16%;9.74%;10.28%;10.96%;11.68%;12.64%;14.30%;16.99%;21.12%;30.20%;39.97%
03/11/2023;11.08%;11.14%;11.11%;11.03%;10.74%;10.38%;9.63%;9.07%;8.59%;8.62%;9.00%;9.45%;10.01%;10.71%;11.23%;12.05%;13.59%;16.09%;19.87%;28.15%;36.98%
06/11/2023;11.08%;11.14%;11.11%;11.03%;10.74%;10.38%;9.63%;9.07%;8.59%;8.62%;9.00%;9.45%;10.01%;10.71%;11.23%;12.05%;13.59%;16.09%;19.87%;28.15%;36.98%
07/11/2023;11.09%;11.15%;11.09%;10.97%;10.67%;10.30%;9.52%;8.94%;8.48%;8.49%;8.68%;9.17%;9.67%;10.27%;10.91%;11.70%;13.27%;15.66%;19.25%;27.12%;35.46%
08/11/2023;11.09%;11.14%;11.08%;10.89%;10.65%;10.26%;9.47%;8.87%;8.39%;8.36%;8.54%;8.97%;9.45%;10.03%;10.65%;11.32%;12.95%;15.24%;18.67%;26.17%;34.08%
09/11/2023;11.09%;11.12%;11.08%;10.92%;10.63%;10.24%;9.39%;8.94%;8.48%;8.46%;8.67%;9.11%;9.62%;10.21%;10.84%;11.60%;13.28%;15.66%;19.24%;27.09%;35.38%
10/11/2023;11.10%;11.14%;11.07%;10.90%;10.66%;10.28%;9.52%;9.05%;8.66%;8.62%;8.87%;9.30%;9.80%;10.44%;11.13%;11.92%;13.66%;16.15%;19.93%;28.21%;37.03%
13/11/2023;11.10%;11.14%;11.07%;10.90%;10.66%;10.28%;9.52%;9.05%;8.66%;8.62%;8.87%;9.30%;9.80%;10.44%;11.13%;11.92%;13.66%;16.15%;19.93%;28.21%;37.03%
14/11/2023;11.11%;11.14%;11.03%;10.89%;10.58%;10.15%;9.36%;8.80%;8.33%;8.23%;8.55%;8.89%;9.39%;9.99%;10.60%;11.50%;12.93%;15.22%;18.63%;26.12%;33.99%
15/11/2023;11.12%;11.14%;11.03%;10.85%;10.49%;10.06%;9.26%;8.54%;8.16%;8.13%;8.38%;8.80%;9.29%;9.87%;10.50%;11.22%;12.73%;14.96%;18.27%;25.52%;33.12%
16/11/2023;11.11%;11.09%;10.98%;10.81%;10.46%;10.07%;9.26%;8.70%;8.29%;8.22%;8.45%;8.85%;9.31%;9.90%;10.54%;11.43%;12.97%;15.26%;18.65%;26.13%;33.98%
17/11/2023;11.12%;11.14%;11.01%;10.85%;10.59%;10.18%;9.23%;8.85%;8.43%;8.34%;8.56%;8.99%;9.50%;10.14%;10.83%;11.59%;13.17%;15.52%;19.05%;26.77%;34.92%
20/11/2023;11.09%;11.13%;10.98%;10.81%;10.47%;10.08%;9.23%;8.72%;8.33%;8.27%;8.42%;8.86%;9.34%;9.97%;10.64%;11.41%;12.96%;15.24%;18.66%;26.15%;34.02%
21/11/2023;11.10%;11.12%;10.99%;10.80%;10.43%;10.00%;9.18%;8.67%;8.29%;8.24%;8.32%;8.71%;9.14%;9.83%;10.49%;11.27%;12.74%;14.97%;18.27%;25.53%;33.13%
22/11/2023;11.13%;11.08%;11.00%;10.81%;10.48%;10.00%;9.24%;8.69%;8.26%;8.13%;8.37%;8.77%;9.20%;9.89%;10.55%;11.21%;12.69%;14.90%;18.20%;25.41%;32.97%
23/11/2023;11.11%;11.09%;11.01%;10.81%;10.47%;10.04%;9.26%;8.67%;8.24%;8.11%;8.34%;8.79%;9.29%;9.88%;10.55%;11.26%;12.82%;15.01%;18.32%;25.61%;33.24%
24/11/2023;11.11%;11.08%;10.99%;10.79%;10.48%;10.07%;9.33%;8.78%;8.39%;8.36%;8.55%;8.91%;9.39%;9.99%;10.63%;11.60%;13.06%;15.17%;18.59%;26.06%;33.91%
27/11/2023;11.07%;11.08%;10.97%;10.76%;10.42%;10.01%;9.26%;8.66%;8.24%;8.21%;8.43%;8.86%;9.37%;9.92%;10.56%;11.31%;12.84%;15.10%;18.46%;25.83%;33.56%
28/11/2023;11.06%;11.06%;10.97%;10.72%;10.36%;9.94%;9.20%;8.56%;8.12%;8.05%;8.31%;8.68%;9.18%;9.73%;10.36%;11.15%;12.52%;14.64%;17.84%;24.85%;32.16%
29/11/2023;11.06%;11.04%;10.96%;10.69%;10.34%;9.90%;9.12%;8.55%;8.11%;8.02%;8.28%;8.63%;9.09%;9.68%;10.32%;11.15%;12.48%;14.64%;17.83%;24.82%;32.10%
30/11/2023;11.06%;11.05%;10.93%;10.74%;10.44%;9.98%;9.16%;8.77%;8.28%;8.16%;8.51%;8.98%;9.41%;9.99%;10.82%;11.56%;12.95%;15.25%;18.67%;26.17%;34.06%
01/12/2023;11.06%;10.99%;10.86%;10.67%;10.36%;9.91%;9.08%;8.56%;8.11%;8.03%;8.20%;8.70%;9.18%;9.74%;10.54%;11.17%;12.49%;14.67%;17.87%;24.89%;32.21%
04/12/2023;11.02%;11.01%;10.89%;10.64%;10.34%;9.88%;9.11%;8.58%;8.18%;8.11%;8.29%;8.73%;9.28%;9.84%;10.47%;11.22%;12.68%;14.89%;18.17%;25.37%;32.91%
05/12/2023;10.97%;11.01%;10.91%;10.63%;10.26%;9.80%;9.00%;8.42%;7.95%;7.83%;8.12%;8.59%;9.18%;9.73%;10.34%;10.91%;12.31%;14.43%;17.54%;24.36%;31.46%
06/12/2023;11.02%;11.00%;10.88%;10.61%;10.26%;9.80%;8.98%;8.38%;7.91%;7.86%;8.05%;8.47%;8.95%;9.48%;10.05%;10.83%;12.16%;14.23%;17.25%;23.90%;30.77%
07/12/2023;11.07%;10.98%;10.86%;10.55%;10.19%;9.73%;8.94%;8.39%;7.93%;7.90%;8.06%;8.45%;8.88%;9.51%;9.97%;10.73%;12.06%;14.11%;17.10%;23.66%;30.43%
08/12/2023;11.07%;10.98%;10.86%;10.55%;10.19%;9.73%;8.94%;8.39%;7.93%;7.90%;8.06%;8.45%;8.88%;9.51%;9.97%;10.73%;12.06%;14.11%;17.10%;23.66%;30.43%
11/12/2023;11.05%;11.00%;10.88%;10.61%;10.28%;9.80%;9.01%;8.52%;8.05%;8.05%;8.18%;8.57%;9.02%;9.67%;10.14%;11.02%;12.40%;14.54%;17.68%;24.58%;31.77%
12/12/2023;11.07%;11.01%;10.89%;10.67%;10.34%;9.88%;9.07%;8.56%;8.16%;8.14%;8.39%;8.78%;9.25%;9.92%;10.41%;10.90%;12.28%;14.41%;17.56%;24.42%;31.57%
13/12/2023;11.03%;10.98%;10.86%;10.68%;10.35%;9.90%;9.06%;8.55%;8.12%;8.01%;8.16%;8.66%;9.14%;9.71%;10.30%;10.99%;12.50%;14.66%;17.85%;24.85%;32.15%
14/12/2023;10.97%;10.95%;10.86%;10.61%;10.26%;9.78%;8.87%;8.29%;7.79%;7.75%;7.99%;8.34%;8.79%;9.35%;9.94%;10.68%;12.09%;14.14%;17.11%;23.66%;30.42%
15/12/2023;11.01%;11.00%;10.88%;10.68%;10.33%;9.84%;8.93%;8.37%;7.86%;7.85%;7.99%;8.31%;8.80%;9.34%;9.98%;10.64%;12.04%;14.07%;17.04%;23.55%;30.27%
18/12/2023;11.03%;10.99%;10.91%;10.70%;10.34%;9.89%;8.95%;8.37%;7.83%;7.84%;8.01%;8.37%;8.87%;9.44%;10.06%;10.67%;12.23%;14.30%;17.34%;24.02%;30.95%
19/12/2023;10.99%;11.01%;10.88%;10.60%;10.25%;9.79%;8.83%;8.28%;7.75%;7.68%;7.80%;8.10%;8.58%;9.12%;9.71%;10.30%;11.78%;13.74%;16.57%;22.80%;29.21%
20/12/2023;10.84%;10.86%;10.84%;10.56%;10.17%;9.63%;8.75%;8.20%;7.62%;7.54%;7.69%;7.98%;8.46%;8.92%;9.50%;10.20%;11.42%;13.29%;15.98%;21.90%;27.93%
21/12/2023;10.86%;10.90%;10.85%;10.57%;10.13%;9.62%;8.75%;8.19%;7.64%;7.65%;7.76%;8.00%;8.44%;8.95%;9.57%;10.26%;11.48%;13.38%;16.10%;22.07%;28.16%
22/12/2023;10.83%;10.89%;10.85%;10.56%;10.13%;9.56%;8.72%;8.16%;7.70%;7.61%;7.74%;8.04%;8.44%;8.98%;9.58%;10.20%;11.60%;13.52%;16.27%;22.32%;28.52%
25/12/2023;10.83%;10.89%;10.85%;10.56%;10.13%;9.56%;8.72%;8.16%;7.70%;7.61%;7.74%;8.04%;8.44%;8.98%;9.58%;10.20%;11.60%;13.52%;16.27%;22.32%;28.52%
26/12/2023;10.86%;10.89%;10.83%;10.54%;10.10%;9.53%;8.72%;8.16%;7.67%;7.72%;7.80%;8.16%;8.57%;9.12%;9.71%;10.41%;11.76%;13.72%;16.55%;22.78%;29.17%
27/12/2023;10.82%;10.88%;10.83%;10.54%;10.04%;9.47%;8.60%;8.05%;7.58%;7.45%;7.60%;8.10%;8.41%;8.97%;9.54%;10.29%;11.57%;13.47%;16.20%;22.21%;28.34%
28/12/2023;10.85%;10.84%;10.77%;10.50%;9.95%;9.42%;8.54%;8.02%;7.47%;7.43%;7.62%;8.11%;8.42%;8.98%;9.55%;10.24%;11.51%;13.40%;16.11%;22.08%;28.17%
29/12/2023;10.85%;10.84%;10.77%;10.50%;9.95%;9.42%;8.54%;8.02%;7.47%;7.43%;7.62%;8.11%;8.42%;8.98%;9.55%;10.24%;11.51%;13.40%;16.11%;22.08%;28.17%
01/01/2024;10.85%;10.84%;10.77%;10.50%;9.95%;9.42%;8.54%;8.02%;7.47%;7.43%;7.62%;8.11%;8.42%;8.98%;9.55%;10.24%;11.51%;13.40%;16.11%;22.08%;28.17%
02/01/2024;10.83%;10.87%;10.79%;10.51%;10.01%;9.45%;8.59%;8.05%;7.56%;7.62%;7.75%;8.11%;8.52%;9.13%;9.77%;10.51%;11.86%;13.84%;16.69%;22.98%;29.45%
03/01/2024;10.86%;10.85%;10.78%;10.51%;10.01%;9.46%;8.59%;8.05%;7.65%;7.57%;7.77%;8.14%;8.57%;9.14%;9.76%;10.50%;11.82%;13.78%;16.62%;22.88%;29.31%
04/01/2024;10.86%;10.87%;10.79%;10.51%;10.06%;9.55%;8.67%;8.13%;7.73%;7.74%;7.96%;8.25%;8.71%;9.25%;9.88%;10.66%;11.92%;13.93%;16.83%;23.22%;29.79%
05/01/2024;10.86%;10.87%;10.80%;10.53%;10.06%;9.53%;8.69%;8.14%;7.72%;7.71%;7.92%;8.22%;8.68%;9.21%;9.84%;10.80%;12.08%;14.12%;17.07%;23.58%;30.30%
08/01/2024;10.86%;10.87%;10.80%;10.53%;10.06%;9.53%;8.69%;8.14%;7.72%;7.71%;7.92%;8.22%;8.68%;9.21%;9.84%;10.80%;12.08%;14.12%;17.07%;23.58%;30.30%
09/01/2024;10.86%;10.84%;10.76%;10.45%;9.95%;9.42%;8.56%;7.95%;7.60%;7.58%;7.73%;8.09%;8.51%;9.00%;9.72%;10.44%;11.67%;13.60%;16.38%;22.51%;28.79%
10/01/2024;10.85%;10.80%;10.68%;10.35%;9.84%;9.28%;8.40%;7.80%;7.38%;7.30%;7.54%;7.95%;8.36%;8.88%;9.45%;10.17%;11.45%;13.31%;15.98%;21.87%;27.87%
11/01/2024;10.82%;10.77%;10.66%;10.33%;9.80%;9.25%;8.35%;7.63%;7.30%;7.34%;7.47%;7.86%;8.29%;8.81%;9.39%;10.05%;11.37%;13.22%;15.83%;21.63%;27.53%
12/01/2024;10.86%;10.78%;10.66%;10.29%;9.73%;9.17%;8.27%;7.60%;7.20%;7.18%;7.41%;7.71%;8.14%;8.64%;9.24%;9.94%;11.21%;13.00%;15.55%;21.19%;26.88%
15/01/2024;10.86%;10.76%;10.64%;10.27%;9.71%;9.11%;8.21%;7.51%;7.14%;7.17%;7.35%;7.65%;8.08%;8.58%;9.18%;9.90%;11.16%;12.94%;15.46%;21.05%;26.70%
16/01/2024;10.86%;10.78%;10.67%;10.28%;9.75%;9.19%;8.26%;7.62%;7.20%;7.21%;7.38%;7.68%;8.12%;8.62%;9.22%;9.98%;11.25%;13.05%;15.61%;21.28%;27.03%
17/01/2024;10.87%;10.78%;10.66%;10.28%;9.81%;9.22%;8.32%;7.72%;7.31%;7.23%;7.47%;7.78%;8.22%;8.73%;9.34%;10.10%;11.40%;13.24%;15.87%;21.69%;27.59%
18/01/2024;10.86%;10.77%;10.66%;10.31%;9.80%;9.25%;8.33%;7.70%;7.25%;7.29%;7.48%;7.75%;8.20%;8.73%;9.29%;10.26%;11.58%;13.46%;16.13%;22.07%;28.12%
19/01/2024;10.86%;10.70%;10.67%;10.29%;9.79%;9.24%;8.33%;7.71%;7.27%;7.25%;7.41%;7.78%;8.22%;8.77%;9.36%;10.09%;11.36%;13.25%;15.87%;21.68%;27.58%
22/01/2024;10.86%;10.64%;10.64%;10.26%;9.74%;9.18%;8.21%;7.59%;7.13%;7.05%;7.22%;7.58%;8.00%;8.52%;9.10%;9.86%;11.02%;12.82%;15.34%;20.86%;26.42%
23/01/2024;10.85%;10.66%;10.65%;10.28%;9.72%;9.21%;8.23%;7.59%;7.17%;7.13%;7.31%;7.60%;8.00%;8.47%;9.03%;9.90%;11.04%;12.80%;15.28%;20.77%;26.31%
24/01/2024;10.85%;10.63%;10.62%;10.23%;9.67%;9.17%;8.20%;7.60%;7.13%;7.11%;7.26%;7.68%;8.03%;8.45%;9.20%;9.90%;11.04%;12.80%;15.28%;20.77%;26.32%
25/01/2024;10.85%;10.64%;10.58%;10.23%;9.68%;9.13%;8.22%;7.54%;7.08%;7.08%;7.22%;7.61%;8.06%;8.52%;9.11%;9.74%;11.04%;12.85%;15.32%;20.83%;26.38%
26/01/2024;10.86%;10.63%;10.57%;10.22%;9.65%;9.09%;8.17%;7.63%;7.16%;7.10%;7.28%;7.65%;8.06%;8.58%;9.17%;9.85%;11.11%;12.89%;15.38%;20.93%;26.53%
29/01/2024;10.85%;10.56%;10.56%;10.16%;9.59%;9.03%;8.11%;7.56%;7.12%;7.00%;7.18%;7.48%;7.90%;8.38%;8.96%;9.66%;10.84%;12.60%;15.00%;20.33%;25.69%
30/01/2024;10.82%;10.53%;10.51%;10.08%;9.56%;8.98%;8.13%;7.56%;7.12%;7.01%;7.17%;7.46%;7.88%;8.36%;8.94%;9.79%;10.80%;12.55%;14.94%;20.25%;25.58%
31/01/2024;10.82%;10.52%;10.49%;10.02%;9.43%;8.88%;8.00%;7.42%;6.97%;6.82%;6.99%;7.34%;7.75%;8.26%;8.83%;9.59%;10.70%;12.36%;14.68%;19.84%;24.99%
01/02/2024;10.63%;10.67%;10.59%;10.20%;9.56%;8.93%;7.99%;7.37%;6.86%;6.81%;6.94%;7.27%;7.65%;8.16%;8.69%;9.40%;10.63%;12.28%;14.70%;19.85%;24.98%
02/02/2024;10.61%;10.68%;10.63%;10.25%;9.64%;9.03%;8.10%;7.53%;7.09%;7.08%;7.25%;7.54%;8.03%;8.41%;9.13%;9.86%;11.05%;12.80%;15.27%;20.75%;26.26%
05/02/2024;10.63%;10.68%;10.60%;10.28%;9.71%;9.13%;8.20%;7.63%;7.20%;7.20%;7.46%;7.85%;8.32%;8.86%;9.53%;10.20%;11.57%;13.51%;16.21%;22.20%;28.31%
06/02/2024;10.62%;10.68%;10.58%;10.26%;9.65%;9.07%;8.15%;7.52%;7.04%;7.07%;7.21%;7.62%;8.07%;8.59%;9.20%;9.91%;11.15%;12.93%;15.47%;21.06%;26.71%
07/02/2024;10.62%;10.68%;10.56%;10.24%;9.62%;9.02%;8.10%;7.47%;7.00%;7.04%;7.18%;7.50%;8.00%;8.45%;9.05%;9.75%;10.96%;12.74%;15.19%;20.62%;26.09%
08/02/2024;10.63%;10.68%;10.56%;10.26%;9.71%;9.13%;8.22%;7.62%;7.16%;7.22%;7.33%;7.66%;8.18%;8.64%;9.26%;10.08%;11.35%;13.22%;15.82%;21.59%;27.44%
09/02/2024;10.63%;10.67%;10.54%;10.22%;9.72%;9.12%;8.24%;7.68%;7.21%;7.18%;7.36%;7.68%;8.18%;8.68%;9.36%;10.09%;11.36%;13.25%;15.86%;21.65%;27.52%
12/02/2024;10.62%;10.66%;10.52%;10.19%;9.70%;9.12%;8.22%;7.65%;7.21%;7.17%;7.39%;7.71%;8.21%;8.72%;9.40%;10.14%;11.42%;13.32%;15.96%;21.81%;27.76%
13/02/2024;10.62%;10.66%;10.54%;10.22%;9.76%;9.24%;8.84%;7.83%;7.40%;7.44%;7.64%;7.85%;8.42%;9.01%;9.51%;10.39%;11.72%;13.70%;16.48%;22.64%;28.94%
14/02/2024;10.62%;10.67%;10.52%;10.19%;9.72%;9.13%;8.26%;7.68%;7.22%;7.33%;7.50%;7.89%;8.30%;8.79%;9.33%;10.11%;11.43%;13.50%;16.19%;22.16%;28.24%
15/02/2024;10.64%;10.68%;10.48%;10.15%;9.62%;9.06%;8.19%;7.63%;7.18%;7.13%;7.32%;7.68%;8.09%;8.57%;9.14%;9.85%;11.14%;13.05%;15.71%;21.40%;27.16%
16/02/2024;10.62%;10.68%;10.46%;10.11%;9.61%;9.04%;8.18%;7.63%;7.24%;7.14%;7.38%;7.69%;8.10%;8.61%;9.15%;9.85%;11.20%;13.20%;15.78%;21.52%;27.32%
19/02/2024;10.62%;10.65%;10.44%;10.08%;9.59%;9.02%;8.13%;7.61%;7.17%;7.15%;7.33%;7.69%;8.11%;8.60%;9.15%;9.86%;11.20%;13.20%;15.77%;21.51%;27.31%
20/02/2024;10.64%;10.65%;10.44%;10.09%;9.57%;9.04%;8.14%;7.65%;7.21%;7.20%;7.41%;7.68%;8.09%;8.59%;9.14%;9.90%;11.18%;13.18%;15.75%;21.48%;27.29%
21/02/2024;10.64%;10.65%;10.44%;10.09%;9.61%;9.09%;8.22%;7.71%;7.30%;7.31%;7.53%;7.89%;8.28%;8.76%;9.45%;10.16%;11.49%;13.57%;16.28%;22.31%;28.45%
22/02/2024;10.64%;10.66%;10.43%;10.07%;9.61%;9.09%;8.23%;7.75%;7.35%;7.39%;7.62%;7.99%;8.39%;8.88%;9.58%;10.12%;11.45%;13.53%;16.24%;22.26%;28.39%
23/02/2024;10.64%;10.66%;10.44%;10.08%;9.62%;9.13%;8.27%;7.85%;7.42%;7.43%;7.67%;8.03%;8.46%;9.01%;9.69%;10.35%;11.79%;13.96%;16.80%;23.11%;29.58%
26/02/2024;10.64%;10.62%;10.46%;10.07%;9.62%;9.11%;8.34%;7.84%;7.49%;7.48%;7.69%;8.06%;8.49%;9.03%;9.72%;10.49%;11.96%;14.16%;17.07%;23.52%;30.16%
27/02/2024;10.63%;10.63%;10.39%;10.02%;9.57%;9.06%;8.27%;7.80%;7.47%;7.50%;7.81%;8.16%;8.67%;9.12%;9.68%;10.53%;11.85%;14.04%;16.93%;23.32%;29.90%
28/02/2024;10.63%;10.59%;10.29%;9.93%;9.45%;8.95%;8.18%;7.67%;7.31%;7.42%;7.68%;8.11%;8.60%;9.07%;9.65%;10.40%;11.78%;13.93%;16.77%;23.07%;29.54%
29/02/2024;10.62%;10.55%;10.27%;9.86%;9.38%;8.89%;8.10%;7.61%;7.27%;7.31%;7.56%;7.96%;8.41%;8.94%;9.50%;10.32%;11.57%;13.68%;16.42%;22.52%;28.75%
01/03/2024;10.61%;10.55%;10.28%;9.85%;9.33%;8.88%;8.06%;7.54%;7.18%;7.23%;7.50%;7.91%;8.37%;8.89%;9.46%;10.19%;11.55%;13.65%;16.37%;22.43%;28.60%
04/03/2024;10.62%;10.49%;10.22%;9.85%;9.32%;8.87%;8.07%;7.56%;7.21%;7.21%;7.53%;7.86%;8.32%;8.84%;9.40%;10.26%;11.51%;13.59%;16.30%;22.33%;28.47%
05/03/2024;10.63%;10.49%;10.22%;9.80%;9.31%;8.81%;8.00%;7.51%;7.15%;7.22%;7.51%;7.88%;8.34%;8.87%;9.43%;10.22%;11.55%;13.64%;16.36%;22.42%;28.60%
06/03/2024;10.62%;10.49%;10.23%;9.76%;9.27%;8.76%;7.94%;7.49%;7.11%;7.08%;7.42%;7.83%;8.27%;8.83%;9.38%;10.11%;11.46%;13.52%;16.19%;22.15%;28.22%
07/03/2024;10.60%;10.46%;10.17%;9.74%;9.26%;8.75%;7.93%;7.46%;7.08%;7.06%;7.35%;7.78%;8.21%;8.76%;9.29%;9.93%;11.34%;13.37%;15.99%;21.83%;27.75%
08/03/2024;10.61%;10.44%;10.22%;9.80%;9.34%;8.82%;8.00%;7.53%;7.20%;7.23%;7.45%;7.77%;8.29%;8.73%;9.25%;10.03%;11.29%;13.32%;15.94%;21.76%;27.67%
11/03/2024;10.63%;10.41%;10.20%;9.77%;9.31%;8.81%;8.03%;7.55%;7.15%;7.22%;7.47%;7.86%;8.31%;8.83%;9.36%;10.13%;11.62%;13.44%;16.12%;22.07%;28.10%
12/03/2024;10.62%;10.42%;10.19%;9.79%;9.33%;8.85%;8.10%;7.71%;7.35%;7.36%;7.63%;8.01%;8.48%;9.00%;9.57%;10.26%;11.68%;13.81%;16.60%;22.81%;29.16%
13/03/2024;10.64%;10.40%;10.17%;9.76%;9.30%;8.82%;8.06%;7.62%;7.28%;7.27%;7.59%;7.95%;8.42%;8.95%;9.49%;10.30%;11.56%;13.66%;16.41%;22.51%;28.73%
14/03/2024;10.64%;10.36%;10.18%;9.79%;9.30%;8.88%;8.16%;7.81%;7.43%;7.49%;7.78%;8.20%;8.69%;9.23%;9.80%;10.59%;11.97%;14.18%;17.11%;23.60%;30.28%
15/03/2024;10.64%;10.36%;10.16%;9.74%;9.28%;8.83%;8.12%;7.70%;7.39%;7.40%;7.72%;8.14%;8.63%;9.14%;9.70%;10.60%;11.86%;14.05%;16.93%;23.30%;29.86%
18/03/2024;10.64%;10.29%;10.12%;9.76%;9.31%;8.86%;8.14%;7.77%;7.50%;7.54%;7.76%;8.20%;8.67%;9.20%;9.76%;10.62%;11.95%;14.16%;17.09%;23.58%;30.24%
19/03/2024;10.64%;10.29%;10.10%;9.72%;9.28%;8.83%;8.09%;7.72%;7.45%;7.49%;7.78%;8.21%;8.68%;9.23%;9.79%;10.62%;11.99%;14.21%;17.15%;23.67%;30.39%
20/03/2024;10.64%;10.28%;10.09%;9.71%;9.26%;8.81%;8.08%;7.69%;7.43%;7.55%;7.83%;8.22%;8.72%;9.29%;9.89%;10.70%;12.08%;14.32%;17.29%;23.89%;30.70%
21/03/2024;10.63%;10.28%;10.10%;9.64%;9.19%;8.69%;7.99%;7.66%;7.45%;7.48%;7.76%;8.14%;8.61%;9.15%;9.76%;10.49%;11.95%;14.15%;17.06%;23.50%;30.15%
22/03/2024;10.63%;10.24%;10.04%;9.60%;9.14%;8.67%;7.92%;7.56%;7.38%;7.48%;7.76%;8.17%;8.65%;9.17%;9.79%;10.47%;11.99%;14.20%;17.12%;23.60%;30.27%
25/03/2024;10.63%;10.24%;10.04%;9.60%;9.14%;8.67%;7.92%;7.56%;7.38%;7.48%;7.76%;8.17%;8.65%;9.17%;9.79%;10.47%;11.99%;14.20%;17.12%;23.60%;30.27%
26/03/2024;10.20%;10.25%;10.02%;9.59%;9.11%;8.67%;8.02%;7.62%;7.36%;7.51%;7.78%;8.19%;8.67%;9.20%;9.81%;10.54%;12.07%;14.30%;17.25%;23.80%;30.54%
27/03/2024;10.19%;10.23%;10.04%;9.61%;9.11%;8.65%;7.94%;7.65%;7.37%;7.46%;7.82%;8.17%;8.65%;9.17%;9.79%;10.58%;12.12%;14.36%;17.32%;23.90%;30.68%
28/03/2024;10.19%;10.23%;10.04%;9.61%;9.11%;8.65%;7.94%;7.65%;7.37%;7.46%;7.82%;8.17%;8.65%;9.17%;9.79%;10.58%;12.12%;14.36%;17.32%;23.90%;30.68%
29/03/2024;10.19%;10.23%;10.04%;9.61%;9.11%;8.65%;7.94%;7.65%;7.37%;7.46%;7.82%;8.17%;8.65%;9.17%;9.79%;10.58%;12.12%;14.36%;17.32%;23.90%;30.68%
01/04/2024;10.20%;10.22%;10.01%;9.59%;9.10%;8.71%;8.04%;7.79%;7.58%;7.72%;8.01%;8.42%;8.97%;9.52%;10.16%;10.96%;12.58%;14.95%;18.13%;25.22%;32.57%
02/04/2024;10.20%;10.19%;10.02%;9.61%;9.14%;8.72%;8.13%;7.93%;7.73%;7.91%;8.27%;8.69%;9.24%;9.81%;10.48%;11.40%;12.90%;15.37%;18.74%;26.20%;34.01%
03/04/2024;10.20%;10.16%;9.99%;9.59%;9.11%;8.69%;8.13%;7.90%;7.79%;7.97%;8.33%;8.78%;9.32%;9.90%;10.54%;11.35%;13.05%;15.56%;18.99%;26.59%;34.58%
04/04/2024;10.20%;10.15%;9.96%;9.50%;9.08%;8.68%;8.04%;7.89%;7.77%;7.95%;8.24%;8.68%;9.21%;9.75%;10.42%;11.10%;12.76%;15.20%;18.49%;25.80%;33.44%
05/04/2024;10.18%;10.14%;9.95%;9.51%;9.10%;8.70%;8.16%;8.02%;7.90%;8.09%;8.47%;8.89%;9.45%;10.03%;10.67%;11.44%;13.17%;15.73%;19.23%;26.98%;35.13%
08/04/2024;10.14%;10.12%;9.94%;9.53%;9.16%;8.78%;8.33%;8.15%;8.13%;8.34%;8.71%;9.18%;9.77%;10.38%;11.05%;11.86%;13.69%;16.40%;20.15%;28.50%;37.35%
09/04/2024;10.10%;10.11%;9.94%;9.51%;9.10%;8.72%;8.29%;8.16%;8.17%;8.29%;8.75%;9.23%;9.79%;10.41%;11.04%;11.87%;13.70%;16.41%;20.17%;28.53%;37.41%
10/04/2024;10.18%;10.08%;9.99%;9.61%;9.25%;8.89%;8.47%;8.36%;8.41%;8.71%;9.10%;9.65%;10.23%;10.89%;11.60%;12.49%;14.45%;17.40%;21.56%;30.82%;40.78%
11/04/2024;10.19%;10.05%;9.95%;9.62%;9.23%;8.94%;8.49%;8.44%;8.54%;8.85%;9.22%;9.85%;10.44%;11.12%;11.86%;12.50%;14.47%;17.45%;21.68%;31.05%;41.11%
12/04/2024;10.16%;10.02%;9.90%;9.53%;9.22%;8.86%;8.40%;8.28%;8.39%;8.72%;9.09%;9.55%;10.12%;10.71%;11.40%;12.25%;14.06%;16.95%;20.95%;29.83%;39.30%
15/04/2024;10.20%;10.01%;9.85%;9.54%;9.24%;8.89%;8.51%;8.56%;8.61%;8.90%;9.39%;9.91%;10.54%;11.26%;11.99%;12.74%;14.67%;17.76%;22.10%;31.75%;42.16%
16/04/2024;10.20%;10.01%;9.87%;9.64%;9.35%;9.05%;8.69%;8.70%;8.75%;9.02%;9.61%;10.15%;10.80%;11.54%;12.30%;13.15%;15.17%;18.40%;23.01%;33.28%;44.45%
17/04/2024;10.20%;9.99%;9.83%;9.56%;9.27%;9.00%;8.61%;8.58%;8.72%;8.95%;9.46%;9.91%;10.51%;11.16%;11.90%;12.86%;14.74%;17.80%;22.16%;31.85%;42.33%
18/04/2024;10.20%;9.97%;9.82%;9.57%;9.28%;9.04%;8.60%;8.50%;8.69%;9.03%;9.49%;9.93%;10.53%;11.19%;11.93%;12.58%;14.41%;17.39%;21.63%;30.99%;41.09%
19/04/2024;10.19%;9.96%;9.83%;9.53%;9.22%;8.93%;8.45%;8.32%;8.35%;8.55%;9.00%;9.46%;10.08%;10.68%;11.38%;12.13%;13.86%;16.65%;20.55%;29.17%;38.38%
22/04/2024;10.19%;9.92%;9.78%;9.48%;9.14%;8.86%;8.38%;8.22%;8.21%;8.40%;8.78%;9.24%;9.80%;10.40%;11.02%;11.80%;13.46%;16.13%;19.83%;28.00%;36.65%
23/04/2024;10.19%;9.92%;9.79%;9.46%;9.16%;8.86%;8.39%;8.30%;8.18%;8.42%;8.74%;9.21%;9.79%;10.36%;10.93%;11.72%;13.37%;16.01%;19.67%;27.74%;36.30%
24/04/2024;10.20%;9.90%;9.77%;9.46%;9.16%;8.93%;8.45%;8.39%;8.28%;8.57%;8.97%;9.47%;10.06%;10.66%;11.25%;12.08%;13.81%;16.58%;20.45%;29.02%;38.17%
25/04/2024;10.20%;9.90%;9.77%;9.49%;9.23%;8.95%;8.55%;8.47%;8.49%;8.76%;9.26%;9.64%;10.14%;10.86%;11.56%;12.61%;14.42%;17.37%;21.54%;30.79%;40.73%
26/04/2024;10.19%;9.86%;9.77%;9.43%;9.13%;8.92%;8.52%;8.40%;8.41%;8.68%;9.03%;9.55%;10.10%;10.77%;11.44%;12.29%;14.05%;16.89%;20.88%;29.73%;39.19%
29/04/2024;10.19%;9.83%;9.72%;9.35%;9.06%;8.80%;8.43%;8.25%;8.32%;8.49%;8.89%;9.36%;9.98%;10.62%;11.28%;11.91%;13.59%;16.31%;20.09%;28.44%;37.32%
30/04/2024;10.20%;9.81%;9.72%;9.32%;9.07%;8.82%;8.42%;8.31%;8.33%;8.55%;8.93%;9.44%;10.06%;10.62%;11.28%;12.07%;13.79%;16.55%;20.41%;28.95%;38.06%
01/05/2024;10.20%;9.81%;9.72%;9.32%;9.07%;8.82%;8.42%;8.31%;8.33%;8.55%;8.93%;9.44%;10.06%;10.62%;11.28%;12.07%;13.79%;16.55%;20.41%;28.95%;38.06%
02/05/2024;9.76%;9.79%;9.72%;9.37%;8.99%;8.76%;8.36%;8.29%;8.30%;8.40%;8.84%;9.41%;10.05%;10.68%;11.34%;12.06%;13.77%;16.53%;20.38%;28.89%;37.96%
03/05/2024;9.75%;9.78%;9.70%;9.30%;8.95%;8.64%;8.26%;8.12%;8.09%;8.28%;8.65%;9.20%;9.69%;10.38%;11.06%;11.82%;13.47%;16.13%;19.80%;27.93%;36.54%
06/05/2024;9.76%;9.78%;9.67%;9.24%;8.84%;8.57%;8.17%;8.02%;7.94%;8.14%;8.49%;8.97%;9.51%;10.18%;10.70%;11.46%;13.05%;15.59%;19.06%;26.74%;34.81%
07/05/2024;9.76%;9.77%;9.66%;9.28%;8.85%;8.51%;8.09%;7.89%;7.82%;8.02%;8.41%;8.82%;9.36%;9.95%;10.43%;11.15%;12.68%;15.12%;18.42%;25.71%;33.35%
08/05/2024;9.76%;9.79%;9.64%;9.30%;8.89%;8.61%;8.15%;8.01%;7.97%;8.17%;8.50%;8.99%;9.48%;10.02%;10.68%;11.45%;13.11%;15.65%;19.14%;26.86%;34.99%
09/05/2024;9.76%;9.80%;9.61%;9.25%;8.91%;8.60%;8.18%;8.05%;8.04%;8.16%;8.53%;8.95%;9.49%;10.00%;10.67%;11.57%;13.11%;15.54%;19.00%;26.63%;34.67%
10/05/2024;9.76%;9.81%;9.63%;9.27%;8.92%;8.64%;8.21%;8.15%;8.14%;8.42%;8.71%;9.16%;9.70%;10.33%;10.99%;11.91%;13.49%;16.16%;19.85%;28.02%;36.66%
13/05/2024;9.76%;9.81%;9.63%;9.27%;8.92%;8.64%;8.21%;8.15%;8.14%;8.42%;8.71%;9.16%;9.70%;10.33%;10.99%;11.91%;13.49%;16.16%;19.85%;28.02%;36.66%
14/05/2024;9.76%;9.78%;9.56%;9.17%;8.79%;8.51%;8.11%;7.98%;8.02%;8.24%;8.55%;9.14%;9.70%;10.28%;10.94%;11.74%;13.44%;16.08%;19.72%;27.80%;36.35%
15/05/2024;9.75%;9.78%;9.55%;9.16%;8.76%;8.41%;7.98%;7.74%;7.77%;8.00%;8.31%;8.78%;9.35%;9.93%;10.61%;11.32%;13.00%;15.50%;18.90%;26.46%;34.39%
16/05/2024;9.76%;9.82%;9.58%;9.18%;8.74%;8.42%;7.96%;7.78%;7.69%;7.94%;8.26%;8.70%;9.24%;9.84%;10.51%;11.12%;12.84%;15.29%;18.62%;26.00%;33.71%
17/05/2024;9.76%;9.81%;9.56%;9.20%;8.76%;8.44%;7.97%;7.77%;7.72%;7.91%;8.23%;8.66%;9.18%;9.72%;10.36%;11.19%;12.62%;15.03%;18.27%;25.45%;32.94%
20/05/2024;9.76%;9.81%;9.54%;9.17%;8.74%;8.43%;8.00%;7.83%;7.79%;7.98%;8.32%;8.75%;9.26%;9.81%;10.45%;11.30%;12.78%;15.24%;18.56%;25.92%;33.60%
21/05/2024;9.76%;9.82%;9.53%;9.15%;8.77%;8.46%;8.01%;7.85%;7.84%;7.96%;8.30%;8.74%;9.26%;9.83%;10.48%;11.33%;12.77%;15.22%;18.54%;25.90%;33.60%
22/05/2024;9.76%;9.81%;9.50%;9.13%;8.76%;8.47%;8.04%;7.88%;7.89%;8.03%;8.38%;8.79%;9.28%;9.88%;10.58%;11.41%;12.93%;15.42%;18.81%;26.32%;34.20%
23/05/2024;9.76%;9.82%;9.49%;9.15%;8.81%;8.58%;8.15%;8.04%;7.97%;8.26%;8.59%;8.98%;9.51%;10.09%;10.82%;11.79%;13.25%;15.84%;19.40%;27.27%;35.58%
24/05/2024;9.77%;9.81%;9.48%;9.12%;8.85%;8.62%;8.20%;8.07%;8.09%;8.39%;8.75%;9.19%;9.73%;10.32%;11.05%;11.89%;13.58%;16.27%;19.99%;28.22%;36.95%
27/05/2024;9.77%;9.81%;9.48%;9.09%;8.76%;8.53%;8.14%;8.05%;8.00%;8.26%;8.61%;9.03%;9.57%;10.15%;10.86%;11.98%;13.67%;16.36%;20.08%;28.34%;37.11%
28/05/2024;9.77%;9.81%;9.47%;9.11%;8.78%;8.56%;8.22%;8.14%;8.12%;8.41%;8.77%;9.25%;9.78%;10.40%;11.10%;11.93%;13.65%;16.36%;20.12%;28.44%;37.29%
29/05/2024;9.76%;9.82%;9.45%;9.10%;8.81%;8.61%;8.27%;8.25%;8.25%;8.55%;9.06%;9.48%;10.05%;10.69%;11.46%;12.40%;14.07%;16.91%;20.89%;29.72%;39.16%
30/05/2024;9.76%;9.80%;9.43%;9.06%;8.77%;8.58%;8.23%;8.13%;8.21%;8.51%;8.90%;9.37%;10.00%;10.62%;11.42%;12.24%;13.89%;16.68%;20.56%;29.17%;38.36%
31/05/2024;9.76%;9.76%;9.39%;9.04%;8.71%;8.53%;8.20%;8.12%;8.22%;8.47%;8.85%;9.39%;9.95%;10.60%;11.27%;12.01%;13.70%;16.44%;20.25%;28.67%;37.62%
03/06/2024;9.76%;9.76%;9.39%;9.04%;8.71%;8.53%;8.20%;8.12%;8.22%;8.47%;8.85%;9.39%;9.95%;10.60%;11.27%;12.01%;13.70%;16.44%;20.25%;28.67%;37.62%
04/06/2024;9.76%;9.74%;9.36%;9.01%;8.63%;8.43%;8.07%;7.99%;8.09%;8.35%;8.70%;9.15%;9.85%;10.42%;10.98%;11.92%;13.40%;16.15%;19.54%;27.56%;36.06%
05/06/2024;9.76%;9.71%;9.37%;8.97%;8.62%;8.39%;8.00%;7.87%;7.96%;8.18%;8.64%;9.17%;9.73%;10.32%;10.95%;11.76%;13.31%;15.93%;19.52%;27.49%;35.91%
06/06/2024;9.76%;9.70%;9.33%;8.91%;8.56%;8.31%;7.92%;7.79%;7.81%;8.08%;8.48%;8.96%;9.48%;10.10%;10.77%;11.48%;13.08%;15.62%;19.08%;26.74%;34.80%
07/06/2024;9.76%;9.71%;9.34%;9.01%;8.65%;8.36%;7.94%;7.84%;7.85%;8.07%;8.49%;8.88%;9.42%;10.03%;10.69%;11.72%;12.90%;15.40%;18.80%;26.33%;34.22%
10/06/2024;9.76%;9.71%;9.34%;9.01%;8.65%;8.36%;7.94%;7.84%;7.85%;8.07%;8.49%;8.88%;9.42%;10.03%;10.69%;11.72%;12.90%;15.40%;18.80%;26.33%;34.22%
11/06/2024;9.76%;9.62%;9.31%;8.95%;8.60%;8.34%;7.95%;7.84%;7.86%;8.07%;8.57%;9.07%;9.61%;10.24%;10.90%;11.68%;12.87%;15.39%;18.81%;26.37%;34.32%
12/06/2024;9.76%;9.61%;9.29%;8.93%;8.58%;8.25%;7.99%;7.89%;7.81%;8.07%;8.55%;8.94%;9.47%;10.05%;10.72%;11.56%;12.88%;15.37%;18.78%;26.29%;34.18%
13/06/2024;9.77%;9.60%;9.29%;9.00%;8.71%;8.47%;8.13%;8.10%;8.08%;8.37%;8.83%;9.27%;9.81%;10.42%;11.16%;11.95%;13.33%;15.97%;19.62%;27.67%;36.19%
14/06/2024;9.77%;9.58%;9.28%;8.93%;8.63%;8.39%;8.04%;7.99%;8.05%;8.32%;8.75%;9.19%;9.73%;10.35%;11.01%;11.85%;13.35%;15.99%;19.62%;27.63%;36.11%
17/06/2024;9.77%;9.53%;9.25%;8.87%;8.62%;8.37%;8.01%;8.00%;8.09%;8.32%;8.75%;9.19%;9.72%;10.34%;11.03%;11.83%;13.33%;15.97%;19.59%;27.62%;36.08%
18/06/2024;9.76%;9.53%;9.24%;8.86%;8.57%;8.32%;7.98%;7.93%;8.00%;8.12%;8.62%;9.05%;9.56%;10.17%;10.82%;11.59%;13.05%;15.60%;19.08%;26.79%;34.89%
19/06/2024;9.76%;9.49%;9.21%;8.83%;8.56%;8.35%;7.99%;7.91%;8.01%;8.33%;8.72%;9.15%;9.68%;10.29%;10.95%;11.86%;13.37%;16.00%;19.62%;27.66%;36.14%
20/06/2024;9.76%;9.50%;9.21%;8.85%;8.57%;8.38%;8.05%;7.95%;8.09%;8.36%;8.70%;9.21%;9.73%;10.32%;10.98%;11.75%;13.28%;15.89%;19.49%;27.44%;35.85%
21/06/2024;9.76%;9.49%;9.21%;8.83%;8.55%;8.32%;8.02%;7.98%;8.02%;8.24%;8.67%;9.16%;9.70%;10.29%;10.92%;11.70%;13.19%;15.79%;19.35%;27.20%;35.49%
24/06/2024;9.76%;9.45%;9.20%;8.84%;8.51%;8.30%;7.97%;7.94%;8.02%;8.21%;8.61%;9.01%;9.52%;10.09%;10.73%;11.49%;12.95%;15.48%;18.92%;26.53%;34.51%
25/06/2024;9.76%;9.44%;9.19%;8.82%;8.54%;8.29%;8.05%;7.98%;8.03%;8.28%;8.68%;9.20%;9.64%;10.20%;10.85%;11.68%;13.11%;15.68%;19.21%;27.00%;35.21%
26/06/2024;9.76%;9.43%;9.16%;8.80%;8.51%;8.27%;8.01%;8.00%;8.08%;8.29%;8.71%;9.26%;9.79%;10.36%;11.02%;11.78%;13.29%;15.91%;19.52%;27.50%;35.95%
27/06/2024;9.76%;9.41%;9.17%;8.79%;8.50%;8.25%;7.98%;7.96%;8.03%;8.31%;8.74%;9.20%;9.72%;10.33%;10.97%;11.68%;13.26%;15.88%;19.46%;27.38%;35.75%
28/06/2024;9.76%;9.36%;9.13%;8.73%;8.44%;8.22%;8.00%;7.95%;8.05%;8.38%;8.70%;9.20%;9.72%;10.33%;10.99%;11.78%;13.29%;15.91%;19.51%;27.47%;35.87%
01/07/2024;9.76%;9.36%;9.13%;8.73%;8.44%;8.22%;8.00%;7.95%;8.05%;8.38%;8.70%;9.20%;9.72%;10.33%;10.99%;11.78%;13.29%;15.91%;19.51%;27.47%;35.87%
02/07/2024;9.32%;9.28%;9.10%;8.72%;8.39%;8.18%;7.96%;7.96%;8.07%;8.40%;8.77%;9.25%;9.78%;10.40%;11.07%;11.83%;13.40%;16.04%;19.70%;27.79%;36.35%
03/07/2024;9.31%;9.25%;9.06%;8.69%;8.35%;8.14%;7.91%;7.90%;8.01%;8.32%;8.74%;9.21%;9.76%;10.35%;10.98%;11.76%;13.32%;15.94%;19.55%;27.54%;35.99%
04/07/2024;9.32%;9.24%;9.09%;8.73%;8.35%;8.16%;7.90%;7.96%;8.02%;8.30%;8.73%;9.20%;9.74%;10.36%;10.99%;11.78%;13.33%;15.95%;19.57%;27.56%;36.01%
05/07/2024;9.32%;9.24%;9.10%;8.76%;8.38%;8.16%;7.97%;7.97%;8.09%;8.38%;8.83%;9.28%;9.83%;10.45%;11.12%;11.96%;13.50%;16.18%;19.88%;28.06%;36.74%
08/07/2024;9.32%;9.20%;9.05%;8.68%;8.35%;8.10%;7.93%;7.91%;8.02%;8.37%;8.75%;9.16%;9.72%;10.35%;10.95%;11.73%;13.23%;15.83%;19.41%;27.33%;35.67%
09/07/2024;9.32%;9.20%;9.05%;8.65%;8.36%;8.14%;7.93%;7.95%;8.12%;8.40%;8.86%;9.38%;9.94%;10.60%;11.25%;12.10%;13.72%;16.45%;20.25%;28.68%;37.64%
10/07/2024;9.32%;9.19%;9.05%;8.64%;8.33%;8.12%;7.91%;7.93%;8.08%;8.36%;8.80%;9.30%;9.88%;10.52%;11.17%;12.04%;13.56%;16.24%;19.97%;28.22%;36.98%
11/07/2024;9.32%;9.15%;9.01%;8.63%;8.34%;8.08%;7.87%;7.84%;7.98%;8.31%;8.72%;9.26%;9.82%;10.47%;11.10%;11.91%;13.40%;16.04%;19.69%;27.76%;36.30%
12/07/2024;9.32%;9.19%;9.02%;8.64%;8.33%;8.05%;7.77%;7.66%;7.85%;8.11%;8.43%;9.00%;9.51%;10.14%;10.78%;11.56%;13.06%;15.57%;19.02%;26.66%;34.69%
15/07/2024;9.32%;9.10%;9.01%;8.56%;8.21%;7.93%;7.68%;7.57%;7.62%;7.92%;8.27%;8.79%;9.32%;9.92%;10.54%;11.31%;12.77%;15.28%;18.60%;25.97%;33.67%
16/07/2024;9.32%;9.11%;8.98%;8.57%;8.18%;7.89%;7.58%;7.49%;7.57%;7.80%;8.16%;8.66%;9.18%;9.77%;10.37%;11.11%;12.55%;14.93%;18.14%;25.24%;32.64%
17/07/2024;9.33%;9.08%;8.95%;8.56%;8.21%;7.94%;7.59%;7.52%;7.58%;7.81%;8.16%;8.65%;9.21%;9.74%;10.37%;11.11%;12.55%;14.93%;18.13%;25.23%;32.63%
18/07/2024;9.33%;9.08%;8.95%;8.56%;8.23%;8.01%;7.70%;7.63%;7.74%;8.05%;8.39%;8.91%;9.45%;10.08%;10.74%;11.44%;13.00%;15.57%;19.01%;26.63%;34.62%
19/07/2024;9.34%;9.05%;8.93%;8.55%;8.25%;8.01%;7.72%;7.69%;7.79%;8.10%;8.47%;8.98%;9.51%;10.16%;10.81%;11.58%;13.17%;15.79%;19.30%;27.09%;35.29%
22/07/2024;9.34%;9.03%;8.90%;8.53%;8.21%;7.95%;7.68%;7.65%;7.78%;8.10%;8.48%;8.98%;9.53%;10.15%;10.82%;11.65%;13.17%;15.73%;19.23%;27.00%;35.16%
23/07/2024;9.33%;9.01%;8.90%;8.51%;8.17%;7.91%;7.65%;7.64%;7.72%;8.07%;8.44%;8.94%;9.60%;10.21%;10.91%;11.75%;13.20%;15.83%;19.36%;27.19%;35.45%
24/07/2024;9.33%;9.01%;8.90%;8.52%;8.17%;7.88%;7.62%;7.57%;7.73%;8.09%;8.48%;8.99%;9.59%;10.23%;10.96%;11.83%;13.26%;15.91%;19.46%;27.36%;35.69%
25/07/2024;9.33%;8.97%;8.88%;8.48%;8.10%;7.85%;7.58%;7.53%;7.69%;8.04%;8.46%;8.95%;9.54%;10.26%;10.99%;11.89%;13.37%;16.04%;19.63%;27.61%;36.03%
26/07/2024;9.32%;8.94%;8.85%;8.45%;8.09%;7.84%;7.57%;7.54%;7.67%;8.12%;8.53%;9.08%;9.70%;10.38%;11.12%;11.91%;13.65%;16.32%;20.01%;28.24%;36.93%
29/07/2024;9.32%;8.94%;8.84%;8.46%;8.13%;7.85%;7.60%;7.55%;7.76%;8.12%;8.66%;9.15%;9.76%;10.47%;11.25%;12.09%;13.77%;16.55%;20.33%;28.75%;37.69%
30/07/2024;9.32%;8.92%;8.81%;8.41%;8.06%;7.80%;7.52%;7.47%;7.70%;7.94%;8.43%;8.96%;9.59%;10.23%;11.02%;11.89%;13.46%;16.08%;19.68%;27.71%;36.17%
31/07/2024;9.31%;8.93%;8.81%;8.43%;8.04%;7.74%;7.46%;7.35%;7.56%;7.80%;8.27%;8.78%;9.35%;10.02%;10.74%;11.47%;13.10%;15.61%;19.03%;26.64%;34.62%
01/08/2024;8.87%;8.91%;8.77%;8.38%;7.99%;7.69%;7.34%;7.22%;7.33%;7.58%;7.94%;8.51%;9.05%;9.62%;10.32%;11.07%;12.54%;14.90%;18.20%;25.28%;32.63%
02/08/2024;8.87%;8.90%;8.75%;8.32%;7.88%;7.52%;7.12%;6.99%;7.04%;7.34%;7.69%;8.10%;8.65%;9.26%;9.93%;10.70%;12.06%;14.39%;17.47%;24.09%;30.91%
05/08/2024;8.88%;8.88%;8.73%;8.30%;7.86%;7.50%;7.05%;6.84%;6.97%;7.27%;7.63%;8.09%;8.70%;9.31%;9.98%;10.64%;11.99%;14.30%;17.35%;23.93%;30.68%
06/08/2024;8.88%;8.88%;8.73%;8.31%;7.91%;7.54%;7.10%;7.01%;7.09%;7.36%;7.83%;8.18%;8.80%;9.37%;10.06%;10.82%;12.24%;14.52%;17.66%;24.42%;31.39%
07/08/2024;8.88%;8.88%;8.73%;8.31%;7.91%;7.54%;7.10%;7.01%;7.09%;7.36%;7.83%;8.18%;8.80%;9.37%;10.06%;10.82%;12.24%;14.52%;17.66%;24.42%;31.39%
08/08/2024;8.88%;8.91%;8.71%;8.31%;7.89%;7.50%;7.06%;6.95%;7.04%;7.36%;7.75%;8.23%;8.92%;9.45%;10.16%;10.96%;12.39%;14.75%;17.90%;24.79%;31.91%
09/08/2024;8.88%;8.91%;8.67%;8.19%;7.78%;7.37%;6.90%;6.75%;6.82%;7.17%;7.53%;8.08%;8.69%;9.24%;9.88%;10.65%;11.98%;14.22%;17.19%;23.66%;30.30%
12/08/2024;8.87%;8.90%;8.64%;8.16%;7.71%;7.32%;6.85%;6.64%;6.72%;7.04%;7.37%;7.91%;8.51%;9.04%;9.66%;10.47%;11.77%;13.95%;16.81%;23.07%;29.44%
13/08/2024;8.87%;8.91%;8.63%;8.09%;7.68%;7.27%;6.79%;6.58%;6.58%;6.86%;7.24%;7.68%;8.22%;8.88%;9.63%;10.24%;11.57%;13.74%;16.96%;23.23%;29.60%
14/08/2024;8.88%;8.90%;8.60%;8.10%;7.66%;7.25%;6.79%;6.59%;6.60%;6.85%;7.19%;7.69%;8.12%;8.73%;9.56%;10.25%;11.37%;13.49%;16.63%;22.73%;28.91%
15/08/2024;8.88%;8.93%;8.64%;8.15%;7.69%;7.23%;6.82%;6.72%;6.71%;6.96%;7.40%;7.91%;8.35%;9.09%;9.69%;10.31%;11.44%;13.60%;16.80%;23.01%;29.32%
16/08/2024;8.88%;8.92%;8.63%;8.16%;7.69%;7.29%;6.89%;6.73%;6.79%;7.05%;7.44%;7.93%;8.48%;9.10%;9.80%;10.66%;11.98%;14.27%;17.69%;24.38%;31.21%
19/08/2024;8.88%;8.92%;8.63%;8.16%;7.69%;7.29%;6.89%;6.73%;6.79%;7.05%;7.44%;7.93%;8.48%;9.10%;9.80%;10.66%;11.98%;14.27%;17.69%;24.38%;31.21%
20/08/2024;8.88%;8.90%;8.58%;8.08%;7.63%;7.25%;6.81%;6.71%;6.72%;7.02%;7.39%;7.89%;8.44%;9.06%;9.75%;10.56%;11.89%;14.15%;17.53%;24.12%;30.87%
21/08/2024;8.88%;8.90%;8.60%;8.11%;7.67%;7.29%;6.87%;6.77%;6.83%;7.06%;7.48%;7.93%;8.45%;9.08%;9.78%;10.61%;11.93%;14.20%;17.61%;24.25%;31.05%
22/08/2024;8.88%;8.92%;8.59%;8.12%;7.71%;7.32%;6.90%;6.88%;6.94%;7.17%;7.52%;8.04%;8.63%;9.23%;9.92%;10.68%;12.13%;14.46%;17.96%;24.80%;31.83%
23/08/2024;8.88%;8.92%;8.57%;8.11%;7.65%;7.27%;6.85%;6.76%;6.83%;7.10%;7.47%;7.97%;8.53%;9.13%;9.81%;10.52%;11.97%;14.26%;17.68%;24.35%;31.19%
26/08/2024;8.88%;8.91%;8.53%;8.07%;7.66%;7.25%;6.83%;6.76%;6.80%;7.09%;7.44%;7.93%;8.47%;9.08%;9.73%;10.48%;11.87%;14.14%;17.51%;24.10%;30.83%
27/08/2024;8.87%;8.89%;8.51%;8.06%;7.62%;7.23%;6.84%;6.70%;6.77%;7.05%;7.42%;7.90%;8.46%;9.07%;9.72%;10.36%;11.91%;14.28%;17.69%;24.36%;31.18%
28/08/2024;8.88%;8.90%;8.50%;8.05%;7.63%;7.25%;6.82%;6.72%;6.75%;7.06%;7.39%;7.92%;8.42%;9.03%;9.67%;10.47%;11.75%;13.97%;17.29%;23.77%;30.37%
29/08/2024;8.87%;8.91%;8.48%;8.07%;7.65%;7.30%;6.88%;6.81%;6.83%;7.16%;7.54%;8.02%;8.60%;9.23%;9.89%;10.66%;12.07%;14.39%;17.86%;24.65%;31.61%
30/08/2024;8.87%;8.88%;8.50%;8.08%;7.67%;7.36%;6.99%;6.91%;6.98%;7.22%;7.67%;8.10%;8.73%;9.33%;9.90%;10.84%;12.24%;14.58%;18.14%;25.09%;32.24%
02/09/2024;8.87%;8.85%;8.46%;8.07%;7.67%;7.33%;6.91%;6.88%;6.95%;7.31%;7.70%;8.12%;8.75%;9.41%;10.06%;10.92%;12.33%;14.73%;18.34%;25.41%;32.70%
03/09/2024;8.87%;8.82%;8.47%;8.08%;7.72%;7.40%;7.03%;7.01%;7.06%;7.31%;7.63%;8.21%;8.81%;9.48%;10.14%;10.93%;12.45%;14.87%;18.55%;25.74%;33.17%
04/09/2024;8.87%;8.80%;8.44%;8.06%;7.74%;7.36%;7.11%;7.02%;7.15%;7.39%;7.73%;8.30%;8.92%;9.60%;10.29%;10.99%;12.67%;15.14%;18.92%;26.33%;34.01%
05/09/2024;8.87%;8.79%;8.41%;8.04%;7.70%;7.36%;7.00%;6.94%;7.07%;7.31%;7.64%;8.17%;8.71%;9.48%;10.16%;10.96%;12.48%;14.90%;18.58%;25.78%;33.22%
06/09/2024;8.87%;8.76%;8.36%;7.97%;7.57%;7.22%;6.79%;6.69%;6.73%;7.11%;7.35%;7.83%;8.36%;9.11%;9.72%;10.49%;11.92%;14.19%;17.57%;24.17%;30.92%
09/09/2024;8.87%;8.72%;8.30%;7.85%;7.39%;6.95%;6.60%;6.43%;6.51%;6.79%;7.14%;7.60%;8.11%;8.83%;9.41%;10.10%;11.46%;13.59%;16.73%;22.87%;29.08%
10/09/2024;8.87%;8.70%;8.31%;7.85%;7.41%;6.98%;6.56%;6.38%;6.47%;6.78%;7.08%;7.59%;8.09%;8.77%;9.39%;10.04%;11.54%;13.69%;16.85%;23.05%;29.32%
11/09/2024;8.87%;8.68%;8.32%;7.82%;7.38%;6.95%;6.51%;6.36%;6.47%;6.73%;7.08%;7.56%;8.04%;8.71%;9.33%;9.97%;11.43%;13.54%;16.65%;22.73%;28.88%
12/09/2024;8.87%;8.68%;8.34%;7.85%;7.40%;7.03%;6.62%;6.48%;6.55%;6.78%;7.21%;7.64%;8.09%;8.69%;9.30%;10.15%;11.26%;13.40%;16.49%;22.50%;28.57%
13/09/2024;8.87%;8.65%;8.30%;7.81%;7.39%;6.99%;6.56%;6.43%;6.46%;6.75%;7.12%;7.64%;8.10%;8.68%;9.29%;9.90%;11.35%;13.45%;16.54%;22.56%;28.64%
16/09/2024;8.87%;8.63%;8.27%;7.76%;7.33%;6.96%;6.53%;6.39%;6.39%;6.72%;7.05%;7.50%;8.02%;8.61%;9.21%;9.91%;11.20%;13.26%;16.20%;22.05%;27.94%
17/09/2024;8.87%;8.62%;8.24%;7.81%;7.37%;6.97%;6.55%;6.35%;6.44%;6.74%;7.03%;7.52%;8.09%;8.69%;9.30%;9.87%;11.14%;13.19%;16.11%;21.93%;27.80%
18/09/2024;8.88%;8.64%;8.26%;7.83%;7.39%;6.99%;6.57%;6.35%;6.45%;6.75%;7.09%;7.55%;8.04%;8.57%;9.17%;9.88%;11.15%;13.21%;16.13%;21.95%;27.82%
19/09/2024;8.88%;8.57%;8.24%;7.81%;7.37%;6.99%;6.58%;6.44%;6.54%;6.85%;7.18%;7.56%;8.20%;8.68%;9.27%;10.03%;11.32%;13.42%;16.42%;22.41%;28.45%
20/09/2024;8.88%;8.57%;8.23%;7.79%;7.39%;7.03%;6.60%;6.49%;6.56%;6.85%;7.27%;7.72%;8.25%;8.85%;9.46%;10.06%;11.36%;13.48%;16.52%;22.55%;28.67%
23/09/2024;8.88%;8.50%;8.19%;7.79%;7.35%;6.94%;6.57%;6.50%;6.58%;6.93%;7.32%;7.77%;8.33%;8.94%;9.55%;10.12%;11.44%;13.58%;16.66%;22.79%;29.00%
24/09/2024;8.88%;8.47%;8.17%;7.72%;7.32%;6.96%;6.60%;6.49%;6.61%;6.93%;7.29%;7.75%;8.33%;8.90%;9.52%;10.16%;11.48%;13.63%;16.72%;22.88%;29.13%
;;;;;;;;;;;;;;;;;;;;;
;;;;;;;;;;;;;;;;;;;;;
;;;;;;;;;;;;;;;;;;;;;
;;;;;;;;;;;;;;;;;;;;;
;;;;;;;;;;;;;;;;;;;;;
;;;;;;;;;;;;;;;;;;;;;
;;;;;;;;;;;;;;;;;;;;;
;;;;;;;;;;;;;;;;;;;;;
;;;;;;;;;;;;;;;;;;;;;
;;;;;;;;;;;;;;;;;;;;;
;;;;;;;;;;;;;;;;;;;;;
;;;;;;;;;;;;;;;;;;;;;
;;;;;;;;;;;;;;;;;;;;;
;;;;;;;;;;;;;;;;;;;;;
;;;;;;;;;;;;;;;;;;;;;
;;;;;;;;;;;;;;;;;;;;;
;;;;;;;;;;;;;;;;;;;;;
;;;;;;;;;;;;;;;;;;;;;
;;;;;;;;;;;;;;;;;;;;;
;;;;;;;;;;;;;;;;;;;;;
;;;;;;;;;;;;;;;;;;;;;
;;;;;;;;;;;;;;;;;;;;;
;;;;;;;;;;;;;;;;;;;;;
;;;;;;;;;;;;;;;;;;;;;
;;;;;;;;;;;;;;;;;;;;;
;;;;;;;;;;;;;;;;;;;;;
;;;;;;;;;;;;;;;;;;;;;
;;;;;;;;;;;;;;;;;;;;;
;;;;;;;;;;;;;;;;;;;;;
;;;;;;;;;;;;;;;;;;;;;
;;;;;;;;;;;;;;;;;;;;;
;;;;;;;;;;;;;;;;;;;;;
;;;;;;;;;;;;;;;;;;;;;
;;;;;;;;;;;;;;;;;;;;;
;;;;;;;;;;;;;;;;;;;;;
;;;;;;;;;;;;;;;;;;;;;
;;;;;;;;;;;;;;;;;;;;;
;;;;;;;;;;;;;;;;;;;;;
;;;;;;;;;;;;;;;;;;;;;
;;;;;;;;;;;;;;;;;;;;;
;;;;;;;;;;;;;;;;;;;;;
;;;;;;;;;;;;;;;;;;;;;
;;;;;;;;;;;;;;;;;;;;;
;;;;;;;;;;;;;;;;;;;;;
;;;;;;;;;;;;;;;;;;;;;
;;;;;;;;;;;;;;;;;;;;;
;;;;;;;;;;;;;;;;;;;;;
;;;;;;;;;;;;;;;;;;;;;
;;;;;;;;;;;;;;;;;;;;;
;;;;;;;;;;;;;;;;;;;;;
;;;;;;;;;;;;;;;;;;;;;
;;;;;;;;;;;;;;;;;;;;;
;;;;;;;;;;;;;;;;;;;;;
;;;;;;;;;;;;;;;;;;;;;
;;;;;;;;;;;;;;;;;;;;;
;;;;;;;;;;;;;;;;;;;;;
;;;;;;;;;;;;;;;;;;;;;
;;;;;;;;;;;;;;;;;;;;;
;;;;;;;;;;;;;;;;;;;;;
;;;;;;;;;;;;;;;;;;;;;
;;;;;;;;;;;;;;;;;;;;;
;;;;;;;;;;;;;;;;;;;;;
;;;;;;;;;;;;;;;;;;;;;
;;;;;;;;;;;;;;;;;;;;;
;;;;;;;;;;;;;;;;;;;;;
;;;;;;;;;;;;;;;;;;;;;
;;;;;;;;;;;;;;;;;;;;;
;;;;;;;;;;;;;;;;;;;;;
;;;;;;;;;;;;;;;;;;;;;
;;;;;;;;;;;;;;;;;;;;;
;;;;;;;;;;;;;;;;;;;;;
;;;;;;;;;;;;;;;;;;;;;
;;;;;;;;;;;;;;;;;;;;;
;;;;;;;;;;;;;;;;;;;;;
;;;;;;;;;;;;;;;;;;;;;
;;;;;;;;;;;;;;;;;;;;;
;;;;;;;;;;;;;;;;;;;;;
;;;;;;;;;;;;;;;;;;;;;
;;;;;;;;;;;;;;;;;;;;;
;;;;;;;;;;;;;;;;;;;;;
;;;;;;;;;;;;;;;;;;;;;
;;;;;;;;;;;;;;;;;;;;;
;;;;;;;;;;;;;;;;;;;;;
;;;;;;;;;;;;;;;;;;;;;
;;;;;;;;;;;;;;;;;;;;;
;;;;;;;;;;;;;;;;;;;;;
;;;;;;;;;;;;;;;;;;;;;
;;;;;;;;;;;;;;;;;;;;;
;;;;;;;;;;;;;;;;;;;;;
;;;;;;;;;;;;;;;;;;;;;
;;;;;;;;;;;;;;;;;;;;;
;;;;;;;;;;;;;;;;;;;;;
;;;;;;;;;;;;;;;;;;;;;
;;;;;;;;;;;;;;;;;;;;;
;;;;;;;;;;;;;;;;;;;;;
;;;;;;;;;;;;;;;;;;;;;
;;;;;;;;;;;;;;;;;;;;;
;;;;;;;;;;;;;;;;;;;;;
;;;;;;;;;;;;;;;;;;;;;
;;;;;;;;;;;;;;;;;;;;;
;;;;;;;;;;;;;;;;;;;;;
;;;;;;;;;;;;;;;;;;;;;
;;;;;;;;;;;;;;;;;;;;;
;;;;;;;;;;;;;;;;;;;;;
;;;;;;;;;;;;;;;;;;;;;
;;;;;;;;;;;;;;;;;;;;;
;;;;;;;;;;;;;;;;;;;;;
;;;;;;;;;;;;;;;;;;;;;
;;;;;;;;;;;;;;;;;;;;;
;;;;;;;;;;;;;;;;;;;;;
;;;;;;;;;;;;;;;;;;;;;
;;;;;;;;;;;;;;;;;;;;;
;;;;;;;;;;;;;;;;;;;;;
;;;;;;;;;;;;;;;;;;;;;
;;;;;;;;;;;;;;;;;;;;;
;;;;;;;;;;;;;;;;;;;;;
;;;;;;;;;;;;;;;;;;;;;
;;;;;;;;;;;;;;;;;;;;;
;;;;;;;;;;;;;;;;;;;;;
;;;;;;;;;;;;;;;;;;;;;
;;;;;;;;;;;;;;;;;;;;;
;;;;;;;;;;;;;;;;;;;;;
;;;;;;;;;;;;;;;;;;;;;
;;;;;;;;;;;;;;;;;;;;;
;;;;;;;;;;;;;;;;;;;;;
;;;;;;;;;;;;;;;;;;;;;
;;;;;;;;;;;;;;;;;;;;;
;;;;;;;;;;;;;;;;;;;;;
;;;;;;;;;;;;;;;;;;;;;
;;;;;;;;;;;;;;;;;;;;;
;;;;;;;;;;;;;;;;;;;;;
;;;;;;;;;;;;;;;;;;;;;
;;;;;;;;;;;;;;;;;;;;;
;;;;;;;;;;;;;;;;;;;;;
;;;;;;;;;;;;;;;;;;;;;
;;;;;;;;;;;;;;;;;;;;;
;;;;;;;;;;;;;;;;;;;;;
;;;;;;;;;;;;;;;;;;;;;
;;;;;;;;;;;;;;;;;;;;;
;;;;;;;;;;;;;;;;;;;;;
;;;;;;;;;;;;;;;;;;;;;
;;;;;;;;;;;;;;;;;;;;;
;;;;;;;;;;;;;;;;;;;;;
;;;;;;;;;;;;;;;;;;;;;
;;;;;;;;;;;;;;;;;;;;;
;;;;;;;;;;;;;;;;;;;;;
;;;;;;;;;;;;;;;;;;;;;
;;;;;;;;;;;;;;;;;;;;;
;;;;;;;;;;;;;;;;;;;;;
;;;;;;;;;;;;;;;;;;;;;
;;;;;;;;;;;;;;;;;;;;;
;;;;;;;;;;;;;;;;;;;;;
;;;;;;;;;;;;;;;;;;;;;
;;;;;;;;;;;;;;;;;;;;;
;;;;;;;;;;;;;;;;;;;;;
;;;;;;;;;;;;;;;;;;;;;
;;;;;;;;;;;;;;;;;;;;;
;;;;;;;;;;;;;;;;;;;;;
;;;;;;;;;;;;;;;;;;;;;
;;;;;;;;;;;;;;;;;;;;;
;;;;;;;;;;;;;;;;;;;;;
;;;;;;;;;;;;;;;;;;;;;
;;;;;;;;;;;;;;;;;;;;;
;;;;;;;;;;;;;;;;;;;;;
;;;;;;;;;;;;;;;;;;;;;
;;;;;;;;;;;;;;;;;;;;;
;;;;;;;;;;;;;;;;;;;;;
;;;;;;;;;;;;;;;;;;;;;
;;;;;;;;;;;;;;;;;;;;;
;;;;;;;;;;;;;;;;;;;;;
;;;;;;;;;;;;;;;;;;;;;
;;;;;;;;;;;;;;;;;;;;;
;;;;;;;;;;;;;;;;;;;;;
;;;;;;;;;;;;;;;;;;;;;
;;;;;;;;;;;;;;;;;;;;;
;;;;;;;;;;;;;;;;;;;;;
;;;;;;;;;;;;;;;;;;;;;
;;;;;;;;;;;;;;;;;;;;;
;;;;;;;;;;;;;;;;;;;;;
;;;;;;;;;;;;;;;;;;;;;
;;;;;;;;;;;;;;;;;;;;;
;;;;;;;;;;;;;;;;;;;;;
;;;;;;;;;;;;;;;;;;;;;
;;;;;;;;;;;;;;;;;;;;;
;;;;;;;;;;;;;;;;;;;;;
;;;;;;;;;;;;;;;;;;;;;
;;;;;;;;;;;;;;;;;;;;;
;;;;;;;;;;;;;;;;;;;;;
;;;;;;;;;;;;;;;;;;;;;
;;;;;;;;;;;;;;;;;;;;;
;;;;;;;;;;;;;;;;;;;;;
;;;;;;;;;;;;;;;;;;;;;
;;;;;;;;;;;;;;;;;;;;;
;;;;;;;;;;;;;;;;;;;;;
;;;;;;;;;;;;;;;;;;;;;
;;;;;;;;;;;;;;;;;;;;;
;;;;;;;;;;;;;;;;;;;;;
;;;;;;;;;;;;;;;;;;;;;
;;;;;;;;;;;;;;;;;;;;;
;;;;;;;;;;;;;;;;;;;;;
;;;;;;;;;;;;;;;;;;;;;
;;;;;;;;;;;;;;;;;;;;;
;;;;;;;;;;;;;;;;;;;;;
;;;;;;;;;;;;;;;;;;;;;
;;;;;;;;;;;;;;;;;;;;;
;;;;;;;;;;;;;;;;;;;;;
;;;;;;;;;;;;;;;;;;;;;
;;;;;;;;;;;;;;;;;;;;;
;;;;;;;;;;;;;;;;;;;;;
;;;;;;;;;;;;;;;;;;;;;
;;;;;;;;;;;;;;;;;;;;;
;;;;;;;;;;;;;;;;;;;;;
;;;;;;;;;;;;;;;;;;;;;
;;;;;;;;;;;;;;;;;;;;;
;;;;;;;;;;;;;;;;;;;;;
;;;;;;;;;;;;;;;;;;;;;
;;;;;;;;;;;;;;;;;;;;;
;;;;;;;;;;;;;;;;;;;;;
;;;;;;;;;;;;;;;;;;;;;
;;;;;;;;;;;;;;;;;;;;;
;;;;;;;;;;;;;;;;;;;;;
;;;;;;;;;;;;;;;;;;;;;
;;;;;;;;;;;;;;;;;;;;;
;;;;;;;;;;;;;;;;;;;;;
;;;;;;;;;;;;;;;;;;;;;
;;;;;;;;;;;;;;;;;;;;;
;;;;;;;;;;;;;;;;;;;;;
;;;;;;;;;;;;;;;;;;;;;
;;;;;;;;;;;;;;;;;;;;;
;;;;;;;;;;;;;;;;;;;;;
;;;;;;;;;;;;;;;;;;;;;
;;;;;;;;;;;;;;;;;;;;;
;;;;;;;;;;;;;;;;;;;;;
;;;;;;;;;;;;;;;;;;;;;
;;;;;;;;;;;;;;;;;;;;;
;;;;;;;;;;;;;;;;;;;;;
;;;;;;;;;;;;;;;;;;;;;
;;;;;;;;;;;;;;;;;;;;;
;;;;;;;;;;;;;;;;;;;;;
;;;;;;;;;;;;;;;;;;;;;
;;;;;;;;;;;;;;;;;;;;;
;;;;;;;;;;;;;;;;;;;;;
;;;;;;;;;;;;;;;;;;;;;
;;;;;;;;;;;;;;;;;;;;;
;;;;;;;;;;;;;;;;;;;;;
;;;;;;;;;;;;;;;;;;;;;
;;;;;;;;;;;;;;;;;;;;;
;;;;;;;;;;;;;;;;;;;;;
;;;;;;;;;;;;;;;;;;;;;
;;;;;;;;;;;;;;;;;;;;;
;;;;;;;;;;;;;;;;;;;;;
;;;;;;;;;;;;;;;;;;;;;
;;;;;;;;;;;;;;;;;;;;;
;;;;;;;;;;;;;;;;;;;;;
;;;;;;;;;;;;;;;;;;;;;
;;;;;;;;;;;;;;;;;;;;;
;;;;;;;;;;;;;;;;;;;;;
;;;;;;;;;;;;;;;;;;;;;
;;;;;;;;;;;;;;;;;;;;;
;;;;;;;;;;;;;;;;;;;;;
;;;;;;;;;;;;;;;;;;;;;
;;;;;;;;;;;;;;;;;;;;;
;;;;;;;;;;;;;;;;;;;;;
;;;;;;;;;;;;;;;;;;;;;
;;;;;;;;;;;;;;;;;;;;;
;;;;;;;;;;;;;;;;;;;;;
;;;;;;;;;;;;;;;;;;;;;
;;;;;;;;;;;;;;;;;;;;;
;;;;;;;;;;;;;;;;;;;;;
;;;;;;;;;;;;;;;;;;;;;
;;;;;;;;;;;;;;;;;;;;;
;;;;;;;;;;;;;;;;;;;;;
;;;;;;;;;;;;;;;;;;;;;
;;;;;;;;;;;;;;;;;;;;;
;;;;;;;;;;;;;;;;;;;;;
;;;;;;;;;;;;;;;;;;;;;
;;;;;;;;;;;;;;;;;;;;;
;;;;;;;;;;;;;;;;;;;;;
;;;;;;;;;;;;;;;;;;;;;
;;;;;;;;;;;;;;;;;;;;;
;;;;;;;;;;;;;;;;;;;;;
;;;;;;;;;;;;;;;;;;;;;
;;;;;;;;;;;;;;;;;;;;;
;;;;;;;;;;;;;;;;;;;;;
;;;;;;;;;;;;;;;;;;;;;
;;;;;;;;;;;;;;;;;;;;;
;;;;;;;;;;;;;;;;;;;;;
;;;;;;;;;;;;;;;;;;;;;
;;;;;;;;;;;;;;;;;;;;;
;;;;;;;;;;;;;;;;;;;;;
;;;;;;;;;;;;;;;;;;;;;
;;;;;;;;;;;;;;;;;;;;;
;;;;;;;;;;;;;;;;;;;;;
;;;;;;;;;;;;;;;;;;;;;
;;;;;;;;;;;;;;;;;;;;;
;;;;;;;;;;;;;;;;;;;;;
;;;;;;;;;;;;;;;;;;;;;
;;;;;;;;;;;;;;;;;;;;;
;;;;;;;;;;;;;;;;;;;;;
;;;;;;;;;;;;;;;;;;;;;
;;;;;;;;;;;;;;;;;;;;;
;;;;;;;;;;;;;;;;;;;;;
;;;;;;;;;;;;;;;;;;;;;
;;;;;;;;;;;;;;;;;;;;;
;;;;;;;;;;;;;;;;;;;;;
;;;;;;;;;;;;;;;;;;;;;
;;;;;;;;;;;;;;;;;;;;;
;;;;;;;;;;;;;;;;;;;;;
;;;;;;;;;;;;;;;;;;;;;
;;;;;;;;;;;;;;;;;;;;;
;;;;;;;;;;;;;;;;;;;;;
;;;;;;;;;;;;;;;;;;;;;
;;;;;;;;;;;;;;;;;;;;;
;;;;;;;;;;;;;;;;;;;;;
;;;;;;;;;;;;;;;;;;;;;
;;;;;;;;;;;;;;;;;;;;;
;;;;;;;;;;;;;;;;;;;;;
;;;;;;;;;;;;;;;;;;;;;
;;;;;;;;;;;;;;;;;;;;;
;;;;;;;;;;;;;;;;;;;;;
;;;;;;;;;;;;;;;;;;;;;
;;;;;;;;;;;;;;;;;;;;;
;;;;;;;;;;;;;;;;;;;;;
;;;;;;;;;;;;;;;;;;;;;
;;;;;;;;;;;;;;;;;;;;;
;;;;;;;;;;;;;;;;;;;;;
;;;;;;;;;;;;;;;;;;;;;
;;;;;;;;;;;;;;;;;;;;;
;;;;;;;;;;;;;;;;;;;;;
